{"type":"FeatureCollection","features":[{"type":"Feature","properties":{"id":"RS-07","name":"Srem"},"geometry":{"type":"Polygon","coordinates":[[[19.424337,45.1673728],[19.4240443,45.1673022],[19.4230283,45.1674146],[19.4223248,45.1673317],[19.4216252,45.167326],[19.4212432,45.1672567],[19.420628,45.1669174],[19.420521,45.166736],[19.4198459,45.1664864],[19.4187923,45.1658275],[19.4186339,45.1657889],[19.4179184,45.1662634],[19.4163919,45.1665932],[19.4144668,45.1668674],[19.413399,45.1668346],[19.4126988,45.1668717],[19.4086028,45.1683011],[19.4056442,45.1688052],[19.4030392,45.1693964],[19.3970478,45.1704082],[19.3899784,45.1725702],[19.3867992,45.1728422],[19.3848923,45.1715201],[19.3819536,45.171333],[19.3776229,45.1714408],[19.3731762,45.1713354],[19.3725979,45.169954],[19.3718901,45.1701498],[19.3674055,45.1713621],[19.3664731,45.1719527],[19.3642008,45.1728447],[19.3596179,45.1765277],[19.3558862,45.1791747],[19.3530506,45.1806059],[19.3521929,45.1806553],[19.3515358,45.1804775],[19.3472123,45.176804],[19.3449124,45.1747061],[19.3435284,45.1741404],[19.342025,45.1740075],[19.3411757,45.1744101],[19.3403462,45.1751501],[19.3390595,45.1768687],[19.3365871,45.1800482],[19.3342015,45.1830088],[19.3328188,45.1847473],[19.3308014,45.1867569],[19.3243933,45.1936134],[19.3215967,45.1973358],[19.320359,45.1998302],[19.319963,45.2008768],[19.3200042,45.2017237],[19.3205323,45.2047489],[19.320458,45.2058128],[19.3200125,45.2067895],[19.3188632,45.2076293],[19.3155072,45.2077312],[19.3122149,45.2076789],[19.3089473,45.207208],[19.3058282,45.2067486],[19.303319,45.2063633],[19.3006584,45.2061659],[19.2955123,45.206018],[19.2905061,45.205944],[19.2877055,45.2058946],[19.2856397,45.20615],[19.2847641,45.206797],[19.2841339,45.2076356],[19.2835038,45.2090291],[19.2814558,45.2091401],[19.2803006,45.2091031],[19.2799808,45.2087326],[19.2806332,45.2036398],[19.2809307,45.2025051],[19.2824186,45.2011731],[19.2855492,45.1985592],[19.2877133,45.1961865],[19.287946,45.1949244],[19.2875293,45.1938372],[19.2865463,45.193765],[19.2854447,45.1939395],[19.2836624,45.1941227],[19.2819544,45.1945064],[19.2812563,45.1946213],[19.2804003,45.1946331],[19.2797955,45.1940954],[19.2798961,45.1936185],[19.2801391,45.1932171],[19.2808764,45.1924281],[19.2816622,45.1915782],[19.2869508,45.1851522],[19.2920971,45.1787199],[19.2937926,45.1755954],[19.2950726,45.172968],[19.2950455,45.1724578],[19.2944529,45.1721482],[19.2936345,45.1723182],[19.2930899,45.1727894],[19.2926196,45.1732693],[19.29189,45.1733978],[19.2913687,45.1733614],[19.2909816,45.1732749],[19.2904157,45.1727114],[19.2897388,45.172263],[19.2883313,45.1716051],[19.2866141,45.1710894],[19.2854474,45.1710729],[19.2842344,45.171099],[19.2819942,45.1713433],[19.2795559,45.1715353],[19.2784172,45.17164],[19.2766125,45.1720804],[19.2751001,45.1729052],[19.2738252,45.1738214],[19.2724142,45.1749819],[19.2707978,45.1757042],[19.2666341,45.1755316],[19.2653098,45.1754443],[19.262758,45.1749347],[19.2622719,45.1748851],[19.2607357,45.1755813],[19.2581587,45.1768046],[19.2565069,45.1770228],[19.2555068,45.176965],[19.2533714,45.1774462],[19.2506665,45.1782014],[19.2469728,45.1793218],[19.2463004,45.1794949],[19.2455478,45.1795442],[19.2440249,45.1795813],[19.2410667,45.1794332],[19.2382486,45.1792111],[19.2367433,45.179063],[19.235395,45.1790505],[19.2285602,45.1842191],[19.2267531,45.1850664],[19.2148381,45.1878224],[19.2066284,45.1919595],[19.1896781,45.2009382],[19.1854425,45.2018637],[19.1789488,45.200124],[19.1762166,45.202511],[19.1706307,45.1997459],[19.1660173,45.1897092],[19.1843305,45.1843403],[19.1945386,45.1789152],[19.187238,45.1659973],[19.1741697,45.1553492],[19.1739585,45.1552053],[19.1648383,45.1476972],[19.1643926,45.1473561],[19.1643277,45.1473475],[19.1532157,45.1385787],[19.1420508,45.1299249],[19.1412488,45.1302026],[19.1199837,45.1337331],[19.1143425,45.1377067],[19.0865622,45.1454179],[19.0875471,45.1383634],[19.0858392,45.1373224],[19.084136,45.1358139],[19.0823378,45.1346925],[19.081228,45.1343286],[19.0810248,45.1338545],[19.080931,45.1334465],[19.0813999,45.132862],[19.081353,45.1319688],[19.0805558,45.1311527],[19.077897,45.1272764],[19.0768002,45.1137373],[19.0808674,45.1126216],[19.0834264,45.1118141],[19.0842826,45.1113995],[19.0823703,45.1101085],[19.0824612,45.1095756],[19.0837371,45.107369],[19.0853016,45.1071548],[19.0860675,45.1066885],[19.0864314,45.1064723],[19.0869914,45.106479],[19.0877858,45.1068829],[19.0886334,45.1055938],[19.0896483,45.1043842],[19.0911897,45.1034178],[19.0935067,45.1015527],[19.0927982,45.1005119],[19.0931524,45.0993968],[19.0941194,45.0985588],[19.0944833,45.0980452],[19.0944444,45.0975168],[19.0938094,45.0959946],[19.0916436,45.0928694],[19.0927827,45.0906507],[19.0944342,45.0889093],[19.096239,45.0876562],[19.0969092,45.0868248],[19.0989636,45.0847509],[19.099877,45.0831925],[19.1003128,45.0827072],[19.1010404,45.0825348],[19.10187,45.0824907],[19.1047744,45.08123],[19.104897,45.0800661],[19.1052812,45.0796079],[19.1058576,45.0791612],[19.1042715,45.0753406],[19.102209,45.0711251],[19.0973051,45.0630673],[19.0952302,45.0585443],[19.0975293,45.0582229],[19.0988882,45.0575287],[19.0999498,45.0565002],[19.1014113,45.055864],[19.10135,45.0539031],[19.1043326,45.0532994],[19.1039759,45.0521644],[19.1058933,45.0515323],[19.1052347,45.0496477],[19.1041716,45.0484067],[19.1035404,45.0477642],[19.1034415,45.0476364],[19.101658,45.0464733],[19.1020881,45.044843],[19.1010968,45.043242],[19.1002425,45.042218],[19.0968447,45.0397255],[19.0955341,45.0387544],[19.0944518,45.037968],[19.0941612,45.0374451],[19.0948334,45.0356133],[19.0956305,45.0335486],[19.0987639,45.0328595],[19.0979967,45.0300273],[19.0990544,45.0283834],[19.0987472,45.0273095],[19.0978961,45.0272403],[19.0972527,45.0254182],[19.0973578,45.0224982],[19.0982007,45.0216071],[19.0993417,45.0171863],[19.0995476,45.0164343],[19.099533,45.0148629],[19.1027174,45.0106953],[19.0967184,45.005279],[19.0953442,45.0001507],[19.0944785,44.9995585],[19.0943158,44.9988559],[19.0942125,44.9984361],[19.0940165,44.9980387],[19.0929245,44.9972043],[19.0925325,44.9968169],[19.0920844,44.9962606],[19.0913704,44.9954759],[19.0907824,44.9952375],[19.0891024,44.9949096],[19.0872446,44.9943944],[19.0858291,44.9934864],[19.084972,44.9920543],[19.0846924,44.9915916],[19.0839852,44.9912865],[19.0829983,44.9905187],[19.0813463,44.9887801],[19.0808983,44.9884821],[19.0804363,44.9882337],[19.0798483,44.9882138],[19.0790978,44.9879601],[19.0778183,44.9875184],[19.0772723,44.987578],[19.0768523,44.9872402],[19.0762223,44.9869521],[19.0755614,44.9869108],[19.0745002,44.9867434],[19.0739542,44.9864851],[19.0734362,44.9861076],[19.0717422,44.9857896],[19.0703982,44.9853127],[19.0689576,44.9851258],[19.0670521,44.984349],[19.0624485,44.9828057],[19.0617157,44.9828449],[19.0609,44.9827272],[19.0577891,44.9812847],[19.056149,44.9808246],[19.0533618,44.9791374],[19.0520449,44.977891],[19.0519478,44.977328],[19.0521986,44.9769676],[19.0525116,44.9767627],[19.0533576,44.9765715],[19.0547791,44.9764805],[19.0559904,44.9760749],[19.0573983,44.9758129],[19.0597698,44.9752266],[19.060821,44.9749024],[19.0619911,44.9745427],[19.0625605,44.9741652],[19.0638745,44.9735567],[19.0649625,44.9732875],[19.0659519,44.9731658],[19.0671787,44.9732181],[19.068217,44.9732102],[19.0698814,44.9731347],[19.0712267,44.972886],[19.0719212,44.9725884],[19.073424,44.9716697],[19.0744241,44.9713759],[19.0752438,44.971136],[19.0756943,44.9710783],[19.0760924,44.971271],[19.076758,44.9717268],[19.0784662,44.9724285],[19.0795237,44.9730059],[19.0824708,44.9740586],[19.0833823,44.9742731],[19.0843042,44.9743428],[19.0852365,44.9741962],[19.0862064,44.9742451],[19.0870497,44.9742257],[19.0878332,44.9740763],[19.0886592,44.9737166],[19.0894038,44.9732635],[19.0904925,44.9724507],[19.0912246,44.9718467],[19.0921082,44.971306],[19.092864,44.9709717],[19.0937525,44.9708962],[19.0943154,44.9709463],[19.0958478,44.9710652],[19.0974756,44.9712249],[19.0989265,44.9713344],[19.1014456,44.9712921],[19.1026652,44.9710569],[19.105474,44.9704283],[19.1072832,44.9700952],[19.1079251,44.9700123],[19.109122,44.9698467],[19.1110827,44.9698558],[19.1116193,44.9699352],[19.112637,44.9701262],[19.113494,44.9705986],[19.1140133,44.9710916],[19.1143387,44.9716068],[19.1147114,44.9721985],[19.1150948,44.9728929],[19.1154342,44.9733729],[19.1158654,44.9738498],[19.1169485,44.9745673],[19.1186812,44.9757152],[19.1209411,44.9759012],[19.122659,44.9761578],[19.1247931,44.9767089],[19.1278464,44.9776557],[19.1302497,44.9788498],[19.1335355,44.9802473],[19.1362095,44.9809405],[19.138335,44.980711],[19.1397606,44.9802702],[19.1411883,44.9796696],[19.1432316,44.9783479],[19.1449744,44.976972],[19.1474108,44.9753959],[19.1470828,44.9737778],[19.1476889,44.9720747],[19.1477999,44.9668325],[19.1476718,44.9637462],[19.1475609,44.9614268],[19.1474755,44.9595845],[19.1474317,44.9576857],[19.1492529,44.9570935],[19.1524195,44.9577503],[19.1542934,44.9576829],[19.1545069,44.9570598],[19.154412,44.9564451],[19.1545425,44.9556787],[19.1542934,44.9554345],[19.1541037,44.9550808],[19.1543765,44.9546261],[19.1548746,44.9542471],[19.155432,44.9540703],[19.155859,44.9538176],[19.1560962,44.9533881],[19.1564876,44.9529418],[19.1557534,44.952669],[19.1551784,44.9525313],[19.1542104,44.952167],[19.1530244,44.9518048],[19.1526449,44.9518048],[19.1524195,44.9517459],[19.1524432,44.9512995],[19.1522085,44.950845],[19.151933,44.9506796],[19.1509014,44.9502636],[19.1500593,44.9500531],[19.1491461,44.9497751],[19.148138,44.9492782],[19.1468927,44.9485371],[19.1458253,44.9480233],[19.144995,44.947737],[19.144096,44.9474969],[19.1435955,44.9472148],[19.1430856,44.9468105],[19.1428009,44.9461956],[19.1428721,44.9460188],[19.1435125,44.945724],[19.1441767,44.9453281],[19.1442834,44.9451428],[19.1442004,44.9449575],[19.1435357,44.9447432],[19.14316,44.94429],[19.1426349,44.9429444],[19.1431538,44.9413461],[19.1358592,44.939133],[19.1242451,44.9390452],[19.1115415,44.9326757],[19.1092796,44.934167],[19.1039148,44.9323322],[19.1041135,44.9311443],[19.1012845,44.9299129],[19.099974,44.930121],[19.0996759,44.9299445],[19.0986659,44.9295681],[19.0977055,44.9290153],[19.0975068,44.9288742],[19.0869262,44.9252865],[19.0884827,44.9239808],[19.0849393,44.9230868],[19.0842438,44.9197105],[19.0842107,44.9193811],[19.0852539,44.9186634],[19.0855188,44.9187929],[19.0881515,44.9181693],[19.0873402,44.916687],[19.0874064,44.9162399],[19.0861801,44.9161616],[19.0842107,44.9164399],[19.0838961,44.9166752],[19.0805348,44.9133809],[19.0871979,44.9103996],[19.0863175,44.9095667],[19.0842161,44.9079148],[19.0828111,44.9068686],[19.0822186,44.9062653],[19.0819486,44.9062642],[19.0812896,44.9062263],[19.0806003,44.9062256],[19.079823,44.9062318],[19.0778741,44.9061768],[19.0766334,44.9060458],[19.0753423,44.9056883],[19.0744331,44.9053966],[19.0734477,44.9047112],[19.0729874,44.9043526],[19.0725811,44.9040494],[19.0721464,44.903603],[19.0717619,44.9032458],[19.071277,44.9027926],[19.0706356,44.9021797],[19.0700654,44.9017188],[19.0697661,44.9014706],[19.0692988,44.9013615],[19.0685831,44.9011515],[19.0679205,44.9010766],[19.0669724,44.9011262],[19.0662883,44.9012174],[19.0657181,44.9014706],[19.0642727,44.9020511],[19.0630449,44.9028091],[19.0604805,44.9042929],[19.0597777,44.9047178],[19.0589674,44.9050537],[19.0576005,44.9058412],[19.0559503,44.9068879],[19.0529675,44.9086732],[19.0478643,44.9105251],[19.0441144,44.9125831],[19.04023,44.9165716],[19.03945,44.9170889],[19.0369919,44.9194311],[19.0353847,44.9215402],[19.033864,44.9221816],[19.0322896,44.9225048],[19.0291743,44.9226139],[19.0254368,44.9225467],[19.0224595,44.9220998],[19.016245,44.9213742],[19.0145947,44.9211788],[19.0105245,44.9199475],[19.0098269,44.9190291],[19.003615,44.9172538],[18.9979761,44.91556],[18.99832,44.914485],[18.9977698,44.9140127],[18.998041,44.9137614],[18.9976911,44.9133747],[18.9972117,44.9129879],[18.9967452,44.9123986],[18.9964471,44.9118646],[18.9960301,44.9115454],[18.9954882,44.9112752],[18.9950088,44.9111371],[18.9892433,44.905792],[18.9916882,44.9026093],[18.9920964,44.8961567],[18.9923916,44.8938765],[18.9996207,44.8849051],[19.0031072,44.8843689],[19.0143772,44.8691028],[19.0191123,44.8552434],[19.0221998,44.8554389],[19.0240511,44.8555959],[19.0259065,44.8558641],[19.0277558,44.856172],[19.0299624,44.8565907],[19.0363988,44.8579193],[19.0396292,44.8585963],[19.0414528,44.8589292],[19.04436,44.8593982],[19.0450831,44.8594723],[19.0550342,44.8598277],[19.0569561,44.8599677],[19.0591424,44.8601906],[19.0606269,44.8603786],[19.0632875,44.8609145],[19.0649292,44.8613169],[19.065811,44.8615844],[19.067741,44.8622073],[19.0691284,44.8626865],[19.070487,44.8632098],[19.0715432,44.8637081],[19.0728134,44.8644114],[19.0740904,44.8651249],[19.0759535,44.8664513],[19.0775874,44.8679852],[19.0780538,44.8683774],[19.0791468,44.8695091],[19.0799171,44.8705339],[19.0802952,44.8709794],[19.0806322,44.8714637],[19.0817271,44.8729687],[19.0824138,44.8738769],[19.0835295,44.8752075],[19.0843696,44.8762137],[19.0851721,44.8771246],[19.0863454,44.8781386],[19.0874021,44.8789591],[19.0888742,44.8798334],[19.0895717,44.8801082],[19.0910502,44.8806502],[19.0938326,44.8815596],[19.0965068,44.8821721],[19.0979739,44.8824856],[19.1002622,44.8828734],[19.102264,44.8831496],[19.1053838,44.8836442],[19.1093715,44.8842254],[19.1130048,44.8846642],[19.1134576,44.8847675],[19.1143839,44.8850103],[19.1155275,44.8853485],[19.1167334,44.885734],[19.1172807,44.8859524],[19.1179517,44.8862515],[19.1191196,44.8868658],[19.1195985,44.8871681],[19.1203873,44.8878515],[19.1212359,44.8885684],[19.1213662,44.8886832],[19.121819,44.8891733],[19.1222138,44.8895858],[19.1228482,44.8902505],[19.1232398,44.8906846],[19.1240579,44.8918271],[19.124265,44.8921348],[19.1246721,44.8928991],[19.1251405,44.8938132],[19.1254245,44.8943245],[19.1259141,44.89514],[19.1264254,44.8959626],[19.127026,44.8968851],[19.127351,44.8973971],[19.1278541,44.8979643],[19.1282682,44.8983711],[19.1293662,44.898999],[19.1305589,44.8995144],[19.1318867,44.8999285],[19.1326089,44.900144],[19.1342973,44.9005656],[19.1368577,44.9011275],[19.1384545,44.9013657],[19.1394207,44.9014801],[19.1401592,44.9015914],[19.1410747,44.9017476],[19.1425843,44.9021083],[19.14321,44.9022588],[19.1438766,44.9024541],[19.144687,44.9027192],[19.1465492,44.9034107],[19.1499817,44.9052002],[19.1532394,44.9068367],[19.1541593,44.907415],[19.1558766,44.9086588],[19.1579176,44.9101403],[19.1586744,44.9107801],[19.159831,44.9117721],[19.1613446,44.9131368],[19.1648162,44.9166229],[19.1662939,44.9178471],[19.1669776,44.9183377],[19.1678022,44.918848],[19.1686642,44.9193576],[19.1695247,44.9198067],[19.1705738,44.920302],[19.171431,44.9206194],[19.1726531,44.9209846],[19.1736431,44.9212556],[19.1747876,44.9215159],[19.1753633,44.9215718],[19.1772941,44.921726],[19.1791221,44.9217509],[19.1828827,44.9216606],[19.1838085,44.9215974],[19.1854978,44.921441],[19.1876165,44.9211955],[19.190035,44.9207183],[19.1918074,44.9203169],[19.1937215,44.9196532],[19.1953535,44.9188601],[19.1968898,44.9179322],[19.1987029,44.916401],[19.2000577,44.9149879],[19.2017882,44.9128334],[19.2029526,44.9113256],[19.2040312,44.9095885],[19.2049453,44.9072814],[19.2052155,44.9064555],[19.2059456,44.9039855],[19.2062831,44.9030855],[19.2064992,44.9023473],[19.2068241,44.9015667],[19.2073303,44.900574],[19.2082172,44.8993303],[19.2094718,44.8979146],[19.2098618,44.8976078],[19.2103135,44.8973758],[19.2107574,44.8971833],[19.2121102,44.8968378],[19.2134111,44.8964733],[19.2142743,44.8962577],[19.2157386,44.8960713],[19.2167889,44.8960022],[19.2175084,44.8960389],[19.2198802,44.8961973],[19.2222797,44.8968279],[19.2235722,44.8972943],[19.2252944,44.8982907],[19.2283115,44.9008032],[19.2299287,44.9021239],[19.2322126,44.9038508],[19.2343642,44.9050625],[19.2377542,44.9069432],[19.2412253,44.9090295],[19.2427638,44.9099548],[19.2434253,44.9103126],[19.2448482,44.9110685],[19.2467763,44.9120505],[19.248364,44.9126748],[19.248712,44.9127631],[19.2497934,44.9131071],[19.2509497,44.9133211],[19.2519208,44.9134113],[19.2531637,44.9134445],[19.2543896,44.9133813],[19.2560603,44.9132084],[19.2575099,44.9129671],[19.2586533,44.9127204],[19.2600466,44.9123011],[19.2613137,44.9118452],[19.2629493,44.9110937],[19.2638004,44.910643],[19.2655009,44.9096221],[19.2681794,44.9079308],[19.2709427,44.9062079],[19.2719058,44.9057883],[19.2726602,44.9055036],[19.2735878,44.9053089],[19.2763688,44.9047559],[19.2774103,44.9046071],[19.2780442,44.9045935],[19.2790473,44.9047109],[19.2800267,44.9049237],[19.2819142,44.9055149],[19.2846892,44.9067359],[19.2871568,44.9078764],[19.2889557,44.9085732],[19.2895979,44.908777],[19.2907608,44.9090834],[19.2915654,44.9092709],[19.2924125,44.9094414],[19.2934441,44.9095855],[19.2944707,44.9096435],[19.2969308,44.9096418],[19.2991616,44.9095064],[19.3010899,44.9092715],[19.3032594,44.9088596],[19.3051936,44.9084393],[19.3060042,44.9082972],[19.307984,44.9080638],[19.3095738,44.9078372],[19.3109627,44.9074359],[19.312695,44.9067856],[19.3137034,44.9063654],[19.3148739,44.9057626],[19.3158537,44.9051542],[19.3178087,44.9035244],[19.3191203,44.9023178],[19.3207674,44.9008696],[19.3218006,44.8997152],[19.323782,44.8990301],[19.3267943,44.8982317],[19.329292,44.8975531],[19.3325215,44.8965136],[19.3355436,44.8953187],[19.3374528,44.8943713],[19.3385587,44.8936405],[19.340549,44.8924053],[19.3415527,44.8917763],[19.3427779,44.8911566],[19.3443326,44.8903353],[19.345588,44.8897473],[19.346541,44.8894062],[19.3479583,44.8890438],[19.3491946,44.8889319],[19.3501135,44.8890114],[19.3510904,44.8892231],[19.3514696,44.8893578],[19.3517636,44.8895227],[19.3534812,44.8901117],[19.3546306,44.8928345],[19.3534556,44.8982259],[19.3522673,44.8998493],[19.3499576,44.9011239],[19.3436775,44.9020697],[19.3389623,44.9029701],[19.3343822,44.9040028],[19.3306079,44.9056158],[19.3278408,44.9075101],[19.3233139,44.9102909],[19.3209808,44.911816],[19.3208032,44.9133604],[19.3197724,44.9163597],[19.3215587,44.9192555],[19.3237787,44.9207856],[19.3276327,44.9222525],[19.3328886,44.9218022],[19.3367891,44.9210972],[19.3455409,44.9195661],[19.3562595,44.9176897],[19.3651237,44.9154661],[19.3779812,44.9122389],[19.3840723,44.9118067],[19.3880238,44.9123179],[19.3926171,44.9150289],[19.3974769,44.9192508],[19.4035961,44.9199055],[19.4093369,44.9196392],[19.4179442,44.9196547],[19.4229321,44.9157412],[19.4251357,44.9169239],[19.4217131,44.9197105],[19.4241099,44.9208945],[19.4252387,44.9228923],[19.4301736,44.9223119],[19.437598,44.9231902],[19.4389308,44.9245034],[19.4384945,44.9278613],[19.4310027,44.9314412],[19.429528,44.933145],[19.4293789,44.9366422],[19.4333963,44.9393474],[19.4392781,44.9401455],[19.4432452,44.9397632],[19.4517033,44.9361897],[19.4538526,44.934559],[19.4608297,44.9331005],[19.465698,44.9304602],[19.4719942,44.9292705],[19.4729364,44.9280646],[19.4710852,44.9252855],[19.4736521,44.9213939],[19.4738785,44.9190632],[19.4717169,44.9148636],[19.4749261,44.9133088],[19.4751398,44.9118698],[19.4802934,44.9093682],[19.4801642,44.9048401],[19.4837366,44.9048652],[19.484257,44.9021936],[19.4904713,44.9011645],[19.4985085,44.9000309],[19.5027254,44.9002637],[19.5063246,44.9053643],[19.5113367,44.9060157],[19.5110839,44.9104041],[19.5125193,44.9113741],[19.5172563,44.9109945],[19.5179146,44.9123022],[19.5164078,44.9166135],[19.5192375,44.92164],[19.5216329,44.923175],[19.525001,44.9240107],[19.5287732,44.9236243],[19.5422447,44.9127376],[19.5444199,44.9088417],[19.5461562,44.9089903],[19.5495561,44.9074345],[19.5508024,44.9081285],[19.5539027,44.9073253],[19.5568756,44.908922],[19.5609606,44.9066157],[19.5649985,44.9080132],[19.567427,44.9068625],[19.5686133,44.9046748],[19.5741106,44.9051894],[19.5790456,44.9043284],[19.5869566,44.9048573],[19.5928578,44.903933],[19.5955244,44.9069674],[19.6007424,44.9066559],[19.6040424,44.9052352],[19.6054976,44.9064182],[19.609302,44.9095195],[19.6080942,44.9136281],[19.6176119,44.9172513],[19.6186491,44.9193839],[19.6206691,44.9200817],[19.6269527,44.9195696],[19.630347,44.9183544],[19.6319777,44.9193242],[19.6347775,44.9194088],[19.6401597,44.9217032],[19.6410947,44.9214877],[19.6486041,44.917978],[19.6518906,44.917722],[19.6562696,44.9147281],[19.6731902,44.9203235],[19.6743326,44.9232644],[19.6770452,44.9242826],[19.6858386,44.9240089],[19.698455,44.9264573],[19.704914,44.9260215],[19.7092429,44.9230161],[19.715081,44.9165711],[19.7167515,44.9152795],[19.7203753,44.9124776],[19.723813,44.9104797],[19.7283154,44.9098145],[19.735227,44.9109548],[19.7412314,44.9122535],[19.749368,44.9132098],[19.7554226,44.9108098],[19.7586116,44.9064699],[19.7591494,44.9005729],[19.7561128,44.8949335],[19.752468,44.8924469],[19.7397116,44.8839484],[19.7370558,44.8791337],[19.7331125,44.8678644],[19.7297841,44.8629091],[19.7210108,44.8534828],[19.719619,44.8561056],[19.7192777,44.8572465],[19.7184877,44.8577803],[19.7173276,44.8578576],[19.7158794,44.8574135],[19.7146625,44.8552806],[19.7134385,44.8521809],[19.7067232,44.8426084],[19.7027569,44.834299],[19.70016,44.825924],[19.6985034,44.8230077],[19.6982665,44.8225907],[19.6970598,44.8204665],[19.6957939,44.8192477],[19.6947884,44.8139607],[19.6952331,44.8082696],[19.694119,44.8039349],[19.6939704,44.8025055],[19.6929947,44.7920565],[19.6931495,44.791432],[19.6957034,44.7815199],[19.7038393,44.7679111],[19.7123274,44.7571845],[19.7186491,44.7509738],[19.7208278,44.7501013],[19.723385,44.7492137],[19.7253081,44.7494975],[19.7299647,44.7488313],[19.7317931,44.7500125],[19.738697,44.7487275],[19.7584569,44.7468421],[19.7668234,44.7479778],[19.7740281,44.74802],[19.7764622,44.7480343],[19.7820369,44.7479769],[19.7903344,44.7462355],[19.803742,44.7431997],[19.811569,44.7398023],[19.8151554,44.7368674],[19.8252119,44.7313516],[19.8279132,44.7306079],[19.850463,44.7154958],[19.8521637,44.7143187],[19.8584912,44.7092538],[19.8708133,44.70386],[19.880407,44.7006884],[19.8947291,44.6969618],[19.9011164,44.6951346],[19.9296244,44.6896953],[19.9481321,44.689267],[19.9680921,44.6908094],[19.9812006,44.6919988],[19.99184,44.6927262],[19.9946525,44.6921844],[19.996377,44.6895797],[19.9979233,44.6881428],[19.9988068,44.684646],[19.995384,44.6770222],[19.9946546,44.6758216],[19.9895334,44.6721912],[19.9765172,44.6660631],[19.9700359,44.6628724],[19.9617616,44.6607648],[19.9444387,44.6607396],[19.9342068,44.6585119],[19.9246212,44.65419],[19.9208515,44.6512193],[19.9193928,44.6468],[19.9199264,44.6429816],[19.9222854,44.6391047],[19.9268189,44.636248],[19.9345081,44.6343536],[19.9464839,44.6302321],[19.9519518,44.6296373],[19.9606828,44.6295954],[19.9684859,44.6316989],[19.9757501,44.6352966],[19.9817404,44.6393231],[19.9834013,44.6443595],[19.9886502,44.6450091],[19.9945465,44.6522927],[19.9989393,44.659825],[20.0077528,44.6649088],[20.020113,44.6737877],[20.0377651,44.6828827],[20.068895,44.6903544],[20.0745605,44.6927662],[20.0804892,44.6936262],[20.0913865,44.6945792],[20.1067608,44.6994066],[20.1125229,44.7024343],[20.124042,44.7108217],[20.1238186,44.7145204],[20.12046,44.7147694],[20.1179409,44.7143549],[20.1069096,44.7219607],[20.1021101,44.7239248],[20.1029437,44.7257108],[20.1047811,44.7274869],[20.1124429,44.7287605],[20.1129833,44.7276586],[20.1157956,44.7267457],[20.12174,44.7276623],[20.1210143,44.7315903],[20.1194263,44.7328495],[20.1213033,44.7362598],[20.1242177,44.7374047],[20.1251475,44.7363149],[20.1276403,44.736349],[20.1325025,44.7387637],[20.1293788,44.7407973],[20.1195731,44.7471413],[20.1154118,44.7498454],[20.112013,44.7520248],[20.1137808,44.7583898],[20.1237197,44.7573681],[20.1244298,44.7602424],[20.1338653,44.7607562],[20.1349439,44.7608036],[20.1348099,44.7649104],[20.1357997,44.7667215],[20.1318164,44.7681758],[20.1276301,44.7725342],[20.1212689,44.7724958],[20.1161469,44.7737023],[20.1053609,44.7795282],[20.0986518,44.7799701],[20.0964844,44.7814935],[20.0953884,44.7858701],[20.087904,44.7873762],[20.0914061,44.7958362],[20.0928353,44.7968214],[20.0968209,44.8058312],[20.0966506,44.8072517],[20.1003588,44.8067811],[20.1204812,44.8041897],[20.1342665,44.8032849],[20.1379555,44.8030334],[20.1389647,44.8029613],[20.1457988,44.8300709],[20.1459218,44.8407499],[20.1461296,44.856795],[20.1532966,44.8597303],[20.1601406,44.8625416],[20.1659298,44.8692399],[20.1634957,44.8853329],[20.1646797,44.8870221],[20.1693213,44.8912387],[20.1708048,44.8951201],[20.1692589,44.9070378],[20.1719349,44.9071879],[20.2014857,44.9088667],[20.2125787,44.9080028],[20.225268,44.9070103],[20.2214701,44.9154988],[20.2335763,44.9209806],[20.248033,44.9263149],[20.2704326,44.9345498],[20.2733084,44.9317461],[20.2746729,44.9304292],[20.2962833,44.938268],[20.2946415,44.9402371],[20.3011557,44.9426859],[20.2895846,44.956741],[20.2869975,44.9669047],[20.2863927,44.9745129],[20.2891941,44.9817186],[20.2943165,44.9882384],[20.29828,44.9916699],[20.3048543,44.9954446],[20.3107637,44.9965862],[20.3224511,44.9980523],[20.3377818,45.0013162],[20.3459494,45.0031948],[20.3552354,45.006829],[20.3604618,45.0112189],[20.3625949,45.0162275],[20.3626006,45.0213056],[20.3575951,45.0447074],[20.3515091,45.0553455],[20.3381634,45.0698958],[20.3316801,45.0742882],[20.3268403,45.0760727],[20.3156119,45.083415],[20.3074801,45.0947363],[20.2987638,45.1031063],[20.2940892,45.1096474],[20.2841325,45.1227269],[20.2753111,45.1323299],[20.274965,45.1345023],[20.2666813,45.1405599],[20.2635787,45.1419307],[20.2484467,45.1544786],[20.2421411,45.1583854],[20.2389383,45.1614021],[20.2291138,45.1673674],[20.2168118,45.1744893],[20.2110868,45.1764051],[20.2036167,45.1774955],[20.1833934,45.1822963],[20.1764784,45.182899],[20.168785,45.1826008],[20.1574471,45.178057],[20.1520158,45.177912],[20.1483279,45.17873],[20.1437505,45.1855842],[20.1351081,45.1886582],[20.1270972,45.1901032],[20.1171564,45.1900005],[20.1033932,45.1862021],[20.098675,45.1761075],[20.0937464,45.1710894],[20.0911329,45.1697122],[20.0636857,45.1681505],[20.0535158,45.1668882],[20.0368214,45.1699365],[20.0301277,45.1703318],[20.0376587,45.17776],[20.0399809,45.1790005],[20.0463522,45.1859451],[20.0473948,45.1915049],[20.0467685,45.2015204],[20.0442294,45.2051507],[20.0399496,45.207336],[20.0315997,45.208139],[20.0204599,45.2038572],[20.0149535,45.1988346],[20.0141875,45.1967744],[20.0092731,45.1900378],[20.0102724,45.1842773],[20.0073898,45.1788497],[20.0021562,45.1780123],[19.9980372,45.1681215],[19.9876815,45.164182],[19.9731783,45.1565934],[19.9611075,45.1533641],[19.9608081,45.153284],[19.9478078,45.1510275],[19.9436473,45.1496421],[19.930855,45.1487774],[19.9272635,45.1494516],[19.9231758,45.1518392],[19.9203618,45.1521728],[19.9161023,45.1511978],[19.9110112,45.1510482],[19.9081646,45.149318],[19.906057,45.1456059],[19.9044143,45.1448454],[19.9015782,45.148403],[19.8912644,45.1535801],[19.8887405,45.1539826],[19.8838905,45.1542393],[19.8766771,45.1572648],[19.8720353,45.1576938],[19.8612419,45.15663],[19.8587605,45.1564079],[19.8541291,45.1534398],[19.8499631,45.1530117],[19.8442306,45.154498],[19.8410337,45.1541421],[19.8409873,45.1523492],[19.841062,45.1520936],[19.8395175,45.1497452],[19.832455,45.147864],[19.8240301,45.148994],[19.8158183,45.1513721],[19.8067025,45.1548215],[19.8020477,45.1548699],[19.7891334,45.1568709],[19.785726,45.1583649],[19.7863152,45.1575443],[19.7797332,45.1562109],[19.774788,45.1561883],[19.7703036,45.1587746],[19.7613663,45.1604479],[19.7567331,45.159204],[19.7525349,45.1570254],[19.750837,45.1561443],[19.7465777,45.1553691],[19.7392834,45.1575976],[19.731949,45.153994],[19.7272122,45.1525297],[19.7179808,45.1544727],[19.7146165,45.1515743],[19.7142552,45.1489655],[19.7074092,45.1502122],[19.6805973,45.1501609],[19.6683162,45.1489109],[19.6577431,45.1490714],[19.6495765,45.1495096],[19.6403653,45.148481],[19.6322405,45.1477639],[19.6300161,45.1469607],[19.6191205,45.1421303],[19.6146718,45.1412121],[19.6095256,45.1418675],[19.6075521,45.144737],[19.6008905,45.1503909],[19.5988884,45.1502765],[19.5933354,45.1497275],[19.58564,45.1525615],[19.5640776,45.1553076],[19.55967,45.1587096],[19.5522571,45.1598006],[19.5437759,45.1617248],[19.539227,45.1645454],[19.530053,45.1615349],[19.5285461,45.1654352],[19.5264727,45.1671751],[19.5207391,45.1689503],[19.5205126,45.1713499],[19.5160435,45.1718686],[19.5130534,45.1706135],[19.5119111,45.1690278],[19.5084195,45.169004],[19.5043298,45.1701423],[19.4931118,45.1696289],[19.4884318,45.1694147],[19.4835241,45.1666361],[19.4757799,45.1655523],[19.4703334,45.1630263],[19.4657532,45.1613645],[19.4656266,45.1604439],[19.4644252,45.1592968],[19.4619038,45.1589829],[19.456305,45.1508686],[19.4507356,45.1474665],[19.4465741,45.1493564],[19.4422298,45.1501295],[19.4372761,45.1523753],[19.4334822,45.1531703],[19.4315881,45.1565864],[19.4282902,45.1566303],[19.4276856,45.158135],[19.4251687,45.1595462],[19.4234771,45.1606416],[19.424337,45.1673728]]]}},{"type":"Feature","properties":{"id":"RS-04","name":"South Banat"},"geometry":{"type":"Polygon","coordinates":[[[20.4116645,45.083723],[20.416016,45.0809747],[20.4176562,45.0782285],[20.4159957,45.0710792],[20.4167593,45.0658772],[20.4145144,45.0566149],[20.415664,45.0508496],[20.4199146,45.0474835],[20.4209676,45.0421299],[20.4246358,45.0379397],[20.4256925,45.0348514],[20.4279137,45.0331338],[20.4329414,45.0319623],[20.4401873,45.0281805],[20.4411473,45.0255034],[20.4512506,45.0214831],[20.4542885,45.0199283],[20.4573701,45.0154654],[20.4627674,45.011323],[20.4751992,44.9953345],[20.4793484,44.9928581],[20.4864034,44.992299],[20.4882315,44.9896883],[20.4906447,44.9886553],[20.4972165,44.988302],[20.5002112,44.987817],[20.5115981,44.9832696],[20.5180613,44.9794142],[20.5198901,44.9774893],[20.5198851,44.9761853],[20.5142656,44.9723517],[20.5146445,44.9702223],[20.5312805,44.9502898],[20.5349405,44.9476747],[20.5430769,44.9530124],[20.5458926,44.9534186],[20.5500281,44.9521061],[20.550212,44.9513216],[20.5449863,44.9477237],[20.5456509,44.9450456],[20.5511394,44.9411908],[20.5546126,44.9403599],[20.5604067,44.9402105],[20.5626248,44.9395193],[20.5669829,44.942118],[20.5692059,44.9424563],[20.5728687,44.9409381],[20.5734292,44.9369559],[20.5747763,44.9359233],[20.5819299,44.9374169],[20.5941841,44.9353972],[20.6075283,44.9206749],[20.6171132,44.9131092],[20.620023,44.9106205],[20.6217401,44.9069778],[20.6192127,44.9037583],[20.6205288,44.8974404],[20.619741,44.8946274],[20.6157643,44.8909309],[20.6149739,44.887569],[20.6166742,44.8832228],[20.6230817,44.8708672],[20.6229718,44.868465],[20.6206527,44.8677162],[20.6141959,44.8687634],[20.5944059,44.8655884],[20.5924683,44.8638771],[20.5956387,44.8614667],[20.5993957,44.8606334],[20.6163646,44.8596963],[20.6203,44.856322],[20.6117027,44.8549523],[20.6075059,44.85521],[20.6041262,44.8553058],[20.6011376,44.8552727],[20.5971197,44.8552194],[20.5898695,44.8541684],[20.5861015,44.8530357],[20.5822764,44.8514868],[20.5762685,44.8494577],[20.5830399,44.846042],[20.586727,44.8438956],[20.588393,44.8406916],[20.5896804,44.8390788],[20.5901096,44.8382267],[20.5904958,44.8366747],[20.5907413,44.8342693],[20.5910376,44.8332462],[20.5920663,44.8317607],[20.5926591,44.8310058],[20.5936878,44.8299795],[20.5953566,44.8287628],[20.5970229,44.8280352],[20.5979737,44.8276237],[20.5989719,44.8273313],[20.6003126,44.8271642],[20.6016966,44.8270879],[20.6036108,44.8271594],[20.6059597,44.8274541],[20.6076073,44.8279191],[20.6099522,44.828565],[20.6129917,44.8295545],[20.6140488,44.829824],[20.6149334,44.8299345],[20.6157201,44.8298782],[20.6163946,44.8296697],[20.6174027,44.82914],[20.6182614,44.8283762],[20.6184506,44.8280794],[20.6186208,44.827759],[20.6188193,44.8269457],[20.618817,44.8261583],[20.6185618,44.8253172],[20.6146798,44.8218275],[20.6137454,44.8207527],[20.6132003,44.8196402],[20.61311,44.8193988],[20.6130883,44.819088],[20.6132631,44.8185343],[20.6135311,44.8177781],[20.614764,44.816473],[20.6166237,44.81495],[20.6220291,44.8115193],[20.6236566,44.8101233],[20.6268297,44.8062605],[20.6303931,44.8017801],[20.6325211,44.7994275],[20.6307607,44.7969117],[20.627713,44.7916913],[20.6257049,44.7886882],[20.6225672,44.7787428],[20.6253871,44.7655426],[20.6305507,44.7578011],[20.6371407,44.7509643],[20.6461563,44.7454443],[20.6604708,44.7410735],[20.6769598,44.7310634],[20.6784196,44.7291462],[20.6896407,44.7144071],[20.7110291,44.6908427],[20.7293983,44.6781373],[20.738303,44.6732949],[20.7629957,44.6628463],[20.7716461,44.6607506],[20.7912714,44.6583894],[20.7998083,44.6591218],[20.8167445,44.6596597],[20.8225378,44.6595486],[20.8317171,44.659037],[20.8355466,44.6586224],[20.854932,44.6605028],[20.8862983,44.6655235],[20.910779,44.6675551],[20.9190193,44.6701298],[20.9323374,44.6794273],[20.9681333,44.7049831],[20.984623,44.71453],[20.9948381,44.7190787],[21.0068565,44.7215272],[21.0168279,44.7213554],[21.0366585,44.7187766],[21.0432146,44.7174102],[21.0615025,44.7183462],[21.0648193,44.7187303],[21.0737995,44.7196044],[21.0772842,44.7207149],[21.0827027,44.7226048],[21.0869205,44.7244003],[21.0886816,44.7251794],[21.0955061,44.7278726],[21.1073318,44.7325402],[21.1172598,44.7327697],[21.1232973,44.7353597],[21.1265649,44.7366795],[21.1284093,44.7368531],[21.1310832,44.7370527],[21.1343593,44.7372049],[21.1395004,44.7372845],[21.1421837,44.7375613],[21.1480774,44.7393718],[21.1506133,44.74074],[21.1567832,44.7442097],[21.161114,44.7502103],[21.1670069,44.7577541],[21.1720251,44.7628876],[21.1733047,44.7648183],[21.1739777,44.7654636],[21.1848499,44.7758881],[21.237854,44.7895683],[21.265381,44.7951651],[21.2876065,44.7945472],[21.2894612,44.7940266],[21.2952473,44.7945368],[21.298967549411557,44.795177892696756],[21.299256,44.7952276],[21.29043711004147,44.80814062456842],[21.2901675,44.8085354],[21.3016025,44.8118137],[21.3064637,44.8132882],[21.3166562,44.8169369],[21.3246124,44.8195536],[21.3274513,44.8217657],[21.3307758,44.8231643],[21.3347088,44.8237027],[21.342297,44.8235786],[21.3479824,44.8236504],[21.3583275,44.8225189],[21.3550527,44.8267414],[21.3547587,44.8292117],[21.3591909,44.8298334],[21.3604402,44.8317561],[21.3547528,44.8322314],[21.355493,44.83417],[21.3557097,44.8360204],[21.3546561,44.8374522],[21.3532115,44.8395166],[21.3542806,44.8411054],[21.3602702,44.8407418],[21.3571084,44.8439674],[21.358753,44.8468742],[21.3573205,44.8497245],[21.3607758,44.8560873],[21.3580127,44.8599285],[21.3584268,44.8606315],[21.359303,44.8621403],[21.3628673,44.8623176],[21.3709818,44.8677951],[21.3749377,44.8667001],[21.3817856,44.8662933],[21.3867961,44.8687292],[21.3894434,44.8690924],[21.3962517,44.8678964],[21.4016412,44.8685947],[21.4064787,44.8670842],[21.4083548,44.8694019],[21.4151568,44.8698788],[21.4168059,44.8709485],[21.4262526,44.8724132],[21.4295226,44.8699537],[21.4346337,44.8713962],[21.4371418,44.8707104],[21.4388789,44.8685833],[21.4426408,44.8680349],[21.4429296,44.8692016],[21.4413852,44.8719465],[21.4419633,44.8733879],[21.4464986,44.8748466],[21.4500662,44.8717417],[21.4515131,44.8713987],[21.4514159,44.8743498],[21.457879,44.8721539],[21.4592297,44.8703695],[21.4652098,44.8674184],[21.4695502,44.8709182],[21.476688,44.8711918],[21.483536,44.869818],[21.4866233,44.872082],[21.4983926,44.8745492],[21.515,44.883889],[21.519167,44.885278],[21.523889,44.886111],[21.528889,44.886944],[21.533611,44.8875],[21.538889,44.887778],[21.543611,44.888611],[21.548611,44.889444],[21.552778,44.890833],[21.555833,44.893333],[21.558611,44.896111],[21.559722,44.900556],[21.5597412,44.9008431],[21.56,44.904722],[21.559722,44.908611],[21.558611,44.911944],[21.5575,44.915278],[21.556389,44.918611],[21.554444,44.921667],[21.5525,44.924722],[21.551389,44.928056],[21.548889,44.930833],[21.546944,44.933889],[21.544167,44.936389],[21.540833,44.938611],[21.536667,44.940556],[21.5325,44.9425],[21.527778,44.944167],[21.521389,44.944722],[21.515,44.945556],[21.509444,44.946667],[21.504444,44.948333],[21.500278,44.950278],[21.495556,44.951667],[21.491389,44.953611],[21.488056,44.955833],[21.483889,44.957778],[21.479722,44.959722],[21.475556,44.961667],[21.470833,44.963056],[21.465,44.964167],[21.459167,44.964444],[21.454444,44.963611],[21.450278,44.962222],[21.445833,44.961111],[21.441111,44.960278],[21.435278,44.960556],[21.429722,44.961667],[21.425556,44.963611],[21.421389,44.965278],[21.417222,44.967222],[21.413056,44.969167],[21.408889,44.971111],[21.405556,44.973333],[21.403611,44.976389],[21.404722,44.98],[21.407222,44.982778],[21.410556,44.985278],[21.412222,44.989167],[21.4125,44.993333],[21.408333,44.995278],[21.401389,44.996667],[21.3964869,44.9957886],[21.3909169,44.997578],[21.3866148,44.9992284],[21.3832003,45.0014411],[21.3873372,45.0037187],[21.3859514,45.0043889],[21.3831224,45.0053102],[21.3791934,45.0076851],[21.3773646,45.0060775],[21.3725027,45.0099113],[21.3669966,45.0146178],[21.3636263,45.0174276],[21.3607089,45.019716],[21.3627664,45.0216883],[21.3645992,45.0232366],[21.3664244,45.0249037],[21.3685046,45.025209],[21.369937,45.0251361],[21.3719869,45.025917],[21.3736789,45.0270438],[21.3746318,45.0279084],[21.3758701,45.0282462],[21.3764606,45.0282056],[21.3764411,45.0271925],[21.3764215,45.0261793],[21.377271,45.026028],[21.377641,45.0268143],[21.3781861,45.027487],[21.378396,45.028149],[21.3791617,45.027995],[21.3789632,45.0271547],[21.3791761,45.0264468],[21.3799229,45.0265901],[21.3801252,45.0273709],[21.3807655,45.0278681],[21.3815274,45.0277736],[21.3815614,45.0272386],[21.3809362,45.0265036],[21.3805776,45.0255391],[21.3811296,45.0247825],[21.3819752,45.0246907],[21.3827832,45.0251933],[21.383237,45.0259823],[21.3838471,45.0269549],[21.3840495,45.0277358],[21.3842745,45.02816],[21.3849375,45.0283005],[21.3855506,45.0279034],[21.3858474,45.027198],[21.3865142,45.0272787],[21.3867242,45.0279405],[21.3877113,45.0282695],[21.388622,45.028477],[21.3893426,45.0290358],[21.3904286,45.0291297],[21.3907139,45.0286027],[21.390519,45.0277039],[21.3905566,45.0271087],[21.3914325,45.0265408],[21.3923471,45.0266888],[21.3927172,45.0274748],[21.3930299,45.0278421],[21.3938983,45.027393],[21.3944813,45.027471],[21.3949579,45.027903],[21.3945887,45.0284274],[21.3945474,45.0290812],[21.3945135,45.0296162],[21.3949251,45.0297484],[21.395736,45.0288806],[21.3965017,45.0287261],[21.3975001,45.0288768],[21.3973599,45.0297658],[21.3968118,45.0304632],[21.3967667,45.0311765],[21.3976775,45.031384],[21.398706,45.0310591],[21.3993492,45.0301861],[21.4004916,45.0293883],[21.4015776,45.0294822],[21.4016201,45.0301387],[21.4014762,45.0310872],[21.4010695,45.032206],[21.4018703,45.0328269],[21.4032003,45.0330476],[21.403403,45.0338283],[21.4031791,45.0347147],[21.4040675,45.0352788],[21.4051273,45.0357888],[21.4052462,45.0365668],[21.4053764,45.0371666],[21.4059708,45.0370663],[21.4061834,45.0363583],[21.406998,45.035431],[21.4081904,45.0351709],[21.4107593,45.0357286],[21.4148673,45.0358585],[21.4178816,45.0360134],[21.4200464,45.0363201],[21.4212239,45.0362978],[21.4213488,45.0356466],[21.4204938,45.0345474],[21.4205499,45.0336558],[21.4213492,45.0329663],[21.4223161,45.0322822],[21.4234711,45.0326165],[21.4243522,45.0332995],[21.4251922,45.0346364],[21.4254903,45.0352415],[21.4264125,45.0352706],[21.4267478,45.0352812],[21.4271893,45.0349378],[21.4280277,45.0349643],[21.4318505,45.0356213],[21.4414862,45.0373554],[21.4561996,45.0398458],[21.4532841,45.0461862],[21.4516545,45.0494106],[21.4507193,45.0509296],[21.4490183,45.0526031],[21.4482619,45.0539491],[21.4489015,45.0558157],[21.4500591,45.0574605],[21.4512985,45.0577975],[21.4518076,45.0590644],[21.4513251,45.0600617],[21.4507009,45.0606376],[21.4513496,45.0610155],[21.4532341,45.0617898],[21.4550051,45.0630371],[21.4564652,45.0652275],[21.4575997,45.0685982],[21.4584077,45.0704696],[21.4595587,45.0722325],[21.4623445,45.0733908],[21.4648565,45.0748981],[21.4668605,45.077819],[21.468129,45.0790495],[21.4707724,45.0811564],[21.4742587,45.0832299],[21.4747825,45.0856285],[21.4786483,45.0883689],[21.4817268,45.0902511],[21.4834413,45.0910785],[21.4826522,45.0929599],[21.4815126,45.0950688],[21.4789536,45.0970145],[21.475661,45.0985802],[21.4726191,45.1015235],[21.4713443,45.1030921],[21.4711312,45.10517],[21.4717779,45.1096571],[21.4748648,45.1114204],[21.4755238,45.1143592],[21.4772169,45.1155433],[21.4781868,45.1175389],[21.4787431,45.1207723],[21.4815094,45.1222875],[21.4853453,45.1241932],[21.4881709,45.1247572],[21.4910701,45.1241323],[21.4932202,45.124735],[21.4962762,45.1242937],[21.4978932,45.1253563],[21.5024966,45.1271071],[21.5027371,45.1286631],[21.5140883,45.1328864],[21.5231367,45.1362639],[21.5273109,45.1381794],[21.5278557,45.1416503],[21.528481,45.1451832],[21.5289453,45.1472223],[21.5273827,45.1507483],[21.524498,45.1566163],[21.5233989,45.1594411],[21.5211161,45.1623483],[21.5179782,45.1668372],[21.5147595,45.171264],[21.5099255,45.170459],[21.5072326,45.170435],[21.5019197,45.171938],[21.4985067,45.172666],[21.4962816,45.1718823],[21.495094,45.1720242],[21.4933618,45.1728043],[21.4907255,45.1773087],[21.4878729,45.1825807],[21.4853744,45.1875658],[21.4841024,45.1901059],[21.4829143,45.191959],[21.444065,45.2015887],[21.4425422,45.2003493],[21.4403076,45.2010528],[21.4381229,45.2018963],[21.4361746,45.2036851],[21.4353606,45.2061977],[21.4344472,45.2084912],[21.4329594,45.2107073],[21.4321126,45.21211],[21.4300156,45.2132944],[21.4239223,45.2163773],[21.4175948,45.219155],[21.4135816,45.2199809],[21.4108299,45.2208467],[21.4101808,45.2217791],[21.409548,45.2237841],[21.4062196,45.2257634],[21.4045459,45.2269016],[21.4029875,45.2288773],[21.4016169,45.2265706],[21.3953145,45.2183302],[21.3903265,45.2198995],[21.3811408,45.2225271],[21.3696376,45.2257938],[21.3600453,45.2216122],[21.3564479,45.2238188],[21.3514508,45.2268141],[21.3479215,45.2292612],[21.3436309,45.2317433],[21.3380708,45.232993],[21.3395117,45.2354817],[21.3369533,45.235935],[21.3337181,45.2364261],[21.332851,45.2341942],[21.3290649,45.2353822],[21.3253055,45.2361541],[21.3262673,45.2395207],[21.3210048,45.2400653],[21.3203412,45.237304],[21.3154192,45.2378001],[21.311675,45.2383342],[21.3052385,45.2387813],[21.3057537,45.2399296],[21.300931,45.2401906],[21.2922784,45.2422897],[21.2863337,45.237805],[21.2800807,45.2328932],[21.2756997,45.2297486],[21.2749081,45.229742],[21.2744998,45.2297448],[21.2703665,45.2319176],[21.263807,45.2355134],[21.2582915,45.2386075],[21.2517146,45.2424409],[21.2515283,45.2425142],[21.2459164,45.2446917],[21.2373582,45.2478641],[21.228198,45.2511953],[21.2235394,45.252769],[21.2188982,45.25029],[21.2154827,45.2534512],[21.209275,45.2592585],[21.2060301,45.2623659],[21.2026245,45.2653487],[21.2052944,45.2695485],[21.2072951,45.2724154],[21.2087989,45.2751465],[21.2031882,45.2782933],[21.1989878,45.2805346],[21.1958133,45.2825721],[21.1939373,45.2841173],[21.1913156,45.2867095],[21.1903375,45.2899527],[21.1897442,45.292494],[21.1896039,45.2945741],[21.1894997,45.2961192],[21.1887018,45.2979389],[21.1873786,45.3000387],[21.1857545,45.3015923],[21.1840381,45.303262],[21.1830635,45.3051948],[21.1808576,45.3078606],[21.1801313,45.3111122],[21.1805321,45.3139252],[21.183773,45.3159404],[21.1804636,45.3186881],[21.1835402,45.3206382],[21.1808243,45.3233464],[21.178955,45.3222708],[21.1759699,45.3252082],[21.1732904,45.3236288],[21.1701978,45.3219165],[21.1663875,45.3195844],[21.1651961,45.3197229],[21.1650191,45.321087],[21.1645934,45.3223831],[21.1647176,45.3230425],[21.1615435,45.3250204],[21.1569434,45.3218873],[21.1526484,45.319241],[21.1538884,45.3183893],[21.1495056,45.3157996],[21.1540644,45.3120814],[21.1494536,45.3091267],[21.1444436,45.304609],[21.1389497,45.3047183],[21.1335563,45.3045929],[21.1280826,45.3044051],[21.1230315,45.3029809],[21.1195601,45.3019087],[21.1140556,45.3009455],[21.1097734,45.3006199],[21.102667,45.2984104],[21.0983706,45.2970717],[21.0962676,45.2957486],[21.0936266,45.2997681],[21.0891202,45.3063445],[21.0850155,45.3119816],[21.0831293,45.3148356],[21.080982,45.3177998],[21.0755629,45.3155886],[21.0708735,45.3138193],[21.0711996,45.3152006],[21.0705728,45.3157149],[21.0688884,45.315656],[21.0671446,45.3152377],[21.0640368,45.3150099],[21.0607909,45.3155516],[21.0617452,45.321244],[21.0624358,45.3246635],[21.0631137,45.3282613],[21.0637029,45.3319156],[21.0576196,45.3307498],[21.0439248,45.3285434],[21.0289673,45.3262929],[21.0216131,45.3252018],[21.0171231,45.3242108],[21.0123032,45.3241181],[21.007082,45.3234893],[20.9468385,45.3161632],[20.9002651,45.302482],[20.8957251,45.299766],[20.8744357,45.2870236],[20.8690583,45.2838035],[20.8239748,45.2740648],[20.8624155,45.2572847],[20.8167086,45.2259627],[20.8144774,45.2244332],[20.812967,45.2233979],[20.8119903,45.2227284],[20.8108088,45.2219184],[20.8105914,45.2217694],[20.8101163,45.2218332],[20.8096888,45.2219009],[20.801849,45.22314],[20.7955962,45.2241283],[20.784421,45.2089437],[20.7836937,45.2091168],[20.783335,45.2085272],[20.7672371,45.2141626],[20.7654495,45.2139313],[20.7647137,45.2139599],[20.7563147,45.2007773],[20.7457636,45.1829358],[20.7416986,45.1764466],[20.7368426,45.1678466],[20.7323408,45.1690189],[20.7257973,45.1761094],[20.7188158,45.1831647],[20.677319,45.1970115],[20.6903816,45.2061685],[20.6876749,45.2076179],[20.6891449,45.2097408],[20.6866269,45.2104346],[20.6850646,45.2089982],[20.6818765,45.2110665],[20.6778007,45.2110098],[20.6277502,45.2310465],[20.6276257,45.2263118],[20.6295556,45.2243855],[20.6294478,45.222533],[20.6262465,45.2228155],[20.625175,45.222132],[20.617234,45.2252394],[20.5958408,45.2361314],[20.5893333,45.235528],[20.584663,45.2369776],[20.5814741,45.2363683],[20.5766063,45.2335651],[20.5756279,45.2319888],[20.5749002,45.2221089],[20.5737229,45.2195037],[20.5754326,45.2118831],[20.5742575,45.2096897],[20.5712392,45.2075686],[20.5674602,45.2086741],[20.5590595,45.208226],[20.555334,45.2093154],[20.5538843,45.210622],[20.5521389,45.2108998],[20.5485241,45.2053482],[20.5470735,45.2064488],[20.5501125,45.2134425],[20.549926,45.2151584],[20.5482622,45.2163252],[20.5396331,45.213736],[20.5400297,45.2157254],[20.5391627,45.2172365],[20.537707,45.2172391],[20.5299982,45.2069592],[20.5283446,45.2059327],[20.5215652,45.2091691],[20.5189444,45.2089674],[20.5189282,45.2047816],[20.5178551,45.2032737],[20.513588,45.2038294],[20.5120467,45.2067825],[20.5086578,45.208709],[20.5007023,45.2091325],[20.4979909,45.2107147],[20.4992575,45.2121539],[20.5105316,45.2168033],[20.5112179,45.218655],[20.5096716,45.2204415],[20.5071518,45.2214059],[20.505014,45.220723],[20.5009224,45.2164058],[20.4905124,45.2088037],[20.4873941,45.204828],[20.4861164,45.1998891],[20.4882339,45.1948084],[20.4882218,45.1911715],[20.4854856,45.1933193],[20.477994,45.1971281],[20.4767703,45.1968716],[20.4763053,45.1961962],[20.4764214,45.1954437],[20.4767313,45.1944398],[20.4762829,45.191637],[20.4765046,45.1911076],[20.4768873,45.1901943],[20.4770824,45.189462],[20.4772357,45.1888865],[20.4772992,45.1886481],[20.478369,45.1879958],[20.4800456,45.1876386],[20.4811374,45.1872126],[20.4820239,45.1864966],[20.4824932,45.1857858],[20.4832518,45.1852792],[20.4819449,45.1835898],[20.4805846,45.1825888],[20.4796107,45.182589],[20.4742943,45.1837773],[20.4707264,45.1841621],[20.4694658,45.1836465],[20.4696641,45.1818901],[20.4709918,45.1713623],[20.4666323,45.1728086],[20.4649813,45.1719871],[20.4654522,45.1672517],[20.4643849,45.1669785],[20.4602239,45.1700025],[20.4582857,45.1704164],[20.4577958,45.1686329],[20.4661159,45.1621043],[20.4585277,45.1529866],[20.4586194,45.1511336],[20.4652963,45.1470773],[20.4661634,45.1452921],[20.4646102,45.1444705],[20.4577244,45.1450903],[20.4519944,45.1387891],[20.448405,45.1374891],[20.4444169,45.131729],[20.4346304,45.1321503],[20.4330779,45.1313283],[20.4349149,45.1295424],[20.4522529,45.12678],[20.4523461,45.1254075],[20.4455463,45.1187584],[20.4412781,45.1157743],[20.4284667,45.1064229],[20.4237168,45.1047801],[20.4188678,45.1019021],[20.4170181,45.0973745],[20.4159319,45.0871507],[20.4140876,45.0849563],[20.4116645,45.083723]]]}},{"type":"Feature","properties":{"id":"RS-03","name":"North Banat"},"geometry":{"type":"Polygon","coordinates":[[[19.8726948,46.1512484],[19.8727975,46.1511656],[19.8742819,46.1499658],[19.8788963,46.1462207],[19.8881316,46.136313],[19.8894963,46.1348482],[19.892512,46.1321694],[19.8987306,46.126645],[19.8967509,46.1254715],[19.8955879,46.1247822],[19.8906001,46.1190705],[19.889216,46.1156935],[19.8871252,46.1105922],[19.8866294,46.1093824],[19.8838875,46.1060064],[19.883407,46.1057601],[19.8825747,46.1053335],[19.8791795,46.1035932],[19.8775947,46.1033116],[19.8724843,46.1024034],[19.8698203,46.1026684],[19.8682695,46.1020766],[19.8674612,46.1017681],[19.8670458,46.099348],[19.8670236,46.0992185],[19.866735,46.097537],[19.8648329,46.0864525],[19.8646523,46.0853999],[19.8646335,46.0852902],[19.8650176,46.0812016],[19.8658785,46.0720353],[19.8663478,46.067039],[19.8664011,46.0664718],[19.8674293,46.0555209],[19.8650627,46.0488198],[19.8640567,46.0459712],[19.8604605,46.0399199],[19.851663,46.0300743],[19.8514509,46.0298369],[19.8447581,46.0223456],[19.8430173,46.020397],[19.8428166,46.0201723],[19.8421349,46.0194092],[19.8420278,46.0192894],[19.8419069,46.019154],[19.8416122,46.0188772],[19.8414956,46.0187677],[19.8400646,46.0174235],[19.8358647,46.0134784],[19.8322067,46.008769],[19.8289582,46.0045865],[19.8259841,46.0007571],[19.8232355,45.9972177],[19.8216917,45.9952297],[19.8211644,45.9945507],[19.8172999,45.9884549],[19.8171905,45.9882824],[19.8156161,45.9857987],[19.8127795,45.9813237],[19.8112043,45.9785984],[19.8100073,45.9765274],[19.8099969,45.9757393],[19.8099752,45.974085],[19.8099429,45.9716313],[19.8098922,45.9677718],[19.8098214,45.9623839],[19.8096871,45.9521676],[19.8095205,45.9394881],[19.8093689,45.9279451],[19.8093676,45.9278481],[19.8093528,45.9267203],[19.8093923,45.9266742],[19.8125136,45.9234423],[19.8125426,45.9234124],[19.8115763,45.9229338],[19.8116026,45.9229027],[19.8123111,45.9220621],[19.8124579,45.9218879],[19.8127601,45.9215292],[19.8148332,45.9190692],[19.8148594,45.9190381],[19.8155635,45.9182025],[19.8161418,45.9175162],[19.8162734,45.9173539],[19.8167298,45.9167912],[19.8182738,45.9148873],[19.8182992,45.914856],[19.8186708,45.9143978],[19.8190633,45.9139138],[19.8200337,45.9127173],[19.8200564,45.9126898],[19.8205412,45.9121055],[19.8210855,45.9114494],[19.8211113,45.9114182],[19.821861,45.9105146],[19.8241853,45.9077126],[19.8246638,45.9071363],[19.8246897,45.9071052],[19.8264008,45.9050446],[19.8271692,45.9041192],[19.8273648,45.9038836],[19.8273362,45.9038096],[19.8272931,45.903698],[19.8264862,45.9035886],[19.8255551,45.9034625],[19.8249388,45.9033789],[19.8215482,45.9029193],[19.8222782,45.902139],[19.8224479,45.9019577],[19.8226054,45.9017892],[19.8229115,45.9014622],[19.8230362,45.9013288],[19.8233177,45.9010279],[19.8234435,45.9008934],[19.823542,45.9007881],[19.8236894,45.9006305],[19.8237892,45.9005239],[19.8239077,45.9003972],[19.8241058,45.9001854],[19.8242426,45.9000391],[19.8245255,45.8997367],[19.8225556,45.8987565],[19.8217684,45.8983688],[19.8217259,45.898348],[19.8203559,45.8976731],[19.8201453,45.8975694],[19.8184974,45.8967571],[19.8138929,45.8944872],[19.8139774,45.8941369],[19.8108093,45.892681],[19.8106732,45.8928459],[19.8079123,45.8913269],[19.8078716,45.8913045],[19.8075929,45.8911511],[19.8073127,45.890997],[19.8071689,45.8909179],[19.8070247,45.8908385],[19.8062582,45.8904167],[19.8058272,45.8901796],[19.8049062,45.8896729],[19.8046666,45.889541],[19.8044843,45.8894407],[19.8044326,45.8894122],[19.8007724,45.8873792],[19.8007319,45.8873567],[19.7982834,45.8859965],[19.7983749,45.8859097],[19.7985617,45.8857325],[19.7986624,45.8856368],[19.7977536,45.8851488],[19.7974729,45.8849981],[19.7971979,45.8848506],[19.7965611,45.8845086],[19.7962372,45.8843347],[19.795741,45.8840684],[19.7953888,45.8838792],[19.7931625,45.8826838],[19.7931216,45.8826619],[19.7924286,45.8822898],[19.7913881,45.8817173],[19.7889477,45.8803749],[19.7887334,45.8802566],[19.7886945,45.8802352],[19.7885696,45.8801662],[19.7888395,45.8799203],[19.790478,45.8782542],[19.7916815,45.8769695],[19.7917805,45.8768638],[19.7923592,45.8760463],[19.7925669,45.8757528],[19.7942204,45.8742651],[19.7946576,45.8741887],[19.7960865,45.8728385],[19.7975223,45.8711786],[19.7982362,45.8703533],[19.8000727,45.8680244],[19.8007684,45.8672157],[19.8021095,45.865657],[19.8022434,45.8655093],[19.8047348,45.8626793],[19.8064567,45.8607231],[19.8065998,45.8605606],[19.8093846,45.857937],[19.8132159,45.8543273],[19.8180015,45.8493201],[19.8193171,45.8479433],[19.8225659,45.8398058],[19.8224562,45.8381312],[19.8224161,45.8375196],[19.8219412,45.830269],[19.8203419,45.8234106],[19.8203039,45.8232966],[19.8208732,45.8223558],[19.8278399,45.8108414],[19.8278791,45.8107947],[19.8293423,45.807194],[19.8292784,45.8031454],[19.8259777,45.7991524],[19.8358093,45.7961046],[19.8360145,45.7950076],[19.8335776,45.7932824],[19.834175,45.792187],[19.8396645,45.7923462],[19.8399688,45.7911123],[19.8421291,45.7907092],[19.8433998,45.7911946],[19.8446078,45.7890337],[19.8448924,45.7885245],[19.849795,45.7884751],[19.8507841,45.7873811],[19.8486356,45.7863436],[19.8483526,45.7849702],[19.8459112,45.7837942],[19.8449441,45.7821436],[19.84808,45.7822932],[19.8488726,45.7812671],[19.8511135,45.7829912],[19.8533655,45.783343],[19.8541596,45.782111],[19.8559468,45.7814949],[19.8572219,45.7791724],[19.8584839,45.7807553],[19.8612415,45.7791192],[19.8628073,45.7794682],[19.8635036,45.7781672],[19.8620402,45.7772696],[19.865111,45.7731645],[19.8674432,45.7757806],[19.87029,45.7752424],[19.8721739,45.7724363],[19.8753224,45.7708698],[19.874556,45.7685342],[19.8761592,45.7648012],[19.8768507,45.7631908],[19.889889,45.7626207],[19.9369227,45.7636718],[19.9443768,45.7627348],[19.9531939,45.7632423],[19.9739092,45.7577945],[20.004521,45.7497351],[20.0210773,45.7501893],[20.0451832,45.7496297],[20.0691043,45.746252],[20.0818556,45.7425049],[20.0883364,45.7386071],[20.0914739,45.7378584],[20.0942152,45.7382753],[20.1174554,45.7311137],[20.1383751,45.7115953],[20.1424837,45.7129051],[20.163107,45.7280275],[20.1672076,45.7334526],[20.1672017,45.7359224],[20.1653309,45.7398989],[20.1616958,45.744079],[20.1477505,45.7562711],[20.1460683,45.7621686],[20.1498759,45.7675252],[20.153595,45.7695886],[20.1634876,45.7731347],[20.1704363,45.7770887],[20.1711187,45.7787361],[20.3079745,45.7858264],[20.3338525,45.7754683],[20.3402307,45.7840422],[20.342559,45.7835763],[20.3642469,45.7800575],[20.3643268,45.7645547],[20.3673743,45.759134],[20.3707818,45.7539883],[20.3751857,45.7498021],[20.3816469,45.7460263],[20.383559,45.7430513],[20.3899521,45.7320282],[20.3937563,45.7226969],[20.394628,45.7170713],[20.4112642,45.7115729],[20.4170347,45.7084818],[20.4237854,45.7062128],[20.4234841,45.7028518],[20.4243619,45.701342],[20.4275894,45.7000359],[20.4311026,45.6953683],[20.4302158,45.6929681],[20.4223816,45.6913283],[20.4157109,45.6842676],[20.413251,45.6740606],[20.4116626,45.6745091],[20.3945653,45.6805769],[20.3835807,45.6646674],[20.3784952,45.665973],[20.3764378,45.6637787],[20.3644089,45.6674873],[20.3608826,45.6637838],[20.3535494,45.6680389],[20.3608977,45.6773667],[20.3554201,45.679632],[20.3477766,45.6676284],[20.3474779,45.6617287],[20.3492363,45.6588472],[20.3554931,45.6550729],[20.3609694,45.6538367],[20.3684965,45.6501986],[20.3700589,45.6482087],[20.3698606,45.6460821],[20.3661377,45.6405952],[20.3604598,45.6351087],[20.355961,45.6342179],[20.346574,45.6340138],[20.3446344,45.6314675],[20.3441445,45.6301118],[20.342861,45.629311],[20.3321904,45.6165214],[20.3448932,45.6113067],[20.3755703,45.6020376],[20.38124,45.6032016],[20.3877008,45.6101962],[20.3943329,45.6020292],[20.4499852,45.6199604],[20.5350014,45.613192],[20.5160764,45.6586769],[20.5151506,45.6608999],[20.5221949,45.6853091],[20.5308347,45.6846143],[20.5452234,45.691855],[20.5563592,45.707954],[20.6112696,45.7035676],[20.6192618,45.7029269],[20.6272246,45.7043003],[20.630915,45.7479144],[20.6556451,45.7688368],[20.6512397,45.784898],[20.6520308,45.7859246],[20.6509872,45.7913457],[20.6623637,45.7940534],[20.6568336,45.8081986],[20.6543321,45.8075068],[20.6501444,45.8120524],[20.6599721,45.8291703],[20.6478858,45.8377018],[20.6293463,45.8512875],[20.6115437,45.8640673],[20.5987718,45.8616703],[20.5941989,45.8720391],[20.5808496,45.8693801],[20.5780163,45.8771334],[20.5764339,45.8766545],[20.5757681,45.8775718],[20.5747098,45.8790298],[20.5763632,45.8796902],[20.5742139,45.8841935],[20.5783194,45.8851285],[20.5764111,45.88982],[20.5688815,45.9104368],[20.5464425,45.9061043],[20.549901,45.9002224],[20.5154813,45.8921452],[20.5096315,45.9001378],[20.5017006,45.9106086],[20.4998516,45.9144672],[20.49876,45.9174027],[20.4975015,45.9213444],[20.4930748,45.9317135],[20.4863735,45.9469372],[20.4836292,45.9533816],[20.4767836,45.956684],[20.4628297,45.963338],[20.4475606,45.9703566],[20.4384314,45.9691595],[20.4270079,45.9678116],[20.4111827,45.9659813],[20.4061181,45.9652404],[20.3956888,45.9714916],[20.3876847,45.9762917],[20.3830285,45.978844],[20.3792335,45.981312],[20.3715118,45.9857661],[20.3611366,45.9922589],[20.3569067,45.9948271],[20.3517015,45.9977742],[20.3479736,45.9994108],[20.3481893,45.9998961],[20.3503194,45.9999823],[20.3515974,46.000034],[20.3527051,46.0000787],[20.3527305,46.0007947],[20.3525657,46.0017413],[20.35206,46.0026741],[20.3520705,46.0035682],[20.3528529,46.0044339],[20.3537454,46.0050062],[20.3561064,46.0053995],[20.3575905,46.0060553],[20.357376,46.0075956],[20.3551176,46.011079],[20.3450002,46.0287215],[20.3428711,46.0326855],[20.3407618,46.0364119],[20.3394896,46.0413643],[20.3413808,46.0443019],[20.343182,46.0472954],[20.3458757,46.0478218],[20.3422598,46.0501173],[20.3390702,46.052429],[20.3347969,46.055411],[20.3312405,46.0580055],[20.3267055,46.0610363],[20.3221701,46.0640671],[20.3172979,46.0670246],[20.3127514,46.0701741],[20.3094741,46.0724821],[20.31123,46.0739842],[20.310266,46.0762681],[20.308324,46.07595],[20.3062151,46.0796167],[20.3034235,46.0832554],[20.3024485,46.0866709],[20.2967706,46.0889994],[20.2923273,46.0909019],[20.2824909,46.0947871],[20.277891,46.0965044],[20.2734667,46.0981694],[20.2722447,46.1004427],[20.2685415,46.1036863],[20.2668417,46.1065358],[20.2649212,46.1089591],[20.2671424,46.1123005],[20.2677325,46.1124503],[20.2679031,46.1122257],[20.2680587,46.1120546],[20.2682786,46.1119245],[20.2684985,46.1118538],[20.2688043,46.1117757],[20.2691208,46.1117348],[20.2694776,46.1117473],[20.2698332,46.1117891],[20.2702259,46.1118538],[20.2706014,46.1119431],[20.2717606,46.1122867],[20.2726506,46.1125009],[20.2735304,46.1126497],[20.2742599,46.1127464],[20.2747763,46.1128031],[20.2749573,46.1128244],[20.2750753,46.1128505],[20.2751719,46.1128877],[20.2752615,46.1129373],[20.2753256,46.1129998],[20.2756429,46.1134849],[20.2757542,46.1136242],[20.2759122,46.1137541],[20.2761125,46.1139079],[20.276336,46.1140665],[20.2765988,46.1142896],[20.2768617,46.1145388],[20.2771889,46.1148549],[20.2774947,46.1151338],[20.2778112,46.1153755],[20.2780794,46.1155243],[20.2784053,46.1156683],[20.2787929,46.1157883],[20.2794122,46.115971],[20.2827407,46.1169606],[20.2832419,46.1181132],[20.2793491,46.1185489],[20.2751718,46.1173047],[20.2718077,46.1165705],[20.2674982,46.1168698],[20.2673016,46.1171036],[20.2649017,46.1177249],[20.2634426,46.1184389],[20.2623697,46.119718],[20.2621042,46.1201575],[20.2619969,46.1205256],[20.2619773,46.1208537],[20.2620382,46.1219023],[20.2621471,46.1223661],[20.2623456,46.1227603],[20.2624904,46.1230763],[20.262646,46.1233068],[20.2628123,46.1235448],[20.2630429,46.1237716],[20.2634131,46.1240839],[20.2639302,46.1243802],[20.2654422,46.1251372],[20.2646989,46.1257643],[20.2642709,46.1263554],[20.2635711,46.1261964],[20.2631449,46.1260435],[20.2628085,46.1257887],[20.2622772,46.1251257],[20.2621215,46.124936],[20.2549185,46.1157964],[20.2532392,46.1164153],[20.2532479,46.116429],[20.2524215,46.1170117],[20.2519717,46.1173343],[20.2515607,46.1184674],[20.2495541,46.1198675],[20.250075,46.1213899],[20.2495843,46.1234952],[20.25147,46.1252813],[20.251565,46.1264588],[20.2499793,46.1275782],[20.2482128,46.1298279],[20.233185,46.1238099],[20.2298221,46.1290693],[20.2103272,46.1354665],[20.2080373,46.1439414],[20.2041855,46.1462769],[20.1984551,46.1499218],[20.1907997,46.154649],[20.1818248,46.1600487],[20.1795112,46.1574763],[20.1692193,46.1527687],[20.1466913,46.1448277],[20.1372866,46.1442264],[20.1370506,46.14477],[20.1365624,46.1447646],[20.136729,46.1451064],[20.136829,46.1458985],[20.1369669,46.1458872],[20.1370296,46.1472912],[20.1348748,46.1474852],[20.1323618,46.1501691],[20.1267774,46.1525475],[20.1263064,46.1519517],[20.1157223,46.1576109],[20.1152945,46.1578416],[20.1151474,46.157955],[20.1110262,46.1602835],[20.1068581,46.1626527],[20.104688,46.1651821],[20.1037786,46.1716827],[20.1059569,46.173155],[20.1064904,46.1733208],[20.1060136,46.1747185],[20.1056605,46.174993],[20.1043017,46.1759053],[20.1035832,46.1763244],[20.1021854,46.1767667],[20.1012538,46.1769655],[20.1007111,46.1770083],[20.097011,46.1767144],[20.0958112,46.1772401],[20.0941319,46.1757361],[20.0924767,46.1742278],[20.0831967,46.165255],[20.0808552,46.163178],[20.0769675,46.1594377],[20.0744694,46.1568323],[20.0712706,46.1530866],[20.0685583,46.1503586],[20.0642344,46.1446083],[20.0637343,46.1436671],[20.0626192,46.146045],[20.0616815,46.1468695],[20.0607478,46.1472666],[20.0592135,46.1477175],[20.0580824,46.1479143],[20.0568871,46.1479694],[20.0550243,46.147863],[20.0489746,46.145876],[20.0455948,46.1449689],[20.0432502,46.1446088],[20.0409369,46.1444767],[20.0390205,46.1444438],[20.0372417,46.1446413],[20.0359006,46.1450638],[20.0344381,46.1457582],[20.0328437,46.1468756],[20.0317804,46.1479296],[20.0313388,46.1485862],[20.0299698,46.1512781],[20.0293629,46.1531691],[20.0288462,46.1542609],[20.027519,46.1586705],[20.0269936,46.160185],[20.0259187,46.1644916],[20.0254718,46.1658761],[20.0249569,46.1674066],[20.023675,46.1701489],[20.0233024,46.1714052],[20.0229765,46.1732993],[20.0224339,46.1733145],[20.017875,46.1756195],[20.0176424,46.1757217],[20.016589,46.1764557],[20.0163332,46.1766027],[20.0157938,46.176777],[20.015297,46.1765973],[20.0150039,46.1765744],[20.0116956,46.1765185],[20.0073998,46.1764399],[20.0014158,46.1763166],[20.0006966,46.1762858],[20.0001708,46.1762451],[19.9997792,46.1762431],[19.9992617,46.1762097],[19.9990976,46.1761561],[19.998928,46.1762246],[19.9946443,46.1761232],[19.9925868,46.1760298],[19.9884824,46.1759375],[19.9863956,46.1759195],[19.9857756,46.1759306],[19.9846831,46.1759289],[19.9844667,46.175932],[19.9838381,46.1759404],[19.9836433,46.175939],[19.9793213,46.1759295],[19.978525,46.1759304],[19.9757326,46.1759296],[19.9725622,46.1758619],[19.9722758,46.1759767],[19.9721473,46.1759481],[19.9689936,46.1758706],[19.9662547,46.1757782],[19.9662266,46.1757952],[19.965342,46.1757516],[19.9650042,46.175754],[19.9643015,46.1757589],[19.9638547,46.1757644],[19.9615322,46.1758355],[19.9583343,46.1758868],[19.9583311,46.1759153],[19.9550875,46.1759381],[19.9529209,46.1759693],[19.9487098,46.1759454],[19.948235,46.1759507],[19.9453839,46.1759934],[19.9447003,46.1759649],[19.9419746,46.1760535],[19.9419812,46.1761317],[19.9397047,46.1761648],[19.939104,46.176159],[19.9389701,46.1761987],[19.9369427,46.1761988],[19.9351389,46.1761932],[19.9338364,46.1753311],[19.9279217,46.1709708],[19.9264644,46.1699699],[19.9244613,46.1685989],[19.9218436,46.1669527],[19.9148804,46.1639849],[19.9102354,46.1630491],[19.9053309,46.1615643],[19.8978213,46.1598806],[19.8949098,46.1588367],[19.89131,46.1575506],[19.8847182,46.1551868],[19.881985,46.1542083],[19.8780254,46.1528441],[19.8750322,46.1518323],[19.8743007,46.1515862],[19.8733725,46.1513556],[19.8726948,46.1512484]]]}},{"type":"Feature","properties":{"id":"RS-01","name":"North Ba\u010dka"},"geometry":{"type":"Polygon","coordinates":[[[19.8726948,46.1512484],[19.8627122,46.1500232],[19.8615485,46.1499725],[19.8542506,46.14987],[19.8531941,46.1497905],[19.8526973,46.1494536],[19.8495182,46.1457372],[19.8477176,46.144217],[19.8464251,46.1431275],[19.8456869,46.1425178],[19.8456029,46.142435],[19.8455342,46.1423756],[19.8452912,46.1421742],[19.8450758,46.1419976],[19.8442445,46.1414042],[19.8410411,46.1398105],[19.8384849,46.1385567],[19.8334583,46.1360751],[19.8310397,46.1348897],[19.8218397,46.1304195],[19.8208651,46.1298305],[19.8178337,46.1277866],[19.8166724,46.1284652],[19.8141569,46.1304416],[19.8125725,46.1312818],[19.8121963,46.1313792],[19.8082851,46.1319399],[19.8062376,46.1331776],[19.8049873,46.1335286],[19.8017284,46.1349509],[19.7995002,46.1363786],[19.7980168,46.1385685],[19.7981298,46.138943],[19.7979256,46.1391188],[19.7973065,46.1394639],[19.7971637,46.1394929],[19.7951874,46.1394729],[19.7949189,46.1395507],[19.7938312,46.1401434],[19.7935632,46.1401779],[19.7932959,46.1401311],[19.7930986,46.1400417],[19.7919439,46.1392855],[19.7915018,46.1393009],[19.7892398,46.1401908],[19.7871586,46.1411667],[19.7848598,46.1426921],[19.7828984,46.1436662],[19.7806854,46.1445304],[19.7802758,46.1445566],[19.7755723,46.1439609],[19.7717827,46.144152],[19.7704563,46.1445354],[19.7693087,46.1447471],[19.7689855,46.1447523],[19.7680684,46.1449764],[19.7656265,46.1460259],[19.7616286,46.1465662],[19.7584851,46.1478759],[19.757239,46.149217],[19.7557647,46.1502338],[19.7551542,46.1507518],[19.7530693,46.1524758],[19.7498262,46.1556361],[19.7484024,46.1564859],[19.7447558,46.1603514],[19.741041,46.1656458],[19.739693,46.1664765],[19.7340335,46.1698249],[19.7327051,46.1701338],[19.7314144,46.1695397],[19.7303053,46.1688606],[19.7283768,46.168312],[19.7270598,46.1681038],[19.726121,46.168266],[19.7247592,46.1692721],[19.7218051,46.1695877],[19.7179332,46.1715891],[19.7175239,46.1732442],[19.7180003,46.1741226],[19.7179942,46.1741885],[19.7174101,46.1750673],[19.7176989,46.1758653],[19.7176724,46.1759806],[19.7143178,46.1777861],[19.7117346,46.1793729],[19.7104704,46.1800891],[19.7087914,46.1810232],[19.7075279,46.1816862],[19.7066538,46.1821456],[19.7057987,46.1825623],[19.703298,46.1839813],[19.7019883,46.1852353],[19.7014672,46.1859237],[19.7007843,46.1866738],[19.6998298,46.1874615],[19.6980954,46.18793],[19.6972051,46.1877557],[19.696453,46.1874455],[19.6907118,46.1841652],[19.6877536,46.1824972],[19.686297,46.1817982],[19.6868934,46.180858],[19.6865235,46.1801107],[19.6857177,46.1798294],[19.6849051,46.1799372],[19.6844609,46.1796775],[19.6825437,46.1797353],[19.6819938,46.1801029],[19.6799142,46.1806959],[19.6794256,46.1809979],[19.6780785,46.1815553],[19.6765567,46.1818411],[19.6758493,46.1827178],[19.6732719,46.183885],[19.6722004,46.1853532],[19.6702835,46.1865601],[19.6697504,46.1857884],[19.6695821,46.1840195],[19.6679328,46.1848744],[19.6649294,46.1870428],[19.6638492,46.1890231],[19.6615385,46.1900524],[19.6316962,46.1693108],[19.6316169,46.1692557],[19.6079765,46.1727729],[19.606366,46.1721282],[19.6055112,46.1731399],[19.5676294,46.1787179],[19.5631497,46.1769784],[19.5642619,46.1756179],[19.5598325,46.1739294],[19.5631693,46.1697583],[19.5609214,46.1688937],[19.5592037,46.168228],[19.5586322,46.168016],[19.5604429,46.1662977],[19.5574069,46.1646142],[19.554434,46.162973],[19.5521744,46.1617127],[19.5485921,46.1597116],[19.5443427,46.1573611],[19.5387715,46.1542697],[19.5364266,46.15297],[19.5344803,46.1518824],[19.5338513,46.1522275],[19.5305808,46.1501012],[19.5303949,46.150229],[19.5266215,46.147755],[19.5265629,46.1476923],[19.5232919,46.1490553],[19.5199973,46.1504257],[19.5167587,46.1517353],[19.516653,46.1516483],[19.5131308,46.1493828],[19.5133766,46.1491872],[19.5115283,46.1479732],[19.50562,46.144141],[19.502454,46.1420863],[19.5093977,46.1374103],[19.5094421,46.1373526],[19.509414,46.137284],[19.5081311,46.1356852],[19.5074731,46.13463],[19.5074386,46.1345301],[19.5074603,46.1344605],[19.5078023,46.1338885],[19.5080822,46.133599],[19.510374,46.1319442],[19.5129255,46.1303708],[19.5135381,46.1299055],[19.5157215,46.1284407],[19.5177876,46.1271219],[19.5184569,46.1267096],[19.5204228,46.1253027],[19.5226294,46.1238584],[19.5248661,46.122392],[19.5270685,46.1209367],[19.5225381,46.1180513],[19.5089682,46.1107261],[19.4959525,46.1069619],[19.4914073,46.1054046],[19.4897417,46.1046705],[19.4883122,46.1042397],[19.4857607,46.1034939],[19.4850057,46.1047375],[19.4818399,46.1048042],[19.4803497,46.1017651],[19.4767619,46.1004848],[19.4735442,46.0986942],[19.4713281,46.097744],[19.4709893,46.0972274],[19.4707825,46.0965902],[19.4652551,46.095448],[19.4644229,46.0952749],[19.4669294,46.089006],[19.4665282,46.081649],[19.4616337,46.0791032],[19.4583307,46.0773857],[19.4490755,46.0724171],[19.440984,46.067873],[19.4396712,46.0671113],[19.4382518,46.0661783],[19.4347918,46.063552],[19.4330976,46.0622432],[19.4285926,46.0589427],[19.4230059,46.0549398],[19.4157194,46.0459709],[19.4154393,46.0457307],[19.4083186,46.0442588],[19.4043795,46.0435561],[19.4003565,46.0428386],[19.3950701,46.0419678],[19.3912388,46.0404074],[19.3810743,46.0361698],[19.3801798,46.0358061],[19.3797466,46.0362898],[19.3693805,46.0478369],[19.364162,46.0521699],[19.2816008,46.0145217],[19.285155,46.0103581],[19.2921813,46.0028143],[19.2938523,46.0010692],[19.2974011,45.9972016],[19.3027132,45.9915575],[19.3176288,45.9760262],[19.328453,45.9584755],[19.3462593,45.9636981],[19.3436597,45.937116],[19.3470529,45.9340547],[19.3560876,45.9403723],[19.3599011,45.9415691],[19.36796,45.9416324],[19.3734266,45.9404281],[19.3738004,45.9403457],[19.3739776,45.9403067],[19.3584751,45.9306221],[19.3511149,45.9260236],[19.350969,45.9259324],[19.3468422,45.9233538],[19.3423892,45.9205713],[19.3348195,45.9158409],[19.3401816,45.9066324],[19.3449771,45.8983957],[19.3455696,45.8973779],[19.3498773,45.8899779],[19.3499685,45.8898211],[19.3558195,45.8797682],[19.3496077,45.8744632],[19.3475178,45.8726936],[19.3443007,45.8699305],[19.3478169,45.8633027],[19.3604794,45.8394203],[19.3665786,45.8345577],[19.36931,45.8313792],[19.3747795,45.825014],[19.3785535,45.822161],[19.3872266,45.8196204],[19.3948374,45.8163736],[19.4061287,45.80368],[19.4214665,45.7938701],[19.428728,45.7843228],[19.4517711,45.7540151],[19.4544603,45.7524571],[19.4747193,45.740713],[19.490599,45.7315058],[19.495263,45.7311397],[19.502707,45.7341276],[19.5038537,45.7352208],[19.5082166,45.7393802],[19.5144482,45.7420982],[19.5218401,45.746623],[19.5226084,45.7470933],[19.5340567,45.7481293],[19.5418096,45.7471503],[19.5538407,45.7411887],[19.5551347,45.7396187],[19.5549732,45.7370101],[19.5565557,45.7358536],[19.5566649,45.7358238],[19.56786,45.7327682],[19.5703438,45.7305719],[19.5727146,45.7284754],[19.5790896,45.72776],[19.5855912,45.7247806],[19.5829093,45.7200295],[19.5764191,45.7144999],[19.5713104,45.7082238],[19.5691217,45.7033382],[19.5969136,45.6888337],[19.6168042,45.678444],[19.6261418,45.662759],[19.6124371,45.6551065],[19.6093438,45.653379],[19.5976254,45.6468346],[19.7048005,45.6110679],[19.717283,45.6138076],[19.7358821,45.6208302],[19.7410325,45.6239429],[19.7513438,45.6392934],[19.7499793,45.6589106],[19.7577366,45.6660145],[19.7745984,45.6938129],[19.778593,45.7036508],[19.7639757,45.7300613],[19.7666135,45.7307595],[19.7703865,45.7315485],[19.7763422,45.7327938],[19.7817762,45.7339301],[19.7913723,45.7359365],[19.7976666,45.7372526],[19.8020483,45.7381687],[19.8095264,45.7405801],[19.815054,45.7423624],[19.8164855,45.7428239],[19.816892,45.742955],[19.8206646,45.7441715],[19.8256494,45.7457787],[19.8319076,45.7477964],[19.8364469,45.7492599],[19.8386235,45.750077],[19.8450869,45.7525032],[19.8516181,45.7567142],[19.854145,45.7593314],[19.8594149,45.7620962],[19.867046,45.7637719],[19.8768507,45.7631908],[19.8761592,45.7648012],[19.874556,45.7685342],[19.8753224,45.7708698],[19.8721739,45.7724363],[19.87029,45.7752424],[19.8674432,45.7757806],[19.865111,45.7731645],[19.8620402,45.7772696],[19.8635036,45.7781672],[19.8628073,45.7794682],[19.8612415,45.7791192],[19.8584839,45.7807553],[19.8572219,45.7791724],[19.8559468,45.7814949],[19.8541596,45.782111],[19.8533655,45.783343],[19.8511135,45.7829912],[19.8488726,45.7812671],[19.84808,45.7822932],[19.8449441,45.7821436],[19.8459112,45.7837942],[19.8483526,45.7849702],[19.8486356,45.7863436],[19.8507841,45.7873811],[19.849795,45.7884751],[19.8448924,45.7885245],[19.8446078,45.7890337],[19.8433998,45.7911946],[19.8421291,45.7907092],[19.8399688,45.7911123],[19.8396645,45.7923462],[19.834175,45.792187],[19.8335776,45.7932824],[19.8360145,45.7950076],[19.8358093,45.7961046],[19.8259777,45.7991524],[19.8292784,45.8031454],[19.8293423,45.807194],[19.8278791,45.8107947],[19.8278399,45.8108414],[19.8208732,45.8223558],[19.8203039,45.8232966],[19.8203419,45.8234106],[19.8219412,45.830269],[19.8224161,45.8375196],[19.8224562,45.8381312],[19.8225659,45.8398058],[19.8193171,45.8479433],[19.8180015,45.8493201],[19.8132159,45.8543273],[19.8093846,45.857937],[19.8065998,45.8605606],[19.8064567,45.8607231],[19.8047348,45.8626793],[19.8022434,45.8655093],[19.8021095,45.865657],[19.8007684,45.8672157],[19.8000727,45.8680244],[19.7982362,45.8703533],[19.7975223,45.8711786],[19.7960865,45.8728385],[19.7946576,45.8741887],[19.7942204,45.8742651],[19.7925669,45.8757528],[19.7923592,45.8760463],[19.7917805,45.8768638],[19.7916815,45.8769695],[19.790478,45.8782542],[19.7888395,45.8799203],[19.7885696,45.8801662],[19.7886945,45.8802352],[19.7887334,45.8802566],[19.7889477,45.8803749],[19.7913881,45.8817173],[19.7924286,45.8822898],[19.7931216,45.8826619],[19.7931625,45.8826838],[19.7953888,45.8838792],[19.795741,45.8840684],[19.7962372,45.8843347],[19.7965611,45.8845086],[19.7971979,45.8848506],[19.7974729,45.8849981],[19.7977536,45.8851488],[19.7986624,45.8856368],[19.7985617,45.8857325],[19.7983749,45.8859097],[19.7982834,45.8859965],[19.8007319,45.8873567],[19.8007724,45.8873792],[19.8044326,45.8894122],[19.8044843,45.8894407],[19.8046666,45.889541],[19.8049062,45.8896729],[19.8058272,45.8901796],[19.8062582,45.8904167],[19.8070247,45.8908385],[19.8071689,45.8909179],[19.8073127,45.890997],[19.8075929,45.8911511],[19.8078716,45.8913045],[19.8079123,45.8913269],[19.8106732,45.8928459],[19.8108093,45.892681],[19.8139774,45.8941369],[19.8138929,45.8944872],[19.8184974,45.8967571],[19.8201453,45.8975694],[19.8203559,45.8976731],[19.8217259,45.898348],[19.8217684,45.8983688],[19.8225556,45.8987565],[19.8245255,45.8997367],[19.8242426,45.9000391],[19.8241058,45.9001854],[19.8239077,45.9003972],[19.8237892,45.9005239],[19.8236894,45.9006305],[19.823542,45.9007881],[19.8234435,45.9008934],[19.8233177,45.9010279],[19.8230362,45.9013288],[19.8229115,45.9014622],[19.8226054,45.9017892],[19.8224479,45.9019577],[19.8222782,45.902139],[19.8215482,45.9029193],[19.8249388,45.9033789],[19.8255551,45.9034625],[19.8264862,45.9035886],[19.8272931,45.903698],[19.8273362,45.9038096],[19.8273648,45.9038836],[19.8271692,45.9041192],[19.8264008,45.9050446],[19.8246897,45.9071052],[19.8246638,45.9071363],[19.8241853,45.9077126],[19.821861,45.9105146],[19.8211113,45.9114182],[19.8210855,45.9114494],[19.8205412,45.9121055],[19.8200564,45.9126898],[19.8200337,45.9127173],[19.8190633,45.9139138],[19.8186708,45.9143978],[19.8182992,45.914856],[19.8182738,45.9148873],[19.8167298,45.9167912],[19.8162734,45.9173539],[19.8161418,45.9175162],[19.8155635,45.9182025],[19.8148594,45.9190381],[19.8148332,45.9190692],[19.8127601,45.9215292],[19.8124579,45.9218879],[19.8123111,45.9220621],[19.8116026,45.9229027],[19.8115763,45.9229338],[19.8125426,45.9234124],[19.8125136,45.9234423],[19.8093923,45.9266742],[19.8093528,45.9267203],[19.8093676,45.9278481],[19.8093689,45.9279451],[19.8095205,45.9394881],[19.8096871,45.9521676],[19.8098214,45.9623839],[19.8098922,45.9677718],[19.8099429,45.9716313],[19.8099752,45.974085],[19.8099969,45.9757393],[19.8100073,45.9765274],[19.8112043,45.9785984],[19.8127795,45.9813237],[19.8156161,45.9857987],[19.8171905,45.9882824],[19.8172999,45.9884549],[19.8211644,45.9945507],[19.8216917,45.9952297],[19.8232355,45.9972177],[19.8259841,46.0007571],[19.8289582,46.0045865],[19.8322067,46.008769],[19.8358647,46.0134784],[19.8400646,46.0174235],[19.8414956,46.0187677],[19.8416122,46.0188772],[19.8419069,46.019154],[19.8420278,46.0192894],[19.8421349,46.0194092],[19.8428166,46.0201723],[19.8430173,46.020397],[19.8447581,46.0223456],[19.8514509,46.0298369],[19.851663,46.0300743],[19.8604605,46.0399199],[19.8640567,46.0459712],[19.8650627,46.0488198],[19.8674293,46.0555209],[19.8664011,46.0664718],[19.8663478,46.067039],[19.8658785,46.0720353],[19.8650176,46.0812016],[19.8646335,46.0852902],[19.8646523,46.0853999],[19.8648329,46.0864525],[19.866735,46.097537],[19.8670236,46.0992185],[19.8670458,46.099348],[19.8674612,46.1017681],[19.8682695,46.1020766],[19.8698203,46.1026684],[19.8724843,46.1024034],[19.8775947,46.1033116],[19.8791795,46.1035932],[19.8825747,46.1053335],[19.883407,46.1057601],[19.8838875,46.1060064],[19.8866294,46.1093824],[19.8871252,46.1105922],[19.889216,46.1156935],[19.8906001,46.1190705],[19.8955879,46.1247822],[19.8967509,46.1254715],[19.8987306,46.126645],[19.892512,46.1321694],[19.8894963,46.1348482],[19.8881316,46.136313],[19.8788963,46.1462207],[19.8742819,46.1499658],[19.8727975,46.1511656],[19.8726948,46.1512484]]]}},{"type":"Feature","properties":{"id":"RS-02","name":"Central Banat"},"geometry":{"type":"Polygon","coordinates":[[[20.3316801,45.0742882],[20.3472725,45.0810104],[20.3536666,45.0849887],[20.3578304,45.0850561],[20.3626744,45.0873189],[20.3713977,45.093903],[20.382731,45.0956818],[20.3883464,45.0945122],[20.4056708,45.0888055],[20.4074086,45.0860594],[20.4116645,45.083723],[20.4140876,45.0849563],[20.4159319,45.0871507],[20.4170181,45.0973745],[20.4188678,45.1019021],[20.4237168,45.1047801],[20.4284667,45.1064229],[20.4412781,45.1157743],[20.4455463,45.1187584],[20.4523461,45.1254075],[20.4522529,45.12678],[20.4349149,45.1295424],[20.4330779,45.1313283],[20.4346304,45.1321503],[20.4444169,45.131729],[20.448405,45.1374891],[20.4519944,45.1387891],[20.4577244,45.1450903],[20.4646102,45.1444705],[20.4661634,45.1452921],[20.4652963,45.1470773],[20.4586194,45.1511336],[20.4585277,45.1529866],[20.4661159,45.1621043],[20.4577958,45.1686329],[20.4582857,45.1704164],[20.4602239,45.1700025],[20.4643849,45.1669785],[20.4654522,45.1672517],[20.4649813,45.1719871],[20.4666323,45.1728086],[20.4709918,45.1713623],[20.4696641,45.1818901],[20.4694658,45.1836465],[20.4707264,45.1841621],[20.4742943,45.1837773],[20.4796107,45.182589],[20.4805846,45.1825888],[20.4819449,45.1835898],[20.4832518,45.1852792],[20.4824932,45.1857858],[20.4820239,45.1864966],[20.4811374,45.1872126],[20.4800456,45.1876386],[20.478369,45.1879958],[20.4772992,45.1886481],[20.4772357,45.1888865],[20.4770824,45.189462],[20.4768873,45.1901943],[20.4765046,45.1911076],[20.4762829,45.191637],[20.4767313,45.1944398],[20.4764214,45.1954437],[20.4763053,45.1961962],[20.4767703,45.1968716],[20.477994,45.1971281],[20.4854856,45.1933193],[20.4882218,45.1911715],[20.4882339,45.1948084],[20.4861164,45.1998891],[20.4873941,45.204828],[20.4905124,45.2088037],[20.5009224,45.2164058],[20.505014,45.220723],[20.5071518,45.2214059],[20.5096716,45.2204415],[20.5112179,45.218655],[20.5105316,45.2168033],[20.4992575,45.2121539],[20.4979909,45.2107147],[20.5007023,45.2091325],[20.5086578,45.208709],[20.5120467,45.2067825],[20.513588,45.2038294],[20.5178551,45.2032737],[20.5189282,45.2047816],[20.5189444,45.2089674],[20.5215652,45.2091691],[20.5283446,45.2059327],[20.5299982,45.2069592],[20.537707,45.2172391],[20.5391627,45.2172365],[20.5400297,45.2157254],[20.5396331,45.213736],[20.5482622,45.2163252],[20.549926,45.2151584],[20.5501125,45.2134425],[20.5470735,45.2064488],[20.5485241,45.2053482],[20.5521389,45.2108998],[20.5538843,45.210622],[20.555334,45.2093154],[20.5590595,45.208226],[20.5674602,45.2086741],[20.5712392,45.2075686],[20.5742575,45.2096897],[20.5754326,45.2118831],[20.5737229,45.2195037],[20.5749002,45.2221089],[20.5756279,45.2319888],[20.5766063,45.2335651],[20.5814741,45.2363683],[20.584663,45.2369776],[20.5893333,45.235528],[20.5958408,45.2361314],[20.617234,45.2252394],[20.625175,45.222132],[20.6262465,45.2228155],[20.6294478,45.222533],[20.6295556,45.2243855],[20.6276257,45.2263118],[20.6277502,45.2310465],[20.6778007,45.2110098],[20.6818765,45.2110665],[20.6850646,45.2089982],[20.6866269,45.2104346],[20.6891449,45.2097408],[20.6876749,45.2076179],[20.6903816,45.2061685],[20.677319,45.1970115],[20.7188158,45.1831647],[20.7257973,45.1761094],[20.7323408,45.1690189],[20.7368426,45.1678466],[20.7416986,45.1764466],[20.7457636,45.1829358],[20.7563147,45.2007773],[20.7647137,45.2139599],[20.7654495,45.2139313],[20.7672371,45.2141626],[20.783335,45.2085272],[20.7836937,45.2091168],[20.784421,45.2089437],[20.7955962,45.2241283],[20.801849,45.22314],[20.8096888,45.2219009],[20.8101163,45.2218332],[20.8105914,45.2217694],[20.8108088,45.2219184],[20.8119903,45.2227284],[20.812967,45.2233979],[20.8144774,45.2244332],[20.8167086,45.2259627],[20.8624155,45.2572847],[20.8239748,45.2740648],[20.8690583,45.2838035],[20.8744357,45.2870236],[20.8957251,45.299766],[20.9002651,45.302482],[20.9468385,45.3161632],[21.007082,45.3234893],[21.0123032,45.3241181],[21.0171231,45.3242108],[21.0164747,45.3250221],[21.0151021,45.3277142],[21.0144368,45.3287631],[21.0137507,45.3313005],[21.0124579,45.334055],[21.0118053,45.336117],[21.0103354,45.3389844],[21.0094046,45.3413941],[21.0018085,45.3413071],[20.9991627,45.3416912],[20.9955265,45.3441254],[20.9918734,45.3467954],[20.9880008,45.3501721],[20.9857754,45.3529521],[20.9822768,45.3569973],[20.9776825,45.3598121],[20.9736487,45.3618724],[20.9697831,45.3639388],[20.9654498,45.3654523],[20.9610489,45.3667251],[20.9579872,45.3693562],[20.9550179,45.3718714],[20.9516899,45.3746717],[20.9504854,45.3785008],[20.9496895,45.3825231],[20.9489703,45.3854759],[20.9476724,45.3847149],[20.9470704,45.3836807],[20.9456327,45.3836891],[20.9441566,45.3842321],[20.9432323,45.385331],[20.9425107,45.3859605],[20.9365569,45.3864632],[20.9316405,45.3866454],[20.930869,45.3903111],[20.9304831,45.392144],[20.9362091,45.3924672],[20.9345014,45.3962188],[20.9325768,45.4006178],[20.9318833,45.4020227],[20.9312,45.4021175],[20.9299347,45.4020724],[20.9291412,45.4025207],[20.9286464,45.4035157],[20.9275697,45.4043709],[20.9259869,45.405208],[20.9244152,45.4070581],[20.9221486,45.4138277],[20.9209838,45.4170625],[20.9112517,45.4171297],[20.905684,45.4169276],[20.9010443,45.4167591],[20.897486,45.4180001],[20.8944423,45.4191406],[20.890094,45.4207698],[20.8846378,45.4224786],[20.8796961,45.4241452],[20.8756888,45.4257273],[20.871629,45.4280223],[20.8666013,45.4308182],[20.8649326,45.4316512],[20.8656772,45.4318568],[20.8666916,45.4318938],[20.8685262,45.4322582],[20.8696901,45.4325388],[20.8696465,45.4331329],[20.8686835,45.4335745],[20.8673027,45.4339414],[20.8667571,45.4344577],[20.866536,45.4351645],[20.8669857,45.4359552],[20.8678747,45.4365237],[20.8692075,45.4368103],[20.8712867,45.4373028],[20.8734722,45.4375013],[20.8752226,45.4378627],[20.8755793,45.4387693],[20.8757193,45.4403232],[20.8754896,45.4411488],[20.8748526,45.4429128],[20.873811,45.4444238],[20.8733907,45.4455404],[20.8737779,45.446031],[20.8745288,45.4461774],[20.875479,45.4459141],[20.8769574,45.4453721],[20.8783122,45.4453617],[20.8799741,45.4457795],[20.8812898,45.4463038],[20.8799237,45.4476243],[20.878837,45.4485975],[20.8786525,45.449961],[20.8781975,45.4515529],[20.8786126,45.4528189],[20.8792271,45.4536752],[20.8790818,45.4545039],[20.8774735,45.4545051],[20.8760385,45.454453],[20.8746251,45.4541038],[20.8733415,45.4542955],[20.8716505,45.4554255],[20.8709054,45.4563515],[20.8712796,45.4570204],[20.8712143,45.4579116],[20.8711446,45.4588622],[20.8699076,45.4607235],[20.8675033,45.4634956],[20.8661497,45.4646378],[20.8643548,45.4648705],[20.8618757,45.4651974],[20.86065,45.4657486],[20.8518294,45.4705513],[20.8492314,45.4718411],[20.8427756,45.4750476],[20.8371728,45.4775247],[20.8333698,45.4797076],[20.8224453,45.4797206],[20.8106006,45.4795805],[20.7929022,45.4795813],[20.787742,45.4795096],[20.7818972,45.4795317],[20.7766524,45.4794569],[20.7715497,45.4797448],[20.7716171,45.487849],[20.7775331,45.4902719],[20.7742419,45.4940223],[20.7718131,45.4970302],[20.7693086,45.4999162],[20.7742389,45.5019453],[20.778756,45.5038399],[20.7835268,45.5057439],[20.7974098,45.5115594],[20.806625,45.5152363],[20.8125593,45.519745],[20.8158118,45.5227248],[20.8191138,45.526183],[20.8219173,45.5283717],[20.8245387,45.5307325],[20.8284643,45.5337968],[20.8330702,45.5356944],[20.8307181,45.5376928],[20.8247597,45.5448593],[20.8199646,45.5500434],[20.8231426,45.5517694],[20.8200555,45.5556465],[20.8174307,45.5590046],[20.8115036,45.5656956],[20.8139525,45.5681095],[20.8022147,45.5798874],[20.7957985,45.5873943],[20.7721722,45.5822902],[20.7711724,45.5876742],[20.7689902,45.5974823],[20.7665839,45.6091287],[20.765994,45.6124429],[20.7737964,45.6181527],[20.7792572,45.6222866],[20.7821689,45.628709],[20.7851523,45.6364446],[20.7887695,45.6447994],[20.8048268,45.6571892],[20.8016795,45.6651744],[20.7998203,45.6718372],[20.8017475,45.6789976],[20.8028853,45.6819588],[20.7958867,45.6868823],[20.8011985,45.6964913],[20.8022244,45.6998058],[20.7989246,45.7018],[20.7988324,45.7021295],[20.7994992,45.7023979],[20.8010418,45.7019661],[20.8011486,45.7050678],[20.801251,45.7082289],[20.8012903,45.7119761],[20.8015048,45.7172932],[20.8024241,45.733352],[20.8024286,45.73782],[20.8047016,45.74267],[20.807846,45.7483863],[20.8157863,45.7491571],[20.8174708,45.7516613],[20.818737,45.7574856],[20.8205036,45.7645791],[20.8215855,45.7683117],[20.8225334,45.7715629],[20.8231374,45.7748612],[20.8188704,45.7761355],[20.813571,45.7775503],[20.8076597,45.7791778],[20.8016676,45.7807428],[20.7968816,45.7821142],[20.7910631,45.7836261],[20.7828844,45.785944],[20.7816978,45.7813726],[20.780824,45.7771702],[20.779508,45.7731898],[20.7780938,45.7693844],[20.7769525,45.7653508],[20.7754673,45.7613641],[20.7747457,45.7574057],[20.7740278,45.7545197],[20.7675379,45.7548152],[20.7567108,45.7550692],[20.750913,45.7552117],[20.7448515,45.7554636],[20.7386206,45.7557074],[20.7324035,45.7557707],[20.730038,45.7544304],[20.7292381,45.7548768],[20.7251529,45.7537696],[20.7208043,45.7527715],[20.7192695,45.7517009],[20.7177861,45.7521811],[20.7179151,45.749386],[20.7165303,45.7496912],[20.7142138,45.7488294],[20.7120892,45.751013],[20.7091605,45.7503664],[20.7072966,45.7513684],[20.7061497,45.750789],[20.7032238,45.7512147],[20.7006242,45.7508476],[20.6999421,45.7507335],[20.696726,45.7604416],[20.6924347,45.7598032],[20.6907367,45.7663516],[20.6943587,45.7668457],[20.6902423,45.7782474],[20.6813476,45.7974515],[20.6623637,45.7940534],[20.6509872,45.7913457],[20.6520308,45.7859246],[20.6512397,45.784898],[20.6556451,45.7688368],[20.630915,45.7479144],[20.6272246,45.7043003],[20.6192618,45.7029269],[20.6112696,45.7035676],[20.5563592,45.707954],[20.5452234,45.691855],[20.5308347,45.6846143],[20.5221949,45.6853091],[20.5151506,45.6608999],[20.5160764,45.6586769],[20.5350014,45.613192],[20.4499852,45.6199604],[20.3943329,45.6020292],[20.3877008,45.6101962],[20.38124,45.6032016],[20.3755703,45.6020376],[20.3448932,45.6113067],[20.3321904,45.6165214],[20.342861,45.629311],[20.3441445,45.6301118],[20.3446344,45.6314675],[20.346574,45.6340138],[20.355961,45.6342179],[20.3604598,45.6351087],[20.3661377,45.6405952],[20.3698606,45.6460821],[20.3700589,45.6482087],[20.3684965,45.6501986],[20.3609694,45.6538367],[20.3554931,45.6550729],[20.3492363,45.6588472],[20.3474779,45.6617287],[20.3477766,45.6676284],[20.3554201,45.679632],[20.3608977,45.6773667],[20.3535494,45.6680389],[20.3608826,45.6637838],[20.3644089,45.6674873],[20.3764378,45.6637787],[20.3784952,45.665973],[20.3835807,45.6646674],[20.3945653,45.6805769],[20.4116626,45.6745091],[20.413251,45.6740606],[20.4157109,45.6842676],[20.4223816,45.6913283],[20.4302158,45.6929681],[20.4311026,45.6953683],[20.4275894,45.7000359],[20.4243619,45.701342],[20.4234841,45.7028518],[20.4237854,45.7062128],[20.4170347,45.7084818],[20.4112642,45.7115729],[20.394628,45.7170713],[20.3937563,45.7226969],[20.3899521,45.7320282],[20.383559,45.7430513],[20.3816469,45.7460263],[20.3751857,45.7498021],[20.3707818,45.7539883],[20.3673743,45.759134],[20.3643268,45.7645547],[20.3642469,45.7800575],[20.342559,45.7835763],[20.3402307,45.7840422],[20.3338525,45.7754683],[20.3079745,45.7858264],[20.1711187,45.7787361],[20.1704363,45.7770887],[20.1634876,45.7731347],[20.153595,45.7695886],[20.1498759,45.7675252],[20.1460683,45.7621686],[20.1477505,45.7562711],[20.1616958,45.744079],[20.1653309,45.7398989],[20.1672017,45.7359224],[20.1672076,45.7334526],[20.163107,45.7280275],[20.1424837,45.7129051],[20.1383751,45.7115953],[20.1271235,45.7088332],[20.1195878,45.7077915],[20.1059768,45.7083163],[20.0956897,45.7101495],[20.0932453,45.709253],[20.0946354,45.703973],[20.1009336,45.6948602],[20.1006493,45.6922527],[20.0978297,45.6870332],[20.0893395,45.6804993],[20.0887607,45.6783027],[20.0902429,45.6744636],[20.0934773,45.6730292],[20.0961283,45.6704958],[20.1140715,45.6590715],[20.1146618,45.6580435],[20.072844,45.6534835],[20.0568776,45.6516846],[20.0350909,45.6464195],[20.0308193,45.6398228],[20.0301481,45.6370768],[20.0315298,45.6344044],[20.0350384,45.6313245],[20.0390898,45.6277678],[20.0433025,45.6258568],[20.0497622,45.6242253],[20.0535743,45.6243712],[20.0595298,45.626237],[20.0654762,45.6303666],[20.0699994,45.6354471],[20.0735547,45.6394401],[20.0775554,45.6415753],[20.0812718,45.6415143],[20.0862694,45.6388487],[20.0956892,45.6300169],[20.0904551,45.6177946],[20.085194,45.6132561],[20.0706515,45.6080803],[20.0667428,45.6079347],[20.0592253,45.6060657],[20.0566939,45.6038645],[20.0569021,45.6009148],[20.0654413,45.5919462],[20.0659393,45.5896832],[20.0690753,45.5873573],[20.0784656,45.5844958],[20.0811996,45.5848445],[20.0840253,45.5867712],[20.0986647,45.5909852],[20.1125323,45.5928633],[20.1261176,45.5915834],[20.1322853,45.5874773],[20.1321006,45.5839094],[20.1276181,45.5801972],[20.1221543,45.5781297],[20.1127836,45.5761236],[20.1047885,45.5719239],[20.087836,45.5607766],[20.0800377,45.5571931],[20.0703815,45.5545656],[20.0554489,45.5530917],[20.0514507,45.5519849],[20.0482963,45.5500113],[20.0478516,45.5489578],[20.060564,45.5441843],[20.0645803,45.5409],[20.0656786,45.5350021],[20.0648245,45.5291685],[20.0600064,45.5146815],[20.0536106,45.5045815],[20.0524895,45.4990795],[20.0527139,45.4955099],[20.053196,45.4878401],[20.0520667,45.4785068],[20.0539376,45.474326],[20.0581299,45.4744041],[20.0817754,45.4867363],[20.0869275,45.4911377],[20.0890473,45.4980715],[20.0889271,45.5041088],[20.0851737,45.5163134],[20.0869147,45.5203648],[20.0924753,45.5207875],[20.1076059,45.5192386],[20.1241278,45.5053493],[20.1333292,45.4989756],[20.1438784,45.4937097],[20.1467144,45.4909697],[20.1545398,45.4820625],[20.1607942,45.4765829],[20.1707527,45.4709021],[20.1830482,45.4581461],[20.179556,45.4573978],[20.1652245,45.4586824],[20.165723,45.4540177],[20.1587108,45.451881],[20.1608736,45.4442685],[20.1587365,45.4415898],[20.1638619,45.4245065],[20.166282,45.423625],[20.1847903,45.4237862],[20.1893715,45.4223509],[20.199011,45.4246946],[20.2051489,45.4242896],[20.2069987,45.424909],[20.2094269,45.4294397],[20.2134173,45.4319821],[20.2225731,45.433706],[20.224821,45.4283566],[20.2251189,45.4240345],[20.2238614,45.4175156],[20.2215314,45.4119562],[20.2140501,45.4000798],[20.2040375,45.3901213],[20.2021014,45.3837385],[20.2033638,45.3794522],[20.2022971,45.3697594],[20.208247,45.3632006],[20.2131231,45.3605318],[20.2336888,45.3559609],[20.2480727,45.3471227],[20.2587996,45.3445394],[20.2624099,45.3423629],[20.2664885,45.3373922],[20.2715706,45.3340744],[20.2719818,45.332195],[20.2675193,45.3289073],[20.2599956,45.327581],[20.2555493,45.3244352],[20.2555251,45.3213214],[20.2569161,45.3201587],[20.2599247,45.3196998],[20.2639347,45.3190881],[20.2723335,45.3178069],[20.2747634,45.3166384],[20.2748553,45.3151766],[20.2735058,45.31274],[20.2640343,45.3105921],[20.2420147,45.3093282],[20.2372105,45.3071622],[20.2344696,45.3047678],[20.2341756,45.3025051],[20.2413903,45.2968812],[20.2430637,45.2891724],[20.2626359,45.2750291],[20.2684683,45.2720137],[20.2743255,45.2689854],[20.2869645,45.256735],[20.293271,45.2470364],[20.2934862,45.2467724],[20.3008735,45.2377096],[20.3057959,45.23167],[20.3080197,45.2299862],[20.3112311,45.2259072],[20.311962,45.2219104],[20.3122976,45.2200752],[20.3123645,45.2080026],[20.310978,45.197422],[20.3099621,45.1895413],[20.307342,45.1835714],[20.3035587,45.1797283],[20.3007459,45.1785613],[20.2842581,45.1765669],[20.2793128,45.173546],[20.2760173,45.1688789],[20.2760193,45.1638015],[20.2788337,45.156941],[20.2795158,45.1467862],[20.274965,45.1345023],[20.2753111,45.1323299],[20.2841325,45.1227269],[20.2940892,45.1096474],[20.2987638,45.1031063],[20.3074801,45.0947363],[20.3156119,45.083415],[20.3268403,45.0760727],[20.3316801,45.0742882]]]}},{"type":"Feature","properties":{"id":"RS-05","name":"West Ba\u010dka"},"geometry":{"type":"Polygon","coordinates":[[[19.3027132,45.9915575],[19.2965383,45.9877968],[19.2853496,45.9967585],[19.2542425,45.9957355],[19.2491263,45.9955083],[19.2365942,45.9950729],[19.2327088,45.9993552],[19.2303365,45.9992564],[19.2178332,45.9990208],[19.2064411,45.9988672],[19.2036764,45.9985956],[19.2000641,45.9982446],[19.1995868,45.9981606],[19.2035855,45.9940126],[19.2049172,45.9926841],[19.1656186,45.9942751],[19.1656012,45.9959729],[19.147739,45.9961247],[19.1469646,45.9976391],[19.1456473,46.0013746],[19.1472095,46.0080098],[19.1443802,46.0124997],[19.1391006,46.0277623],[19.1341138,46.0362547],[19.1337859,46.0370714],[19.1136395,46.0379544],[19.105068,46.0397853],[19.1045793,46.0399876],[19.1009562,46.0353297],[19.090097,46.0237999],[19.0829558,46.0167095],[19.0760069,46.0099686],[19.0730327,46.0066447],[19.0677862,46.0019358],[19.065676,46.000043],[19.0726669,45.9821957],[19.0762121,45.9728298],[19.0795504,45.9635351],[19.0754932,45.9632433],[19.0715863,45.9632592],[19.0650392,45.9638312],[19.0632861,45.9637717],[19.057837,45.9646691],[19.0550031,45.9655],[19.054635,45.9654755],[19.0505793,45.9652405],[19.0447492,45.9648873],[19.0384992,45.9647279],[19.0363721,45.9646927],[19.0343417,45.9646507],[19.033196,45.9646456],[19.0326879,45.9646528],[19.0304142,45.9644375],[19.0187804,45.9631378],[19.014713,45.9621132],[19.0098003,45.960209],[19.0058141,45.9587094],[19.0037973,45.9556393],[18.9978752,45.9462114],[19.005611,45.9292905],[19.0088562,45.9232866],[18.9946964,45.9238829],[18.9891215,45.9303451],[18.9889242,45.930591],[18.9887314,45.9309138],[18.9886844,45.9310911],[18.9879734,45.9322136],[18.9696528,45.9281084],[18.9660512,45.9270834],[18.9630153,45.9262166],[18.9620183,45.9258707],[18.9602727,45.9262698],[18.9589531,45.9265819],[18.9585363,45.9265862],[18.9471059,45.9276292],[18.9448778,45.92787],[18.9355395,45.9305899],[18.9354481,45.9306149],[18.9353884,45.930636],[18.9353432,45.9306464],[18.9352895,45.9306639],[18.9349974,45.9307334],[18.9345109,45.9308239],[18.9201785,45.933043],[18.9131069,45.9341929],[18.9081277,45.9349663],[18.9060047,45.9352738],[18.9053701,45.934693],[18.9032713,45.9335723],[18.8973583,45.9277571],[18.8963336,45.9269884],[18.8936264,45.9251504],[18.8913269,45.9238579],[18.8907595,45.9233802],[18.8899054,45.9213676],[18.8897278,45.9213305],[18.8893946,45.921415],[18.8886801,45.9218153],[18.8881478,45.9218387],[18.8876983,45.9215242],[18.8868904,45.9214684],[18.8864624,45.9213913],[18.8868403,45.9213683],[18.887306,45.9211404],[18.8863744,45.9206307],[18.8859856,45.9204602],[18.88548,45.920383],[18.8852057,45.9202482],[18.8843794,45.9196627],[18.8827081,45.9183103],[18.8807881,45.9171751],[18.8791461,45.9164365],[18.877333,45.9158974],[18.8759822,45.9157867],[18.8742065,45.9157525],[18.8727946,45.915862],[18.8711919,45.9161989],[18.8696897,45.9168488],[18.8679787,45.9177457],[18.8661246,45.9190269],[18.864896,45.9204284],[18.8646198,45.9207411],[18.8646061,45.9193937],[18.8646137,45.9190033],[18.8648672,45.9183718],[18.8650265,45.9178327],[18.864993,45.9176484],[18.8651394,45.9168894],[18.8663449,45.9148748],[18.8665171,45.9141526],[18.866698,45.9137838],[18.8678179,45.9124679],[18.8681236,45.9114209],[18.8682048,45.9112381],[18.8644466,45.910655],[18.8275505,45.9047907],[18.8271232,45.906055],[18.8266829,45.9071534],[18.8261391,45.9083613],[18.8249911,45.9103252],[18.8240663,45.91165],[18.8224824,45.913706],[18.821634,45.9146342],[18.8192685,45.9127665],[18.8179831,45.911756],[18.8142875,45.9088035],[18.8216449,45.9037852],[18.8249682,45.900085],[18.826358,45.8956066],[18.8272945,45.891254],[18.8295302,45.8818537],[18.8297624,45.8753478],[18.8298479,45.873563],[18.8311296,45.8716591],[18.8336504,45.8683866],[18.8363422,45.8663933],[18.8441182,45.8641619],[18.8489463,45.8627636],[18.8523643,45.8613056],[18.854757,45.8594311],[18.8563805,45.8563662],[18.8578759,45.8474385],[18.857235,45.8391344],[18.8565087,45.8327641],[18.8548068,45.8288292],[18.8536888,45.8262442],[18.8500144,45.8208253],[18.8482247,45.8162282],[18.8478341,45.8136329],[18.8475838,45.8119995],[18.8479257,45.8067877],[18.8499338,45.8007414],[18.8541209,45.792907],[18.8595898,45.788468],[18.8634351,45.7868889],[18.8709548,45.7852205],[18.8736302,45.784672],[18.8776806,45.783842],[18.8807622,45.7828307],[18.885022,45.7796914],[18.8887079,45.7752664],[18.8903091,45.7708623],[18.8915176,45.7639919],[18.894724,45.7544181],[18.8954242,45.7510608],[18.8992128,45.7322659],[18.9008744,45.7217419],[18.9043488,45.7122919],[18.9086388,45.7051611],[18.9141373,45.7002239],[18.917907,45.6954321],[18.9247004,45.6908063],[18.9385435,45.6854638],[18.9512331,45.6808371],[18.9591373,45.6766878],[18.9632817,45.6738517],[18.9653753,45.6703288],[18.9662725,45.6663578],[18.9649053,45.6624163],[18.9624699,45.6590719],[18.9584537,45.6557571],[18.9478577,45.6497541],[18.9423034,45.6455726],[18.9379454,45.6415998],[18.9359372,45.6386424],[18.9356382,45.6350576],[18.9337582,45.631831],[18.9303402,45.629142],[18.9244868,45.6272298],[18.9197015,45.6257358],[18.9143768,45.6235926],[18.9106306,45.6213528],[18.9077605,45.6189017],[18.9057665,45.6161335],[18.9057061,45.6111039],[18.906552,45.6070672],[18.9103587,45.6016774],[18.9128965,45.5988027],[18.9134705,45.596414],[18.9134403,45.5953993],[18.9119599,45.5932641],[18.9088179,45.5916151],[18.9015671,45.587281],[18.8934099,45.5803035],[18.8902075,45.5760742],[18.8877906,45.5711679],[18.8881229,45.5683128],[18.8892105,45.5660708],[18.89199,45.5625385],[18.8949809,45.5602541],[18.8997242,45.557758],[18.9094825,45.5552194],[18.9150415,45.5550925],[18.9176095,45.5544578],[18.9204796,45.55285],[18.9287462,45.5439025],[18.9288606,45.543841],[18.9349893,45.5405496],[18.9458065,45.5355343],[18.950376,45.5339513],[18.9595894,45.5337251],[18.9714104,45.5347863],[18.9837777,45.5369085],[18.9921965,45.5403178],[18.9987526,45.545814],[19.0060709,45.5543984],[19.0088805,45.5567347],[19.0128492,45.5577429],[19.0169934,45.5576691],[19.0211376,45.5571527],[19.0248604,45.555087],[19.0272486,45.5518407],[19.0325167,45.5378206],[19.0346591,45.5349423],[19.0372931,45.5335893],[19.0412969,45.532925],[19.052676,45.533048],[19.0648277,45.5319901],[19.0711143,45.530637],[19.0764654,45.5282955],[19.0959446,45.5203028],[19.099281,45.5175959],[19.1011424,45.5143228],[19.1023716,45.5089576],[19.1023014,45.5054625],[19.1004751,45.5023364],[19.0954529,45.4949021],[19.0867182,45.4893364],[19.0822977,45.4882918],[19.0704767,45.4871427],[19.0515532,45.4852624],[19.04455,45.484949],[19.0339818,45.4867752],[19.0312351,45.470671],[19.0327501,45.4682855],[19.0425161,45.4631063],[19.0527704,45.4623231],[19.0548763,45.4641294],[19.0533193,45.4685047],[19.0549514,45.4696884],[19.0684639,45.4716144],[19.0736485,45.470845],[19.075354,45.4640008],[19.0780921,45.4590201],[19.0802508,45.4583562],[19.1097755,45.4573568],[19.1137774,45.4541011],[19.1145006,45.4521185],[19.1121729,45.4515461],[19.1116011,45.4461882],[19.1034148,45.4414392],[19.1020158,45.4384058],[19.1032393,45.4358108],[19.1091401,45.4379292],[19.1152093,45.4413526],[19.1181298,45.4415193],[19.1227306,45.440536],[19.1257428,45.4409779],[19.1423229,45.4403874],[19.1470221,45.4393357],[19.1496461,45.4397044],[19.1521358,45.4419244],[19.1541948,45.4461988],[19.1594231,45.447965],[19.187405,45.442538],[19.1951506,45.4401408],[19.1979446,45.4367363],[19.1987114,45.4221283],[19.200033,45.4192589],[19.2031289,45.4203857],[19.2061625,45.4248054],[19.2139208,45.4267301],[19.2177654,45.424364],[19.2644961,45.4317845],[19.2713698,45.4339681],[19.2727222,45.4349446],[19.2733325,45.4444188],[19.2778378,45.4536376],[19.3005768,45.4302452],[19.3052842,45.4228749],[19.3113917,45.424642],[19.3257034,45.4310059],[19.3411141,45.4359362],[19.3578753,45.4359352],[19.3710781,45.4330219],[19.3740442,45.4364075],[19.383156,45.4394297],[19.384598,45.4406761],[19.3839384,45.4436916],[19.3767761,45.4482993],[19.3706577,45.4589547],[19.3699737,45.4650559],[19.3720758,45.4737182],[19.3700618,45.4836514],[19.3734784,45.4848261],[19.4162399,45.4995167],[19.4154658,45.5054118],[19.411875,45.5104621],[19.4153637,45.5246235],[19.4182923,45.524577],[19.4266499,45.5269041],[19.4302178,45.529744],[19.4425638,45.5330602],[19.4563378,45.5389243],[19.4592771,45.5381907],[19.4617615,45.5365107],[19.4773756,45.5287134],[19.4889363,45.5239339],[19.492466,45.5244962],[19.4938147,45.5257406],[19.5214558,45.5384853],[19.5221227,45.5389631],[19.525157,45.5411368],[19.5263864,45.5420175],[19.5282267,45.5536272],[19.530209,45.5661301],[19.5302458,45.5663622],[19.5305244,45.5681189],[19.5359967,45.5704431],[19.5361365,45.5705025],[19.5400031,45.5721447],[19.5756615,45.5746527],[19.5742543,45.5831083],[19.5735647,45.5872516],[19.5719609,45.5968868],[19.5706871,45.6045382],[19.5718309,45.6063348],[19.5729407,45.6080778],[19.5792836,45.6180392],[19.5851621,45.6272697],[19.588838,45.6330409],[19.5976254,45.6468346],[19.6093438,45.653379],[19.6124371,45.6551065],[19.6261418,45.662759],[19.6168042,45.678444],[19.5969136,45.6888337],[19.5691217,45.7033382],[19.5713104,45.7082238],[19.5764191,45.7144999],[19.5829093,45.7200295],[19.5855912,45.7247806],[19.5790896,45.72776],[19.5727146,45.7284754],[19.5703438,45.7305719],[19.56786,45.7327682],[19.5566649,45.7358238],[19.5565557,45.7358536],[19.5549732,45.7370101],[19.5551347,45.7396187],[19.5538407,45.7411887],[19.5418096,45.7471503],[19.5340567,45.7481293],[19.5226084,45.7470933],[19.5218401,45.746623],[19.5144482,45.7420982],[19.5082166,45.7393802],[19.5038537,45.7352208],[19.502707,45.7341276],[19.495263,45.7311397],[19.490599,45.7315058],[19.4747193,45.740713],[19.4544603,45.7524571],[19.4517711,45.7540151],[19.428728,45.7843228],[19.4214665,45.7938701],[19.4061287,45.80368],[19.3948374,45.8163736],[19.3872266,45.8196204],[19.3785535,45.822161],[19.3747795,45.825014],[19.36931,45.8313792],[19.3665786,45.8345577],[19.3604794,45.8394203],[19.3478169,45.8633027],[19.3443007,45.8699305],[19.3475178,45.8726936],[19.3496077,45.8744632],[19.3558195,45.8797682],[19.3499685,45.8898211],[19.3498773,45.8899779],[19.3455696,45.8973779],[19.3449771,45.8983957],[19.3401816,45.9066324],[19.3348195,45.9158409],[19.3423892,45.9205713],[19.3468422,45.9233538],[19.350969,45.9259324],[19.3511149,45.9260236],[19.3584751,45.9306221],[19.3739776,45.9403067],[19.3738004,45.9403457],[19.3734266,45.9404281],[19.36796,45.9416324],[19.3599011,45.9415691],[19.3560876,45.9403723],[19.3470529,45.9340547],[19.3436597,45.937116],[19.3462593,45.9636981],[19.328453,45.9584755],[19.3176288,45.9760262],[19.3027132,45.9915575]]]}},{"type":"Feature","properties":{"id":"RS-06","name":"South Ba\u010dka"},"geometry":{"type":"Polygon","coordinates":[[[20.274965,45.1345023],[20.2795158,45.1467862],[20.2788337,45.156941],[20.2760193,45.1638015],[20.2760173,45.1688789],[20.2793128,45.173546],[20.2842581,45.1765669],[20.3007459,45.1785613],[20.3035587,45.1797283],[20.307342,45.1835714],[20.3099621,45.1895413],[20.310978,45.197422],[20.3123645,45.2080026],[20.3122976,45.2200752],[20.311962,45.2219104],[20.3112311,45.2259072],[20.3080197,45.2299862],[20.3057959,45.23167],[20.3008735,45.2377096],[20.2934862,45.2467724],[20.293271,45.2470364],[20.2869645,45.256735],[20.2743255,45.2689854],[20.2684683,45.2720137],[20.2626359,45.2750291],[20.2430637,45.2891724],[20.2413903,45.2968812],[20.2341756,45.3025051],[20.2344696,45.3047678],[20.2372105,45.3071622],[20.2420147,45.3093282],[20.2640343,45.3105921],[20.2735058,45.31274],[20.2748553,45.3151766],[20.2747634,45.3166384],[20.2723335,45.3178069],[20.2639347,45.3190881],[20.2599247,45.3196998],[20.2569161,45.3201587],[20.2555251,45.3213214],[20.2555493,45.3244352],[20.2599956,45.327581],[20.2675193,45.3289073],[20.2719818,45.332195],[20.2715706,45.3340744],[20.2664885,45.3373922],[20.2624099,45.3423629],[20.2587996,45.3445394],[20.2480727,45.3471227],[20.2336888,45.3559609],[20.2131231,45.3605318],[20.208247,45.3632006],[20.2022971,45.3697594],[20.2033638,45.3794522],[20.2021014,45.3837385],[20.2040375,45.3901213],[20.2140501,45.4000798],[20.2215314,45.4119562],[20.2238614,45.4175156],[20.2251189,45.4240345],[20.224821,45.4283566],[20.2225731,45.433706],[20.2134173,45.4319821],[20.2094269,45.4294397],[20.2069987,45.424909],[20.2051489,45.4242896],[20.199011,45.4246946],[20.1893715,45.4223509],[20.1847903,45.4237862],[20.166282,45.423625],[20.1638619,45.4245065],[20.1587365,45.4415898],[20.1608736,45.4442685],[20.1587108,45.451881],[20.165723,45.4540177],[20.1652245,45.4586824],[20.179556,45.4573978],[20.1830482,45.4581461],[20.1707527,45.4709021],[20.1607942,45.4765829],[20.1545398,45.4820625],[20.1467144,45.4909697],[20.1438784,45.4937097],[20.1333292,45.4989756],[20.1241278,45.5053493],[20.1076059,45.5192386],[20.0924753,45.5207875],[20.0869147,45.5203648],[20.0851737,45.5163134],[20.0889271,45.5041088],[20.0890473,45.4980715],[20.0869275,45.4911377],[20.0817754,45.4867363],[20.0581299,45.4744041],[20.0539376,45.474326],[20.0520667,45.4785068],[20.053196,45.4878401],[20.0527139,45.4955099],[20.0524895,45.4990795],[20.0536106,45.5045815],[20.0600064,45.5146815],[20.0648245,45.5291685],[20.0656786,45.5350021],[20.0645803,45.5409],[20.060564,45.5441843],[20.0478516,45.5489578],[20.0482963,45.5500113],[20.0514507,45.5519849],[20.0554489,45.5530917],[20.0703815,45.5545656],[20.0800377,45.5571931],[20.087836,45.5607766],[20.1047885,45.5719239],[20.1127836,45.5761236],[20.1221543,45.5781297],[20.1276181,45.5801972],[20.1321006,45.5839094],[20.1322853,45.5874773],[20.1261176,45.5915834],[20.1125323,45.5928633],[20.0986647,45.5909852],[20.0840253,45.5867712],[20.0811996,45.5848445],[20.0784656,45.5844958],[20.0690753,45.5873573],[20.0659393,45.5896832],[20.0654413,45.5919462],[20.0569021,45.6009148],[20.0566939,45.6038645],[20.0592253,45.6060657],[20.0667428,45.6079347],[20.0706515,45.6080803],[20.085194,45.6132561],[20.0904551,45.6177946],[20.0956892,45.6300169],[20.0862694,45.6388487],[20.0812718,45.6415143],[20.0775554,45.6415753],[20.0735547,45.6394401],[20.0699994,45.6354471],[20.0654762,45.6303666],[20.0595298,45.626237],[20.0535743,45.6243712],[20.0497622,45.6242253],[20.0433025,45.6258568],[20.0390898,45.6277678],[20.0350384,45.6313245],[20.0315298,45.6344044],[20.0301481,45.6370768],[20.0308193,45.6398228],[20.0350909,45.6464195],[20.0568776,45.6516846],[20.072844,45.6534835],[20.1146618,45.6580435],[20.1140715,45.6590715],[20.0961283,45.6704958],[20.0934773,45.6730292],[20.0902429,45.6744636],[20.0887607,45.6783027],[20.0893395,45.6804993],[20.0978297,45.6870332],[20.1006493,45.6922527],[20.1009336,45.6948602],[20.0946354,45.703973],[20.0932453,45.709253],[20.0956897,45.7101495],[20.1059768,45.7083163],[20.1195878,45.7077915],[20.1271235,45.7088332],[20.1383751,45.7115953],[20.1174554,45.7311137],[20.0942152,45.7382753],[20.0914739,45.7378584],[20.0883364,45.7386071],[20.0818556,45.7425049],[20.0691043,45.746252],[20.0451832,45.7496297],[20.0210773,45.7501893],[20.004521,45.7497351],[19.9739092,45.7577945],[19.9531939,45.7632423],[19.9443768,45.7627348],[19.9369227,45.7636718],[19.889889,45.7626207],[19.8768507,45.7631908],[19.867046,45.7637719],[19.8594149,45.7620962],[19.854145,45.7593314],[19.8516181,45.7567142],[19.8450869,45.7525032],[19.8386235,45.750077],[19.8364469,45.7492599],[19.8319076,45.7477964],[19.8256494,45.7457787],[19.8206646,45.7441715],[19.816892,45.742955],[19.8164855,45.7428239],[19.815054,45.7423624],[19.8095264,45.7405801],[19.8020483,45.7381687],[19.7976666,45.7372526],[19.7913723,45.7359365],[19.7817762,45.7339301],[19.7763422,45.7327938],[19.7703865,45.7315485],[19.7666135,45.7307595],[19.7639757,45.7300613],[19.778593,45.7036508],[19.7745984,45.6938129],[19.7577366,45.6660145],[19.7499793,45.6589106],[19.7513438,45.6392934],[19.7410325,45.6239429],[19.7358821,45.6208302],[19.717283,45.6138076],[19.7048005,45.6110679],[19.5976254,45.6468346],[19.588838,45.6330409],[19.5851621,45.6272697],[19.5792836,45.6180392],[19.5729407,45.6080778],[19.5718309,45.6063348],[19.5706871,45.6045382],[19.5719609,45.5968868],[19.5735647,45.5872516],[19.5742543,45.5831083],[19.5756615,45.5746527],[19.5400031,45.5721447],[19.5361365,45.5705025],[19.5359967,45.5704431],[19.5305244,45.5681189],[19.5302458,45.5663622],[19.530209,45.5661301],[19.5282267,45.5536272],[19.5263864,45.5420175],[19.525157,45.5411368],[19.5221227,45.5389631],[19.5214558,45.5384853],[19.4938147,45.5257406],[19.492466,45.5244962],[19.4889363,45.5239339],[19.4773756,45.5287134],[19.4617615,45.5365107],[19.4592771,45.5381907],[19.4563378,45.5389243],[19.4425638,45.5330602],[19.4302178,45.529744],[19.4266499,45.5269041],[19.4182923,45.524577],[19.4153637,45.5246235],[19.411875,45.5104621],[19.4154658,45.5054118],[19.4162399,45.4995167],[19.3734784,45.4848261],[19.3700618,45.4836514],[19.3720758,45.4737182],[19.3699737,45.4650559],[19.3706577,45.4589547],[19.3767761,45.4482993],[19.3839384,45.4436916],[19.384598,45.4406761],[19.383156,45.4394297],[19.3740442,45.4364075],[19.3710781,45.4330219],[19.3578753,45.4359352],[19.3411141,45.4359362],[19.3257034,45.4310059],[19.3113917,45.424642],[19.3052842,45.4228749],[19.3005768,45.4302452],[19.2778378,45.4536376],[19.2733325,45.4444188],[19.2727222,45.4349446],[19.2713698,45.4339681],[19.2644961,45.4317845],[19.2177654,45.424364],[19.2139208,45.4267301],[19.2061625,45.4248054],[19.2031289,45.4203857],[19.200033,45.4192589],[19.1987114,45.4221283],[19.1979446,45.4367363],[19.1951506,45.4401408],[19.187405,45.442538],[19.1594231,45.447965],[19.1541948,45.4461988],[19.1521358,45.4419244],[19.1496461,45.4397044],[19.1470221,45.4393357],[19.1423229,45.4403874],[19.1257428,45.4409779],[19.1227306,45.440536],[19.1181298,45.4415193],[19.1152093,45.4413526],[19.1091401,45.4379292],[19.1032393,45.4358108],[19.1020158,45.4384058],[19.1034148,45.4414392],[19.1116011,45.4461882],[19.1121729,45.4515461],[19.1145006,45.4521185],[19.1137774,45.4541011],[19.1097755,45.4573568],[19.0802508,45.4583562],[19.0780921,45.4590201],[19.075354,45.4640008],[19.0736485,45.470845],[19.0684639,45.4716144],[19.0549514,45.4696884],[19.0533193,45.4685047],[19.0548763,45.4641294],[19.0527704,45.4623231],[19.0425161,45.4631063],[19.0327501,45.4682855],[19.0312351,45.470671],[19.0339818,45.4867752],[19.0291032,45.4885704],[19.0167688,45.494363],[19.0109863,45.4961534],[19.0074102,45.4962231],[19.0033375,45.4953527],[19.0001587,45.494343],[18.9968806,45.4913836],[18.9934038,45.4846633],[18.9913674,45.4778028],[18.9914171,45.4657864],[18.9885364,45.4582269],[18.9871457,45.4551611],[18.9871457,45.4511891],[18.988437,45.4468336],[18.9906355,45.443343],[18.9914338,45.4419304],[18.9921479,45.4413645],[18.9995913,45.4367388],[19.0041921,45.434299],[19.0132532,45.4318344],[19.0180296,45.4297887],[19.0252786,45.4249018],[19.0282639,45.4218698],[19.0298092,45.4185912],[19.0308979,45.4138579],[19.0305467,45.4114171],[19.0293175,45.4088282],[19.0266132,45.406042],[19.0233821,45.4031077],[19.0195891,45.4020227],[19.01548,45.4008637],[19.0114762,45.4007404],[19.0010454,45.4004938],[18.9931432,45.4000499],[18.98928,45.3992362],[18.9805953,45.3965733],[18.97615,45.3942888],[18.9734928,45.3924577],[18.9703784,45.3892049],[18.9694652,45.3868124],[18.9695081,45.3825625],[18.9700296,45.3798065],[18.9715694,45.3772073],[18.9753441,45.3734916],[18.9795907,45.3701943],[18.9863704,45.366321],[19.0024877,45.3588006],[19.0054051,45.3576341],[19.0086797,45.3586448],[19.0114686,45.3586673],[19.0231681,45.3519148],[19.0327818,45.3505873],[19.0409824,45.3494549],[19.0424153,45.349257],[19.0480088,45.3484846],[19.0508925,45.3469439],[19.0560184,45.3431055],[19.0715388,45.342318],[19.0779143,45.3412359],[19.0854301,45.3387673],[19.0927703,45.3351382],[19.0961419,45.3317311],[19.099373,45.3266201],[19.1000403,45.3229903],[19.0990569,45.3157052],[19.0990569,45.3104198],[19.1025338,45.3019721],[19.1081531,45.2970313],[19.115388,45.2925595],[19.1253974,45.2884086],[19.1445078,45.2802376],[19.1682491,45.2736669],[19.1833929,45.2682985],[19.1882376,45.2671011],[19.193894,45.2657031],[19.2007776,45.2624649],[19.2131401,45.257669],[19.2410339,45.2477529],[19.2598835,45.2429466],[19.2625629,45.2422634],[19.2848645,45.2373174],[19.2954006,45.2361303],[19.3145765,45.2347206],[19.3356138,45.2325441],[19.3709192,45.2316551],[19.3995425,45.2321497],[19.420634,45.2334919],[19.4211827,45.2319761],[19.42182,45.2287034],[19.422589,45.2253388],[19.4232043,45.2241018],[19.4237474,45.2232278],[19.4243009,45.2223461],[19.4246971,45.2216874],[19.4247657,45.2215295],[19.4248627,45.2213622],[19.4250986,45.2210692],[19.4255626,45.2203444],[19.4257115,45.2200846],[19.4260311,45.2195413],[19.4263279,45.2190989],[19.4267212,45.2186827],[19.4269356,45.2184159],[19.427208,45.2179044],[19.4274409,45.2175047],[19.4279527,45.2170707],[19.4281053,45.2169168],[19.4283432,45.2165561],[19.4286316,45.2162131],[19.42874,45.2160539],[19.4290182,45.2158507],[19.4295761,45.2152796],[19.4304859,45.2144023],[19.4312143,45.2137578],[19.431401,45.2135278],[19.4317295,45.213171],[19.4319671,45.2128817],[19.4321728,45.2126],[19.4324014,45.2123507],[19.4325895,45.2120944],[19.4328009,45.2119467],[19.4330897,45.2116139],[19.4331977,45.2114877],[19.433347,45.2112219],[19.4338949,45.2105949],[19.434467,45.2099066],[19.4348266,45.2094726],[19.4352208,45.2090382],[19.4356249,45.2086462],[19.4357839,45.208474],[19.4364514,45.2076842],[19.4368946,45.2071792],[19.4375253,45.2064656],[19.4378326,45.2061135],[19.4379804,45.2059008],[19.4381118,45.2057485],[19.4388517,45.205029],[19.4392407,45.2046413],[19.4395771,45.2042912],[19.4400497,45.2037271],[19.4403805,45.2033159],[19.4406109,45.2030423],[19.4410099,45.2026631],[19.4413928,45.2022461],[19.4419096,45.2016792],[19.4422473,45.20132],[19.4425374,45.200989],[19.4428531,45.2006803],[19.4433596,45.2001629],[19.4441031,45.1993701],[19.4444271,45.1990228],[19.4454781,45.1979453],[19.4462088,45.1971978],[19.4466866,45.1967038],[19.4468622,45.1966694],[19.4470134,45.1965287],[19.4470842,45.1963211],[19.4442325,45.1949385],[19.4422013,45.1941154],[19.4420677,45.193768],[19.4419192,45.1935488],[19.4416223,45.1933236],[19.441053,45.193438],[19.4409693,45.1933935],[19.4389438,45.1934262],[19.4387519,45.1932429],[19.4384439,45.1933886],[19.437933,45.1934289],[19.4373957,45.1937046],[19.436906,45.1934107],[19.4366957,45.1933318],[19.4365756,45.1933349],[19.4362007,45.1931702],[19.4360012,45.1930671],[19.4353436,45.1930689],[19.4350455,45.1925488],[19.4349494,45.1922099],[19.4348667,45.1915622],[19.43482,45.1912938],[19.4348497,45.19014],[19.4347085,45.1901051],[19.4340776,45.1896056],[19.4334555,45.189051],[19.4324692,45.1885779],[19.4317761,45.1884549],[19.4314653,45.1883696],[19.4310132,45.1881783],[19.4300951,45.1879028],[19.4299884,45.1880153],[19.4290091,45.1878319],[19.4291029,45.187442],[19.4280809,45.1872096],[19.4281508,45.1867335],[19.4283428,45.1860757],[19.4286306,45.185343],[19.4290862,45.184244],[19.4294482,45.1834771],[19.4312759,45.1800442],[19.4311706,45.1800101],[19.43147,45.1796596],[19.4318543,45.1793583],[19.4319005,45.1791753],[19.4320036,45.1788784],[19.4319945,45.1786194],[19.4320972,45.1783208],[19.432241,45.1780953],[19.4324419,45.1778991],[19.4328782,45.1776426],[19.4329941,45.1775903],[19.4334086,45.1771108],[19.4337802,45.1765334],[19.4338104,45.1761938],[19.4338945,45.1759804],[19.4340916,45.1757778],[19.4344036,45.1755153],[19.4346859,45.1750352],[19.4359223,45.1729435],[19.4358861,45.1727183],[19.4355602,45.1724511],[19.4345635,45.1721991],[19.4331099,45.1717545],[19.4322556,45.1714248],[19.4309008,45.1707301],[19.4299751,45.170178],[19.4285474,45.1690826],[19.4282328,45.1688891],[19.4275164,45.1686796],[19.4259439,45.1679018],[19.4250242,45.167555],[19.424337,45.1673728],[19.4234771,45.1606416],[19.4251687,45.1595462],[19.4276856,45.158135],[19.4282902,45.1566303],[19.4315881,45.1565864],[19.4334822,45.1531703],[19.4372761,45.1523753],[19.4422298,45.1501295],[19.4465741,45.1493564],[19.4507356,45.1474665],[19.456305,45.1508686],[19.4619038,45.1589829],[19.4644252,45.1592968],[19.4656266,45.1604439],[19.4657532,45.1613645],[19.4703334,45.1630263],[19.4757799,45.1655523],[19.4835241,45.1666361],[19.4884318,45.1694147],[19.4931118,45.1696289],[19.5043298,45.1701423],[19.5084195,45.169004],[19.5119111,45.1690278],[19.5130534,45.1706135],[19.5160435,45.1718686],[19.5205126,45.1713499],[19.5207391,45.1689503],[19.5264727,45.1671751],[19.5285461,45.1654352],[19.530053,45.1615349],[19.539227,45.1645454],[19.5437759,45.1617248],[19.5522571,45.1598006],[19.55967,45.1587096],[19.5640776,45.1553076],[19.58564,45.1525615],[19.5933354,45.1497275],[19.5988884,45.1502765],[19.6008905,45.1503909],[19.6075521,45.144737],[19.6095256,45.1418675],[19.6146718,45.1412121],[19.6191205,45.1421303],[19.6300161,45.1469607],[19.6322405,45.1477639],[19.6403653,45.148481],[19.6495765,45.1495096],[19.6577431,45.1490714],[19.6683162,45.1489109],[19.6805973,45.1501609],[19.7074092,45.1502122],[19.7142552,45.1489655],[19.7146165,45.1515743],[19.7179808,45.1544727],[19.7272122,45.1525297],[19.731949,45.153994],[19.7392834,45.1575976],[19.7465777,45.1553691],[19.750837,45.1561443],[19.7525349,45.1570254],[19.7567331,45.159204],[19.7613663,45.1604479],[19.7703036,45.1587746],[19.774788,45.1561883],[19.7797332,45.1562109],[19.7863152,45.1575443],[19.785726,45.1583649],[19.7891334,45.1568709],[19.8020477,45.1548699],[19.8067025,45.1548215],[19.8158183,45.1513721],[19.8240301,45.148994],[19.832455,45.147864],[19.8395175,45.1497452],[19.841062,45.1520936],[19.8409873,45.1523492],[19.8410337,45.1541421],[19.8442306,45.154498],[19.8499631,45.1530117],[19.8541291,45.1534398],[19.8587605,45.1564079],[19.8612419,45.15663],[19.8720353,45.1576938],[19.8766771,45.1572648],[19.8838905,45.1542393],[19.8887405,45.1539826],[19.8912644,45.1535801],[19.9015782,45.148403],[19.9044143,45.1448454],[19.906057,45.1456059],[19.9081646,45.149318],[19.9110112,45.1510482],[19.9161023,45.1511978],[19.9203618,45.1521728],[19.9231758,45.1518392],[19.9272635,45.1494516],[19.930855,45.1487774],[19.9436473,45.1496421],[19.9478078,45.1510275],[19.9608081,45.153284],[19.9611075,45.1533641],[19.9731783,45.1565934],[19.9876815,45.164182],[19.9980372,45.1681215],[20.0021562,45.1780123],[20.0073898,45.1788497],[20.0102724,45.1842773],[20.0092731,45.1900378],[20.0141875,45.1967744],[20.0149535,45.1988346],[20.0204599,45.2038572],[20.0315997,45.208139],[20.0399496,45.207336],[20.0442294,45.2051507],[20.0467685,45.2015204],[20.0473948,45.1915049],[20.0463522,45.1859451],[20.0399809,45.1790005],[20.0376587,45.17776],[20.0301277,45.1703318],[20.0368214,45.1699365],[20.0535158,45.1668882],[20.0636857,45.1681505],[20.0911329,45.1697122],[20.0937464,45.1710894],[20.098675,45.1761075],[20.1033932,45.1862021],[20.1171564,45.1900005],[20.1270972,45.1901032],[20.1351081,45.1886582],[20.1437505,45.1855842],[20.1483279,45.17873],[20.1520158,45.177912],[20.1574471,45.178057],[20.168785,45.1826008],[20.1764784,45.182899],[20.1833934,45.1822963],[20.2036167,45.1774955],[20.2110868,45.1764051],[20.2168118,45.1744893],[20.2291138,45.1673674],[20.2389383,45.1614021],[20.2421411,45.1583854],[20.2484467,45.1544786],[20.2635787,45.1419307],[20.2666813,45.1405599],[20.274965,45.1345023]]]}}]}