{"type":"FeatureCollection","features":[{"type":"Feature","properties":{"id":"33768554B52561884803031","name":"Subotica","district":"RS-01"},"geometry":{"type":"Polygon","coordinates":[[[19.8093528,45.9267203],[19.8093676,45.9278481],[19.8093689,45.9279451],[19.8095205,45.9394881],[19.8096871,45.9521676],[19.8098214,45.9623839],[19.8098922,45.9677718],[19.8099429,45.9716313],[19.8099752,45.974085],[19.8099969,45.9757393],[19.8100073,45.9765274],[19.8112043,45.9785984],[19.8127795,45.9813237],[19.8156161,45.9857987],[19.8171905,45.9882824],[19.8172999,45.9884549],[19.8211644,45.9945507],[19.8216917,45.9952297],[19.8232355,45.9972177],[19.8259841,46.0007571],[19.8289582,46.0045865],[19.8322067,46.008769],[19.8358647,46.0134784],[19.8400646,46.0174235],[19.8414956,46.0187677],[19.8416122,46.0188772],[19.8419069,46.019154],[19.8420278,46.0192894],[19.8421349,46.0194092],[19.8428166,46.02017230000001],[19.8430173,46.020397],[19.8447581,46.0223456],[19.8514509,46.0298369],[19.851663,46.0300743],[19.8604605,46.0399199],[19.8640567,46.0459712],[19.8650627,46.0488198],[19.8674293,46.0555209],[19.8664011,46.0664718],[19.8663478,46.067039],[19.8658785,46.07203530000001],[19.8650176,46.0812016],[19.8646335,46.0852902],[19.8646523,46.0853999],[19.8648329,46.0864525],[19.866735,46.097537],[19.8670236,46.0992185],[19.8670458,46.099348],[19.8674612,46.1017681],[19.8682695,46.1020766],[19.8698203,46.1026684],[19.8724843,46.1024034],[19.8775947,46.1033116],[19.8791795,46.1035932],[19.8825747,46.1053335],[19.883407,46.1057601],[19.8838875,46.1060064],[19.8866294,46.1093824],[19.8871252,46.1105922],[19.889216,46.1156935],[19.8906001,46.1190705],[19.8955879,46.1247822],[19.8967509,46.1254715],[19.8987306,46.126645],[19.892512,46.1321694],[19.8894963,46.1348482],[19.8881316,46.136313],[19.8788534,46.1462709],[19.8742819,46.1499658],[19.8727975,46.1511656],[19.8726948,46.1512484],[19.8627122,46.1500232],[19.8615485,46.1499725],[19.8542506,46.14987],[19.8531941,46.1497905],[19.8526973,46.1494536],[19.8495182,46.1457372],[19.8477176,46.144217],[19.8464251,46.1431275],[19.8456869,46.1425178],[19.8456029,46.142435],[19.8455342,46.1423756],[19.8452912,46.1421742],[19.8450758,46.1419976],[19.8442445,46.1414042],[19.8410411,46.1398105],[19.8384849,46.1385567],[19.8334583,46.1360751],[19.8310397,46.1348897],[19.8218397,46.1304195],[19.8208651,46.1298305],[19.8178337,46.1277866],[19.8166724,46.1284652],[19.8141569,46.1304416],[19.8125725,46.1312818],[19.8121963,46.1313792],[19.8082851,46.1319399],[19.8062376,46.1331776],[19.8049873,46.1335286],[19.8017284,46.1349509],[19.7995002,46.1363786],[19.7980168,46.1385685],[19.7981298,46.138943],[19.7979256,46.13911880000001],[19.7973065,46.1394639],[19.7971637,46.1394929],[19.7951874,46.1394729],[19.7949189,46.1395507],[19.7938312,46.1401434],[19.7935632,46.1401779],[19.7932959,46.1401311],[19.7930986,46.1400417],[19.7919439,46.1392855],[19.7915018,46.1393009],[19.7892398,46.1401908],[19.7871586,46.1411667],[19.7848598,46.1426921],[19.7828984,46.1436662],[19.7806854,46.1445304],[19.7802758,46.1445566],[19.7755723,46.1439609],[19.7717827,46.144152],[19.7704563,46.1445354],[19.7693087,46.1447471],[19.7689855,46.1447523],[19.7680684,46.1449764],[19.7656265,46.1460259],[19.7616286,46.1465662],[19.7584851,46.1478759],[19.757239,46.149217],[19.7557647,46.1502338],[19.7551542,46.1507518],[19.7530693,46.1524758],[19.7498262,46.1556361],[19.7484024,46.1564859],[19.7447558,46.1603514],[19.741041,46.1656458],[19.739693,46.1664765],[19.7340335,46.1698249],[19.7327051,46.1701338],[19.7314144,46.1695397],[19.7303053,46.1688606],[19.7283768,46.168312],[19.7270598,46.16810380000001],[19.726121,46.168266],[19.7247592,46.1692721],[19.7218051,46.1695877],[19.7179332,46.1715891],[19.7175239,46.1732442],[19.7180003,46.1741226],[19.7179942,46.1741885],[19.7174101,46.1750673],[19.7176989,46.1758653],[19.7176724,46.1759806],[19.7143178,46.1777861],[19.7117346,46.17937290000001],[19.7104704,46.1800891],[19.7087914,46.1810232],[19.7075279,46.1816862],[19.7066538,46.1821456],[19.7057987,46.1825623],[19.703298,46.1839813],[19.7019883,46.1852353],[19.7014672,46.1859237],[19.7007843,46.1866738],[19.6998298,46.1874615],[19.6980954,46.18793],[19.6972051,46.1877557],[19.696453,46.1874455],[19.6907118,46.1841652],[19.6877536,46.1824972],[19.686297,46.1817982],[19.6868934,46.180858],[19.6865235,46.1801107],[19.6857177,46.1798294],[19.6849051,46.1799372],[19.6844609,46.1796775],[19.6825437,46.17973530000001],[19.6819938,46.1801029],[19.6799142,46.1806959],[19.6794256,46.1809979],[19.6780785,46.1815553],[19.6765567,46.1818411],[19.6758493,46.1827178],[19.6732719,46.183885],[19.6722004,46.1853532],[19.6702835,46.1865601],[19.6697504,46.1857884],[19.6695821,46.1840195],[19.6679328,46.1848744],[19.6649294,46.1870428],[19.6638492,46.1890231],[19.6615385,46.1900524],[19.6316962,46.16931080000001],[19.6316169,46.1692557],[19.6079765,46.17277290000001],[19.606366,46.17212820000001],[19.6055112,46.17313990000001],[19.5676294,46.1787179],[19.5631497,46.1769784],[19.5642619,46.1756179],[19.5598325,46.1739294],[19.5631693,46.16975830000001],[19.5609214,46.1688937],[19.5592037,46.168228],[19.5586322,46.168016],[19.5604429,46.1662977],[19.5574069,46.1646142],[19.554434,46.162973],[19.5521744,46.16171270000001],[19.5485921,46.1597116],[19.5443427,46.1573611],[19.5387715,46.1542697],[19.5364266,46.15297],[19.5344803,46.1518824],[19.5338513,46.1522275],[19.5305808,46.1501012],[19.5303949,46.150229],[19.5266215,46.147755],[19.5265629,46.1476923],[19.5232919,46.1490553],[19.5199973,46.1504257],[19.5167587,46.1517353],[19.516653,46.1516483],[19.5131308,46.1493828],[19.5133766,46.1491872],[19.5115283,46.1479732],[19.50562,46.144141],[19.502454,46.1420863],[19.5093977,46.1374103],[19.5094421,46.1373526],[19.509414,46.137284],[19.5081311,46.1356852],[19.5074731,46.13463],[19.5074386,46.1345301],[19.5074603,46.1344605],[19.5078023,46.1338885],[19.5080822,46.133599],[19.510374,46.1319442],[19.5129255,46.1303708],[19.5135381,46.1299055],[19.5157215,46.1284407],[19.5177876,46.1271219],[19.5184569,46.1267096],[19.5204228,46.12530270000001],[19.5226294,46.1238584],[19.5248661,46.122392],[19.5270685,46.1209367],[19.5225381,46.1180513],[19.5089682,46.1107261],[19.4959525,46.1069619],[19.4914073,46.1054046],[19.4897417,46.1046705],[19.4883122,46.1042397],[19.4857607,46.1034939],[19.4850057,46.1047375],[19.4818399,46.1048042],[19.4803497,46.1017651],[19.4767619,46.1004848],[19.4735442,46.0986942],[19.4713281,46.097744],[19.4709893,46.0972274],[19.4707825,46.0965902],[19.4652551,46.095448],[19.4644229,46.0952749],[19.4669294,46.089006],[19.4665282,46.081649],[19.4616337,46.0791032],[19.4583307,46.0773857],[19.4490755,46.0724171],[19.440984,46.067873],[19.4396712,46.0671113],[19.4382518,46.06617830000001],[19.4347918,46.063552],[19.4330976,46.0622432],[19.4285926,46.0589427],[19.4230059,46.0549398],[19.4157194,46.0459709],[19.4154393,46.0457307],[19.4083186,46.0442588],[19.4043795,46.0435561],[19.4003565,46.0428386],[19.3950701,46.0419678],[19.3912388,46.0404074],[19.3810743,46.0361698],[19.3801798,46.0358061],[19.3797466,46.0362898],[19.3693805,46.0478369],[19.364162,46.0521699],[19.2816008,46.0145217],[19.285155,46.0103581],[19.2921813,46.0028143],[19.2938523,46.0010692],[19.2974011,45.9972016],[19.3027132,45.9915575],[19.3176288,45.9760262],[19.328453,45.9584755],[19.3462593,45.9636981],[19.3436597,45.937116],[19.3470529,45.9340547],[19.3560876,45.9403723],[19.3599011,45.9415691],[19.36796,45.9416324],[19.3734266,45.9404281],[19.3738004,45.9403457],[19.3739776,45.9403067],[19.3785915,45.9403093],[19.3932425,45.9403176],[19.3977514,45.9411068],[19.4125909,45.9412869],[19.4252513,45.9425473],[19.435769,45.9425554],[19.4439839,45.9397249],[19.4496849,45.9377606],[19.4556334,45.93571090000001],[19.4598894,45.9342443],[19.464224,45.9327506],[19.4740985,45.9293477],[19.4951037,45.9245104],[19.5006267,45.9219538],[19.5015334,45.9215341],[19.5064821,45.9185483],[19.5070612,45.9181989],[19.5205258,45.9100743],[19.520658,45.9099945],[19.5290299,45.9027682],[19.5302041,45.9016158],[19.530406,45.8907757],[19.5305721,45.8818539],[19.5328964,45.8799401],[19.5388318,45.8750515],[19.5512535,45.8648191],[19.5529724,45.8666379],[19.5565491,45.8704223],[19.5631843,45.8735519],[19.5661849,45.8768646],[19.5703862,45.878469],[19.5796928,45.880173],[19.5849413,45.8818572],[19.5996703,45.8865835],[19.6043342,45.8878423],[19.6053532,45.8856105],[19.6099726,45.8866358],[19.6317011,45.8914582],[19.631864,45.8942726],[19.6361919,45.893748],[19.6370563,45.8870965],[19.6600896,45.891135],[19.6612963,45.8950417],[19.6615877,45.8947452],[19.6691447,45.8870554],[19.6738554,45.8822614],[19.6778088,45.8782377],[19.6810314,45.8749577],[19.6817349,45.8742416],[19.6869219,45.8689617],[19.68815,45.8677115],[19.693069,45.8627037],[19.6975544,45.858137],[19.6981644,45.8580097],[19.6982374,45.8579945],[19.7082037,45.8559146],[19.7088344,45.855783],[19.716244,45.8542367],[19.7252961,45.8523475],[19.7284315,45.8516931],[19.7280815,45.854221],[19.7273131,45.8597709],[19.7266759,45.8643723],[19.7263886,45.866447],[19.7260535,45.8688666],[19.7256089,45.8720773],[19.7253643,45.8738435],[19.7250979,45.8757665],[19.7246316,45.8791331],[19.724539,45.8798018],[19.7303242,45.883613],[19.7379863,45.8886602],[19.7402324,45.8901397],[19.7455293,45.8936286],[19.7504286,45.8968553],[19.7514943,45.8975572],[19.7565436,45.9008826],[19.7563857,45.8986201],[19.7562564,45.8967668],[19.75593,45.892089],[19.7558396,45.8907933],[19.755423,45.8848208],[19.7659831,45.8901334],[19.7756568,45.8949996],[19.7793379,45.8900069],[19.7819973,45.8891953],[19.7851749,45.8854353],[19.7871862,45.8802978],[19.7874597,45.8802718],[19.7882121,45.8802002],[19.7885696,45.8801662],[19.7886945,45.8802352],[19.7887334,45.8802566],[19.7889477,45.8803749],[19.7913881,45.8817173],[19.7924286,45.8822898],[19.7931216,45.8826619],[19.7931625,45.8826838],[19.7953888,45.8838792],[19.795741,45.8840684],[19.7962372,45.8843347],[19.7965611,45.8845086],[19.7971979,45.8848506],[19.7974729,45.8849981],[19.7977536,45.8851488],[19.7986624,45.8856368],[19.7985617,45.8857325],[19.7983749,45.8859097],[19.7982834,45.8859965],[19.8007319,45.8873567],[19.8007724,45.8873792],[19.8044326,45.8894122],[19.8044843,45.8894407],[19.8046666,45.889541],[19.8049062,45.8896729],[19.8058272,45.8901796],[19.8062582,45.8904167],[19.8070247,45.8908385],[19.8071689,45.8909179],[19.8073127,45.890997],[19.8075929,45.8911511],[19.8078716,45.8913045],[19.8079123,45.8913269],[19.8106732,45.8928459],[19.8108093,45.892681],[19.8139774,45.8941369],[19.8138929,45.8944872],[19.8184974,45.8967571],[19.8201453,45.8975694],[19.8203559,45.8976731],[19.8217259,45.898348],[19.8217684,45.8983688],[19.8225556,45.8987565],[19.8245255,45.8997367],[19.8242426,45.9000391],[19.8241058,45.9001854],[19.8239077,45.9003972],[19.8237892,45.9005239],[19.8236894,45.9006305],[19.823542,45.9007881],[19.8234435,45.9008934],[19.8233177,45.9010279],[19.8230362,45.9013288],[19.8229115,45.9014622],[19.8226054,45.9017892],[19.8224479,45.9019577],[19.8222782,45.902139],[19.8215482,45.9029193],[19.8249388,45.9033789],[19.8255551,45.9034625],[19.8264862,45.9035886],[19.8272931,45.903698],[19.8273362,45.9038096],[19.8273648,45.9038836],[19.8271692,45.9041192],[19.8264008,45.9050446],[19.8246897,45.9071052],[19.8246638,45.9071363],[19.8241853,45.9077126],[19.821861,45.9105146],[19.8211113,45.9114182],[19.8210855,45.91144939999999],[19.8205412,45.9121055],[19.8200564,45.9126898],[19.8200337,45.9127173],[19.8190633,45.9139138],[19.8186708,45.9143978],[19.8182992,45.914856],[19.8182738,45.9148873],[19.8167298,45.9167912],[19.8162734,45.9173539],[19.8161418,45.9175162],[19.8155635,45.9182025],[19.8148594,45.9190381],[19.8148332,45.9190692],[19.8127601,45.9215292],[19.8124579,45.9218879],[19.8123111,45.9220621],[19.8116026,45.9229027],[19.8115763,45.92293380000001],[19.8125426,45.9234124],[19.8125136,45.9234423],[19.8093923,45.9266742],[19.8093528,45.9267203]]]}},{"type":"Feature","properties":{"id":"33768554B82450600870758","name":"Sombor","district":"RS-05"},"geometry":{"type":"Polygon","coordinates":[[[19.3027132,45.9915575],[19.2965383,45.9877968],[19.2853496,45.9967585],[19.2542425,45.9957355],[19.2491263,45.99550830000001],[19.2365942,45.99507290000001],[19.2327088,45.99935520000001],[19.2303365,45.9992564],[19.2178332,45.9990208],[19.2064411,45.9988672],[19.2036764,45.9985956],[19.2000641,45.9982446],[19.1995868,45.9981606],[19.2035855,45.9940126],[19.2049172,45.9926841],[19.1656186,45.9942751],[19.1656012,45.99597290000001],[19.147739,45.9961247],[19.1469646,45.9976391],[19.1456473,46.0013746],[19.1472095,46.0080098],[19.1443802,46.0124997],[19.1391006,46.0277623],[19.1341138,46.0362547],[19.1337859,46.0370714],[19.1136395,46.0379544],[19.105068,46.0397853],[19.1045793,46.0399876],[19.1009562,46.0353297],[19.090097,46.0237999],[19.0829558,46.0167095],[19.0760069,46.0099686],[19.0730327,46.0066447],[19.0677862,46.0019358],[19.065676,46.000043],[19.0726669,45.9821957],[19.0762121,45.9728298],[19.0795504,45.9635351],[19.0754932,45.9632433],[19.0715863,45.9632592],[19.0650392,45.9638312],[19.0632861,45.9637717],[19.057837,45.9646691],[19.0550031,45.9655],[19.054635,45.9654755],[19.0505793,45.9652405],[19.0447492,45.9648873],[19.0384992,45.9647279],[19.0363721,45.9646927],[19.0343417,45.9646507],[19.033196,45.9646456],[19.0326879,45.9646528],[19.0304142,45.9644375],[19.0187804,45.9631378],[19.014713,45.96211320000001],[19.0098003,45.960209],[19.0058141,45.9587094],[19.0037973,45.9556393],[18.9978752,45.9462114],[19.005611,45.9292905],[19.0088562,45.9232866],[18.9946964,45.9238829],[18.9891215,45.9303451],[18.9889242,45.930591],[18.9887314,45.9309138],[18.9886844,45.9310911],[18.9879734,45.9322136],[18.9696528,45.9281084],[18.9660512,45.9270834],[18.9630153,45.9262166],[18.9620183,45.9258707],[18.9602727,45.9262698],[18.9589531,45.9265819],[18.9585363,45.9265862],[18.9471059,45.9276292],[18.9448778,45.92787],[18.9355395,45.9305899],[18.9354481,45.9306149],[18.9353884,45.930636],[18.9353432,45.9306464],[18.9352895,45.9306639],[18.9349974,45.9307334],[18.9345109,45.9308239],[18.9201785,45.933043],[18.9131069,45.9341929],[18.9081277,45.9349663],[18.9060047,45.9352738],[18.9053701,45.934693],[18.9032713,45.9335723],[18.8973583,45.9277571],[18.8963336,45.9269884],[18.8936264,45.9251504],[18.8913269,45.9238579],[18.8907595,45.9233802],[18.8899054,45.9213676],[18.8897278,45.9213305],[18.8893946,45.921415],[18.8886801,45.9218153],[18.8881478,45.9218387],[18.8876983,45.9215242],[18.8868904,45.9214684],[18.8864624,45.9213913],[18.8868403,45.9213683],[18.887306,45.9211404],[18.8863744,45.9206307],[18.8859856,45.9204602],[18.88548,45.920383],[18.8852057,45.9202482],[18.8843794,45.9196627],[18.8827081,45.9183103],[18.8807881,45.9171751],[18.8791461,45.9164365],[18.877333,45.9158974],[18.8759822,45.9157867],[18.8742065,45.9157525],[18.8727946,45.915862],[18.8711919,45.9161989],[18.8696897,45.9168488],[18.8679787,45.9177457],[18.8661246,45.9190269],[18.864896,45.9204284],[18.8646198,45.9207411],[18.8646061,45.9193937],[18.8646137,45.9190033],[18.8648672,45.9183718],[18.8650265,45.9178327],[18.864993,45.9176484],[18.8651394,45.91688939999999],[18.8663449,45.9148748],[18.8665171,45.9141526],[18.866698,45.9137838],[18.8678179,45.9124679],[18.8681236,45.9114209],[18.8682048,45.9112381],[18.8644466,45.910655],[18.8275505,45.9047907],[18.8271232,45.906055],[18.8266829,45.9071534],[18.8261391,45.9083613],[18.8249911,45.9103252],[18.8240663,45.91165],[18.8224824,45.913706],[18.821634,45.9146342],[18.8192685,45.9127665],[18.8179831,45.911756],[18.8142875,45.9088035],[18.8216449,45.9037852],[18.8249682,45.900085],[18.826358,45.8956066],[18.8272945,45.891254],[18.8295302,45.8818537],[18.8297624,45.8753478],[18.8298479,45.873563],[18.8311296,45.8716591],[18.8336504,45.8683866],[18.8363422,45.8663933],[18.8441182,45.8641619],[18.8489463,45.8627636],[18.8523643,45.8613056],[18.854757,45.8594311],[18.8563805,45.8563662],[18.8578759,45.8474385],[18.857235,45.8391344],[18.8565087,45.8327641],[18.8536888,45.8262442],[18.8500144,45.8208253],[18.8482247,45.8162282],[18.8475838,45.8119995],[18.8479257,45.8067877],[18.8499338,45.8007414],[18.8541209,45.792907],[18.8595898,45.788468],[18.8634351,45.7868889],[18.8709548,45.7852205],[18.8776806,45.783842],[18.8807622,45.7828307],[18.885022,45.7796914],[18.8887079,45.7752664],[18.8903091,45.7708623],[18.8915176,45.7639919],[18.894724,45.7544181],[18.9009016,45.7546242],[18.916436,45.7447871],[18.9275924,45.7449549],[18.9600693,45.7705025],[18.9670584,45.770423],[18.9693755,45.7669255],[18.9696414,45.7581012],[18.9709763,45.7566708],[18.9710755,45.7510885],[18.9810599,45.7510135],[18.9892403,45.753163],[19.0036888,45.755449],[19.0230956,45.75511],[19.032677,45.7536209],[19.0551473,45.7499596],[19.0563554,45.7484623],[19.0568318,45.7445553],[19.0553584,45.7356863],[19.0516598,45.7320594],[19.040754,45.7272278],[19.0336115,45.7224849],[19.0426199,45.7079877],[19.0528172,45.7083443],[19.0700732,45.7071519],[19.0862004,45.7037493],[19.1306445,45.70371570000001],[19.1439301,45.6788074],[19.1176976,45.6764103],[19.1207501,45.67548],[19.1252238,45.6720245],[19.1245091,45.66391930000001],[19.1257208,45.6620784],[19.1298193,45.6604],[19.1348987,45.6581201],[19.1369915,45.6562193],[19.1390362,45.6518472],[19.1377774,45.643664],[19.1555626,45.6421948],[19.1608859,45.6400502],[19.1653507,45.6367991],[19.1676589,45.6338018],[19.167358,45.6319653],[19.1645658,45.6270468],[19.1563098,45.6194185],[19.1526987,45.6142366],[19.1490399,45.6017114],[19.1431479,45.59341890000001],[19.1421424,45.5899779],[19.1435421,45.583541],[19.1481218,45.5743903],[19.1482772,45.5715096],[19.1547678,45.56930830000001],[19.1670507,45.5679247],[19.1777713,45.56671590000001],[19.233925,45.5839442],[19.2414743,45.591872],[19.2231785,45.6295861],[19.2120025,45.6332226],[19.2328407,45.6514964],[19.2551335,45.6519018],[19.2617523,45.6536758],[19.276628,45.6422771],[19.3164414,45.6415869],[19.3338328,45.6367215],[19.3474601,45.6476154],[19.3261487,45.6630093],[19.3245368,45.66574090000001],[19.3044674,45.6665337],[19.3009574,45.6714449],[19.2897422,45.6749178],[19.3244725,45.698130800000015],[19.3132866,45.6996848],[19.2992281,45.7031349],[19.2933433,45.7037711],[19.2889545,45.7028415],[19.2680687,45.70631860000001],[19.2742363,45.7101948],[19.279499,45.7170344],[19.2828926,45.7244067],[19.2835486,45.731747],[19.2900327,45.7304384],[19.3063591,45.725311900000015],[19.3116102,45.7230034],[19.328294,45.7208772],[19.3344179,45.7177707],[19.3344763,45.7201045],[19.3331651,45.72235840000001],[19.330195,45.7242555],[19.3289873,45.7261671],[19.324849,45.7276428],[19.3208862,45.7302864],[19.316844,45.7318312],[19.3237855,45.738271],[19.3357864,45.7526439],[19.3422784,45.7569515],[19.4214665,45.7938701],[19.4061287,45.80368],[19.3948374,45.8163736],[19.3872266,45.8196204],[19.3785535,45.822161],[19.3747795,45.825014],[19.36931,45.8313792],[19.3665786,45.8345577],[19.3604794,45.8394203],[19.3478169,45.8633027],[19.3443007,45.8699305],[19.3475178,45.8726936],[19.3496077,45.8744632],[19.3558195,45.8797682],[19.3499685,45.8898211],[19.3498773,45.8899779],[19.3455696,45.8973779],[19.3449771,45.8983957],[19.3401816,45.9066324],[19.3348195,45.9158409],[19.3423892,45.9205713],[19.3468422,45.9233538],[19.350969,45.9259324],[19.3511149,45.9260236],[19.3584751,45.9306221],[19.3739776,45.9403067],[19.3738004,45.9403457],[19.3734266,45.9404281],[19.36796,45.9416324],[19.3599011,45.9415691],[19.3560876,45.9403723],[19.3470529,45.9340547],[19.3436597,45.937116],[19.3462593,45.9636981],[19.328453,45.9584755],[19.3176288,45.9760262],[19.3027132,45.9915575]]]}},{"type":"Feature","properties":{"id":"33768554B73967989073228","name":"Sremska Mitrovica","district":"RS-07"},"geometry":{"type":"Polygon","coordinates":[[[19.752468,44.8924469],[19.7590527,44.8902138],[19.7659177,44.8889422],[19.7678594,44.8877163],[19.7738514,44.8868518],[19.7758715,44.8876155],[19.7780648,44.8905752],[19.7806598,44.8918216],[19.7829343,44.8965652],[19.7900956,44.8945389],[19.7962157,44.9012199],[19.8076646,44.917253],[19.8162228,44.9332047],[19.8212296,44.9351463],[19.8220159,44.9452341],[19.8069329,44.9465426],[19.7957079,44.9485522],[19.7844,44.9489139],[19.782909,44.9511735],[19.7797962,44.9558906],[19.7619804,44.9700779],[19.7659243,44.9721542],[19.7644531,44.9849072],[19.7624972,44.9872992],[19.750029,44.9868288],[19.7511765,44.9779848],[19.7167401,44.9800798],[19.7125671,44.9816365],[19.6955161,44.9850471],[19.6880409,44.9874853],[19.6797203,45.0015566],[19.684208,45.0028234],[19.7001431,45.0050338],[19.7088459,45.0092256],[19.7076577,45.0173522],[19.7081001,45.0379084],[19.7133939,45.0717139],[19.7199488,45.0939058],[19.7216847,45.0954251],[19.7233211,45.0957065],[19.7254261,45.098324],[19.7284355,45.1074632],[19.7299603,45.1198193],[19.7284665,45.1238595],[19.7239551,45.1291881],[19.7226277,45.1359046],[19.7199462,45.1422712],[19.7163309,45.1450656],[19.7142552,45.1489655],[19.7074092,45.1502122],[19.6805973,45.1501609],[19.6683162,45.14891090000001],[19.6577431,45.1490714],[19.6495765,45.1495096],[19.6403653,45.148481],[19.6322405,45.1477639],[19.6300161,45.1469607],[19.6191205,45.14213030000001],[19.6146718,45.1412121],[19.6095256,45.14186749999999],[19.6075521,45.144737],[19.6008905,45.1503909],[19.5988884,45.1502765],[19.5933354,45.1497275],[19.58564,45.1525615],[19.5640776,45.1553076],[19.55967,45.1587096],[19.5522571,45.1598006],[19.5437759,45.1617248],[19.539227,45.1645454],[19.530053,45.1615349],[19.5285461,45.16543520000001],[19.5264727,45.1671751],[19.5207391,45.16895030000001],[19.5205126,45.1713499],[19.5160435,45.1718686],[19.5130534,45.1706135],[19.5119111,45.1690278],[19.5084195,45.169004],[19.5043298,45.1701423],[19.4931118,45.1696289],[19.4884318,45.1694147],[19.4835241,45.1666361],[19.4757799,45.165552300000016],[19.4703334,45.1630263],[19.4657532,45.1613645],[19.4656266,45.1604439],[19.471727,45.1573597],[19.4809402,45.1573565],[19.4794384,45.1538471],[19.4764032,45.1490921],[19.4701682,45.1443826],[19.4657237,45.1365988],[19.4623681,45.120659],[19.4692121,45.1165234],[19.4708148,45.1128991],[19.4654233,45.09035930000001],[19.4657793,45.0858342],[19.4631747,45.0784066],[19.4612708,45.0761291],[19.4533725,45.0706865],[19.4493885,45.0675363],[19.4442157,45.0572085],[19.4410475,45.0552127],[19.4228015,45.0581436],[19.3884256,45.0600902],[19.3842374,45.06031890000001],[19.3821012,45.0546083],[19.3668062,45.04851870000001],[19.3420175,45.043104],[19.3403152,45.040689],[19.3598754,45.0401625],[19.3594495,45.036592],[19.3563495,45.0367727],[19.3568792,45.0339644],[19.3637852,45.0318251],[19.3618888,45.0294088],[19.3588915,45.0292475],[19.3444592,45.0359212],[19.3401921,45.0364348],[19.3389649,45.0345726],[19.3316129,45.0343745],[19.3307593,45.0333385],[19.3270798,45.033445],[19.3234398,45.0312194],[19.3202502,45.0309868],[19.3179058,45.0322705],[19.3160171,45.0352043],[19.3108618,45.0379572],[19.3071676,45.03766739999999],[19.3117812,45.0225464],[19.3137256,45.0220141],[19.3158855,45.0201802],[19.3237471,45.0187372],[19.3286199,45.0166514],[19.3470811,45.0001348],[19.3459199,44.9942946],[19.3427379,44.9937197],[19.351847,44.9764884],[19.3533166,44.9737075],[19.3501368,44.9730642],[19.3606845,44.9664959],[19.3597192,44.9604518],[19.3546314,44.952385],[19.3502324,44.955436],[19.346931,44.9563694],[19.3312918,44.9552801],[19.32652,44.9516734],[19.3213136,44.9509439],[19.3071465,44.9430043],[19.3022251,44.9426193],[19.2977772,44.9412093],[19.2952985,44.940845],[19.2921914,44.9417099],[19.2875943,44.944894],[19.2812549,44.94271230000001],[19.2803261,44.9405779],[19.2744219,44.9411434],[19.2615373,44.9375997],[19.2504262,44.9375689],[19.2504369,44.9476523],[19.2458968,44.9476585],[19.2108136,44.9477007],[19.2105078,44.935721],[19.2104085,44.9318296],[19.2103127,44.9280781],[19.1922554,44.9276337],[19.1918916,44.9217444],[19.1918074,44.92031690000001],[19.1937215,44.9196532],[19.1953535,44.9188601],[19.1968898,44.9179322],[19.1987029,44.916401],[19.2000577,44.9149879],[19.2017882,44.9128334],[19.2029526,44.9113256],[19.2040312,44.9095885],[19.2049453,44.90728139999999],[19.2052155,44.9064555],[19.2059456,44.9039855],[19.2062831,44.9030855],[19.2064992,44.9023473],[19.2068241,44.9015667],[19.2073303,44.900574],[19.2082172,44.89933030000001],[19.2094718,44.8979146],[19.2098618,44.8976078],[19.2103135,44.8973758],[19.2107574,44.8971833],[19.2121102,44.8968378],[19.2134111,44.8964733],[19.2142743,44.8962577],[19.2157386,44.8960713],[19.2167889,44.8960022],[19.2175084,44.8960389],[19.2198802,44.8961973],[19.2222797,44.8968279],[19.2235722,44.8972943],[19.2252944,44.8982907],[19.2283115,44.9008032],[19.2299287,44.9021239],[19.2322126,44.9038508],[19.2343642,44.9050625],[19.2377542,44.9069432],[19.2412253,44.9090295],[19.2427638,44.9099548],[19.2434253,44.9103126],[19.2448482,44.9110685],[19.2467763,44.9120505],[19.248364,44.9126748],[19.248712,44.9127631],[19.2497934,44.9131071],[19.2509497,44.9133211],[19.2519208,44.9134113],[19.2531637,44.9134445],[19.2543896,44.9133813],[19.2560603,44.9132084],[19.2575099,44.9129671],[19.2586533,44.9127204],[19.2600466,44.9123011],[19.2613137,44.9118452],[19.2629493,44.9110937],[19.2638004,44.910643],[19.2655009,44.9096221],[19.2681794,44.9079308],[19.2709427,44.9062079],[19.2719058,44.9057883],[19.2726602,44.9055036],[19.2735878,44.9053089],[19.2763688,44.9047559],[19.2774103,44.9046071],[19.2780442,44.9045935],[19.2790473,44.9047109],[19.2800267,44.9049237],[19.2819142,44.9055149],[19.2846892,44.9067359],[19.2871568,44.9078764],[19.2889557,44.9085732],[19.2895979,44.908777],[19.2907608,44.9090834],[19.2915654,44.9092709],[19.2924125,44.9094414],[19.2934441,44.9095855],[19.2944707,44.9096435],[19.2969308,44.9096418],[19.2991616,44.9095064],[19.3010899,44.9092715],[19.3032594,44.9088596],[19.3051936,44.9084393],[19.3060042,44.9082972],[19.307984,44.9080638],[19.3095738,44.9078372],[19.3109627,44.9074359],[19.312695,44.9067856],[19.3137034,44.9063654],[19.3148739,44.9057626],[19.3158537,44.9051542],[19.3178087,44.9035244],[19.3191203,44.9023178],[19.3207674,44.9008696],[19.3218006,44.89971520000001],[19.323782,44.8990301],[19.3267943,44.8982317],[19.329292,44.8975531],[19.3325215,44.8965136],[19.3355436,44.89531870000001],[19.3374528,44.8943713],[19.3385587,44.8936405],[19.340549,44.8924053],[19.3415527,44.8917763],[19.3427779,44.8911566],[19.3443326,44.89033530000001],[19.345588,44.8897473],[19.346541,44.8894062],[19.3479583,44.8890438],[19.3491946,44.8889319],[19.3501135,44.8890114],[19.3510904,44.8892231],[19.3514696,44.8893578],[19.3517636,44.8895227],[19.3534812,44.8901117],[19.3546306,44.8928345],[19.3534556,44.8982259],[19.3522673,44.8998493],[19.3499576,44.9011239],[19.3436775,44.9020697],[19.3389623,44.9029701],[19.3343822,44.9040028],[19.3306079,44.9056158],[19.3278408,44.9075101],[19.3233139,44.9102909],[19.3209808,44.911816],[19.3208032,44.9133604],[19.3197724,44.9163597],[19.3215587,44.9192555],[19.3237787,44.9207856],[19.3276327,44.9222525],[19.3328886,44.9218022],[19.3367891,44.9210972],[19.3455409,44.9195661],[19.3562595,44.9176897],[19.3651237,44.9154661],[19.3779812,44.9122389],[19.3840723,44.9118067],[19.3880238,44.9123179],[19.3926171,44.9150289],[19.3974769,44.9192508],[19.4035961,44.9199055],[19.4093369,44.9196392],[19.4179442,44.9196547],[19.4229321,44.9157412],[19.4251357,44.9169239],[19.4217131,44.9197105],[19.4241099,44.9208945],[19.4252387,44.9228923],[19.4301736,44.92231190000001],[19.437598,44.9231902],[19.4389308,44.9245034],[19.4384945,44.9278613],[19.4310027,44.9314412],[19.429528,44.933145],[19.4293789,44.9366422],[19.4333963,44.9393474],[19.4392781,44.9401455],[19.4432452,44.9397632],[19.4517033,44.9361897],[19.4538526,44.934559],[19.4608297,44.9331005],[19.465698,44.9304602],[19.4719942,44.9292705],[19.4729364,44.9280646],[19.4710852,44.9252855],[19.4736521,44.9213939],[19.4738785,44.9190632],[19.4717169,44.9148636],[19.4749261,44.9133088],[19.4751398,44.9118698],[19.4802934,44.9093682],[19.4801642,44.9048401],[19.4837366,44.9048652],[19.484257,44.9021936],[19.4904713,44.9011645],[19.4985085,44.9000309],[19.5027254,44.9002637],[19.5063246,44.9053643],[19.5113367,44.9060157],[19.5110839,44.9104041],[19.5125193,44.9113741],[19.5172563,44.9109945],[19.5179146,44.9123022],[19.5164078,44.9166135],[19.5192375,44.92164],[19.5216329,44.923175],[19.525001,44.9240107],[19.5287732,44.9236243],[19.5422447,44.9127376],[19.5444199,44.9088417],[19.5461562,44.9089903],[19.5495561,44.9074345],[19.5508024,44.9081285],[19.5539027,44.9073253],[19.5568756,44.908922],[19.5609606,44.9066157],[19.5649985,44.9080132],[19.567427,44.9068625],[19.5686133,44.9046748],[19.5741106,44.9051894],[19.5790456,44.9043284],[19.5869566,44.9048573],[19.5928578,44.903933],[19.5955244,44.9069674],[19.6007424,44.9066559],[19.6040424,44.9052352],[19.6054976,44.9064182],[19.609302,44.9095195],[19.6080942,44.9136281],[19.6176119,44.9172513],[19.6186491,44.9193839],[19.6206691,44.9200817],[19.6269527,44.9195696],[19.630347,44.9183544],[19.6319777,44.9193242],[19.6347775,44.9194088],[19.6401597,44.9217032],[19.6410947,44.9214877],[19.6486041,44.917978],[19.6518906,44.917722],[19.6562696,44.9147281],[19.6731902,44.9203235],[19.6743326,44.9232644],[19.6770452,44.9242826],[19.6858386,44.9240089],[19.698455,44.9264573],[19.704914,44.9260215],[19.7092429,44.9230161],[19.715081,44.9165711],[19.7167515,44.9152795],[19.7203753,44.9124776],[19.723813,44.9104797],[19.7283154,44.9098145],[19.735227,44.9109548],[19.7412314,44.9122535],[19.749368,44.9132098],[19.7554226,44.9108098],[19.7586116,44.9064699],[19.7591494,44.9005729],[19.7561128,44.8949335],[19.752468,44.8924469]]]}},{"type":"Feature","properties":{"id":"33768554B85269218904292","name":"Pančevo","district":"RS-04"},"geometry":{"type":"Polygon","coordinates":[[[20.79980829999994,44.65912179999998],[20.7997799,44.6856665],[20.7997686,44.6898597],[20.8206574,44.6913051],[20.823394,44.6914942],[20.8377915,44.7125636],[20.8572453,44.7271804],[20.8602232,44.72941680000001],[20.8605649,44.7338784],[20.8503944,44.7826312],[20.8501692,44.7837093],[20.8448757,44.7836142],[20.8511394,44.79277110000001],[20.8257412,44.79092630000001],[20.8214997,44.7914531],[20.8186298,44.7989854],[20.8187925,44.8018679],[20.8175082,44.8050174],[20.8125011,44.8088592],[20.8117817,44.8093094],[20.8112929,44.8102734],[20.8106017,44.8116359],[20.8114375,44.8145908],[20.8133479,44.8161105],[20.8135759,44.8219438],[20.794068,44.8266408],[20.7974114,44.8292664],[20.8045315,44.8391854],[20.8143167,44.8438535],[20.819857,44.8464958],[20.8678383,44.8693579],[20.9153338,44.8840594],[20.9497745,44.894703],[20.9531064,44.9002061],[20.919627,44.9234613],[20.9111088,44.9928622],[20.8756552,44.9739645],[20.8490077,44.9983018],[20.8395158,45.00671530000001],[20.8304837,45.0151172],[20.8300559,45.0150276],[20.8275065,45.0173473],[20.8246467,45.019958],[20.8223789,45.0220283],[20.8185706,45.0198698],[20.8160721,45.0186552],[20.8096425,45.0224667],[20.800558,45.02805690000001],[20.8002964,45.0282179],[20.7961724,45.0307554],[20.7940253,45.0320764],[20.7902445,45.0343164],[20.7881054,45.0356042],[20.7825646,45.0388084],[20.7737962,45.0441121],[20.7727832,45.0448998],[20.7607114,45.0396092],[20.7392834,45.0436204],[20.6986248,45.0261865],[20.7160556,45.0025846],[20.6568465,44.9815904],[20.6479437,44.9784297],[20.6445122,44.9863329],[20.6383136,44.9841537],[20.6397333,44.9790704],[20.6258888,44.9747152],[20.6241334,44.9776568],[20.623017,44.9795276],[20.6282461,44.9813668],[20.6075411,45.0130619],[20.606225,45.0200659],[20.5674151,45.0139779],[20.519919,45.0100891],[20.4972165,44.988302],[20.5002112,44.987817],[20.5115981,44.9832696],[20.5180613,44.9794142],[20.5198901,44.9774893],[20.5198851,44.9761853],[20.51426559999993,44.97235170000005],[20.5146445,44.9702223],[20.53128049999998,44.9502898],[20.534940499999948,44.9476747],[20.5430769,44.9530124],[20.5458926,44.95341860000008],[20.5500281,44.9521061],[20.550212,44.95132160000014],[20.5449863,44.94772369999998],[20.5456509,44.9450456],[20.5511394,44.9411908],[20.554612599999984,44.940359899999976],[20.5604067,44.9402105],[20.56262479999998,44.939519300000086],[20.56698289999997,44.942118],[20.5692059,44.9424563],[20.5728687,44.9409381],[20.5734292,44.9369559],[20.57477629999994,44.93592330000007],[20.581929899999977,44.93741690000002],[20.5941841,44.9353972],[20.6075283,44.9206749],[20.61711319999995,44.9131092],[20.620023,44.9106205],[20.6217401,44.9069778],[20.619212699999935,44.90375830000005],[20.62052879999993,44.89744040000011],[20.619741,44.8946274],[20.6157643,44.8909309],[20.6149739,44.887569],[20.6166742,44.8832228],[20.623081699999943,44.87086720000002],[20.6229718,44.868465],[20.6206527,44.8677162],[20.61419589999997,44.868763400000034],[20.5944059,44.8655884],[20.5924683,44.8638771],[20.5956387,44.8614667],[20.5993957,44.8606334],[20.6163646,44.8596963],[20.6203,44.856322],[20.6117027,44.8549523],[20.60750589999998,44.85521],[20.6041262,44.8553058],[20.6011376,44.8552727],[20.5971197,44.855219400000124],[20.5898695,44.8541684],[20.586101499999984,44.85303570000008],[20.5822764,44.85148679999999],[20.5762685,44.8494577],[20.58303989999996,44.846042],[20.586727,44.8438956],[20.588393,44.84069160000013],[20.589680399999963,44.839078800000095],[20.59010959999995,44.83822670000012],[20.59049579999993,44.83667470000012],[20.5907413,44.834269300000074],[20.5910376,44.83324620000013],[20.5920663,44.8317607],[20.5926591,44.8310058],[20.5936878,44.8299795],[20.595356599999946,44.828762800000106],[20.5970229,44.8280352],[20.597973699999955,44.8276237],[20.59897189999998,44.82733129999997],[20.6003126,44.8271642],[20.60169659999997,44.82708790000004],[20.6036108,44.8271594],[20.605959699999914,44.82745410000001],[20.607607299999984,44.82791910000009],[20.6099522,44.828565],[20.6129917,44.8295545],[20.6140488,44.829824],[20.6149334,44.8299345],[20.615720099999976,44.8298782],[20.6163946,44.8296697],[20.6174027,44.82914],[20.6182614,44.8283762],[20.6184506,44.8280794],[20.618620799999974,44.827759],[20.6188193,44.8269457],[20.618817,44.82615830000001],[20.6185618,44.8253172],[20.6146798,44.8218275],[20.6137454,44.8207527],[20.6132003,44.8196402],[20.61311,44.81939879999999],[20.6130883,44.819088],[20.6132631,44.8185343],[20.6135311,44.8177781],[20.614764,44.816473],[20.616623699999934,44.814950000000124],[20.6220291,44.8115193],[20.6236566,44.8101233],[20.626829699999917,44.806260500000064],[20.6303931,44.8017801],[20.6325211,44.7994275],[20.6307607,44.79691170000001],[20.627713,44.7916913],[20.6257049,44.7886882],[20.6225672,44.77874280000001],[20.6253871,44.76554260000001],[20.6305507,44.7578011],[20.6371407,44.7509643],[20.6461563,44.7454443],[20.6604708,44.7410735],[20.6769598,44.7310634],[20.6784196,44.72914620000001],[20.6896407,44.7144071],[20.7110291,44.6908427],[20.7293983,44.67813730000001],[20.738303,44.6732949],[20.762995699999976,44.662846300000126],[20.7716461,44.6607506],[20.7912714,44.6583894],[20.79980829999994,44.65912179999998]]]}},{"type":"Feature","properties":{"id":"33768554B80281741460558","name":"Kikinda","district":"RS-03"},"geometry":{"type":"Polygon","coordinates":[[[20.6623637,45.7940534],[20.6568336,45.8081986],[20.6543321,45.8075068],[20.6501444,45.8120524],[20.6599721,45.8291703],[20.6478858,45.8377018],[20.6293463,45.851287499999984],[20.6115437,45.8640673],[20.5987718,45.8616703],[20.5941989,45.8720391],[20.5808496,45.8693801],[20.5780163,45.8771334],[20.5764339,45.8766545],[20.5757681,45.8775718],[20.5747098,45.8790298],[20.5763632,45.8796902],[20.5742139,45.8841935],[20.5783194,45.8851285],[20.5764111,45.88982],[20.5688815,45.9104368],[20.5464425,45.9061043],[20.549901,45.9002224],[20.5154813,45.8921452],[20.5096315,45.9001378],[20.5017006,45.9106086],[20.4998516,45.9144672],[20.49876,45.9174027],[20.4975015,45.9213444],[20.4930748,45.9317135],[20.4863735,45.9469372],[20.4836292,45.9533816],[20.4767836,45.956684],[20.4628297,45.963338],[20.4475606,45.9703566],[20.4384314,45.9691595],[20.4270079,45.9678116],[20.4111827,45.9659813],[20.4061181,45.9652404],[20.3795104,45.9613417],[20.3611059,45.9690035],[20.3308321,45.9815955],[20.324041,45.9783043],[20.3163647,45.9727492],[20.3157727,45.9669188],[20.3139035,45.9660959],[20.3112475,45.966096],[20.3083946,45.96493],[20.3087878,45.9632152],[20.3110501,45.9625978],[20.3171486,45.9628032],[20.3174433,45.9615685],[20.3091808,45.9604028],[20.3077052,45.9586194],[20.3086883,45.9558071],[20.3170464,45.9503193],[20.3193069,45.9466837],[20.3171412,45.9392072],[20.3153713,45.9386586],[20.3118324,45.941814],[20.3035728,45.9399618],[20.29964,45.9357087],[20.2948228,45.9331701],[20.2910876,45.9291911],[20.2922674,45.927888],[20.296691,45.9277514],[20.2984033,45.9230881],[20.2997383,45.9194517],[20.2973795,45.9187655],[20.3039635,45.9037439],[20.3043559,45.8972959],[20.2683056,45.8871355],[20.263298,45.8841838],[20.2592719,45.8829472],[20.2556442,45.8798895],[20.2451426,45.8686028],[20.2454912,45.8665984],[20.2493903,45.8408913],[20.2519499,45.8318376],[20.2534326,45.8191476],[20.250984,45.81455],[20.2453954,45.8115969],[20.2390886,45.8047951],[20.1917764,45.7926864],[20.1865789,45.7928865],[20.1640331,45.7898408],[20.1609918,45.78833310000001],[20.1692442,45.7837418],[20.1712125,45.7805884],[20.1711187,45.77873610000001],[20.3079745,45.7858264],[20.3338525,45.7754683],[20.3402307,45.7840422],[20.342559,45.7835763],[20.3642469,45.7800575],[20.3643268,45.7645547],[20.3673743,45.759134],[20.3707818,45.7539883],[20.3751857,45.7498021],[20.3816469,45.7460263],[20.383559,45.7430513],[20.3899521,45.7320282],[20.3937563,45.72269690000001],[20.394628,45.7170713],[20.4112642,45.7115729],[20.4170347,45.7084818],[20.4237854,45.70621280000001],[20.4234841,45.7028518],[20.4243619,45.701342],[20.4275894,45.70003590000001],[20.4311026,45.69536830000001],[20.4302158,45.6929681],[20.4223816,45.6913283],[20.4157109,45.6842676],[20.413251,45.6740606],[20.4116626,45.6745091],[20.3945653,45.6805769],[20.3835807,45.6646674],[20.3784952,45.665973],[20.3764378,45.6637787],[20.3644089,45.6674873],[20.3608826,45.6637838],[20.3535494,45.66803890000001],[20.3608977,45.6773667],[20.3554201,45.679632],[20.3477766,45.6676284],[20.3474779,45.6617287],[20.3492363,45.6588472],[20.3554931,45.6550729],[20.3609694,45.6538367],[20.3684965,45.6501986],[20.3700589,45.6482087],[20.3698606,45.6460821],[20.3661377,45.6405952],[20.3604598,45.63510870000001],[20.355961,45.6342179],[20.346574,45.6340138],[20.3446344,45.6314675],[20.3441445,45.6301118],[20.342861,45.629311],[20.3321904,45.6165214],[20.3448932,45.6113067],[20.3755703,45.6020376],[20.38124,45.6032016],[20.3877008,45.6101962],[20.3943329,45.6020292],[20.4499852,45.6199604],[20.5350014,45.613192],[20.5160764,45.6586769],[20.5151506,45.6608999],[20.5221949,45.6853091],[20.5308347,45.6846143],[20.5452234,45.691855],[20.5563592,45.707954],[20.6112696,45.7035676],[20.6192618,45.7029269],[20.6272246,45.7043003],[20.630915,45.7479144],[20.6556451,45.76883680000001],[20.6512397,45.784898],[20.6520308,45.7859246],[20.6509872,45.7913457],[20.6623637,45.7940534]]]}},{"type":"Feature","properties":{"id":"33768554B98536505599429","name":"Zrenjanin","district":"RS-02"},"geometry":{"type":"Polygon","coordinates":[[[20.3321904,45.6165214],[20.3209891,45.6023977],[20.2661627,45.5331496],[20.2877373,45.5112741],[20.2848121,45.5045495],[20.2856905,45.5026289],[20.283155,45.5000894],[20.2729143,45.4969975],[20.2539943,45.4940367],[20.2350785,45.4888775],[20.2173286,45.4891364],[20.2024019,45.49214],[20.1919602,45.4951471],[20.1836625,45.4985675],[20.1885355,45.5007002],[20.1812066,45.5067973],[20.1688316,45.5004694],[20.1467144,45.4909697],[20.1545398,45.4820625],[20.1607942,45.4765829],[20.1707527,45.4709021],[20.1830482,45.4581461],[20.179556,45.4573978],[20.1652245,45.4586824],[20.165723,45.4540177],[20.1587108,45.451881],[20.1608736,45.4442685],[20.1587365,45.4415898],[20.1638619,45.4245065],[20.166282,45.423625],[20.1847903,45.4237862],[20.1893715,45.42235090000001],[20.199011,45.4246946],[20.2051489,45.4242896],[20.2069987,45.424909],[20.2094269,45.4294397],[20.2134173,45.4319821],[20.2225731,45.433706],[20.224821,45.4283566],[20.2251189,45.4240345],[20.2238614,45.4175156],[20.2215314,45.4119562],[20.2140501,45.4000798],[20.2040375,45.3901213],[20.2021014,45.3837385],[20.2033638,45.3794522],[20.2022971,45.3697594],[20.208247,45.3632006],[20.2131231,45.3605318],[20.2336888,45.3559609],[20.2480727,45.3471227],[20.2587996,45.3445394],[20.2624099,45.3423629],[20.2664885,45.3373922],[20.2715706,45.3340744],[20.2719818,45.332195],[20.2675193,45.3289073],[20.2599956,45.327581],[20.2555493,45.3244352],[20.2555251,45.3213214],[20.2569161,45.3201587],[20.2599247,45.3196998],[20.2639347,45.3190881],[20.2723335,45.3178069],[20.2747634,45.3166384],[20.2748553,45.3151766],[20.2735058,45.31274],[20.2640343,45.3105921],[20.2420147,45.3093282],[20.2372105,45.3071622],[20.2344696,45.3047678],[20.2341756,45.3025051],[20.2413903,45.2968812],[20.2430637,45.2891724],[20.2626359,45.2750291],[20.2684683,45.2720137],[20.2743255,45.2689854],[20.2869645,45.256735],[20.293271,45.2470364],[20.2934862,45.2467724],[20.3008735,45.2377096],[20.3057959,45.23167],[20.3080197,45.2299862],[20.3112311,45.2259072],[20.311962,45.2219104],[20.3122976,45.22007520000001],[20.3123645,45.2080026],[20.310978,45.197422],[20.3099621,45.1895413],[20.307342,45.1835714],[20.3035587,45.1797283],[20.3007459,45.1785613],[20.2842581,45.1765669],[20.2793128,45.173546],[20.2760173,45.16887890000001],[20.2760193,45.1638015],[20.2788337,45.156941],[20.2795158,45.1467862],[20.274965,45.1345023],[20.2753111,45.1323299],[20.2841325,45.12272690000001],[20.2940892,45.1096474],[20.2987638,45.1031063],[20.3074801,45.0947363],[20.3156119,45.083415],[20.3268403,45.0760727],[20.33168009999997,45.07428820000001],[20.3472725,45.0810104],[20.35366659999994,45.08498870000005],[20.3578304,45.0850561],[20.3626744,45.0873189],[20.37139769999993,45.093903],[20.382731,45.095681800000136],[20.3883464,45.09451220000001],[20.4056708,45.0888055],[20.4074086,45.086059399999954],[20.4116645,45.083723],[20.4140876,45.0849563],[20.4159319,45.0871507],[20.4170181,45.0973745],[20.4188678,45.1019021],[20.4237168,45.1047801],[20.4284667,45.1064229],[20.4412781,45.1157743],[20.4455463,45.1187584],[20.4523461,45.1254075],[20.4522529,45.12678],[20.4349149,45.1295424],[20.4330779,45.1313283],[20.4346304,45.13215030000001],[20.4444169,45.131729],[20.448405,45.1374891],[20.4519944,45.1387891],[20.4577244,45.1450903],[20.4646102,45.1444705],[20.4661634,45.1452921],[20.4652963,45.1470773],[20.4586194,45.1511336],[20.4585277,45.1529866],[20.4661159,45.16210430000001],[20.4577958,45.16863290000001],[20.4582857,45.1704164],[20.4602239,45.1700025],[20.4643849,45.1669785],[20.4654522,45.1672517],[20.4649813,45.1719871],[20.4666323,45.1728086],[20.4709918,45.1713623],[20.4696641,45.1818901],[20.4694658,45.1836465],[20.4707264,45.1841621],[20.4742943,45.1837773],[20.4796107,45.182589],[20.4805846,45.1825888],[20.4819449,45.1835898],[20.4832518,45.1852792],[20.4824932,45.1857858],[20.4820239,45.1864966],[20.4811374,45.1872126],[20.4800456,45.1876386],[20.478369,45.1879958],[20.4772992,45.1886481],[20.4772357,45.1888865],[20.4770824,45.189462],[20.4768873,45.1901943],[20.4765046,45.1911076],[20.4762829,45.191637],[20.4767313,45.1944398],[20.4764214,45.1954437],[20.4763053,45.19619620000001],[20.4767703,45.1968716],[20.477994,45.1971281],[20.4854856,45.19331930000001],[20.4882218,45.1911715],[20.4882339,45.1948084],[20.4861164,45.1998891],[20.4873941,45.204828],[20.4905124,45.2088037],[20.5009224,45.2164058],[20.505014,45.220723],[20.5071518,45.2214059],[20.5096716,45.2204415],[20.5112179,45.218655],[20.5105316,45.2168033],[20.4992575,45.21215390000001],[20.4979909,45.2107147],[20.5007023,45.20913250000001],[20.5086578,45.208709],[20.5120467,45.2067825],[20.513588,45.2038294],[20.5178551,45.2032737],[20.5189282,45.2047816],[20.5189444,45.2089674],[20.5215652,45.2091691],[20.5283446,45.20593270000001],[20.5299982,45.2069592],[20.537707,45.2172391],[20.5391627,45.2172365],[20.5400297,45.2157254],[20.5396331,45.213736],[20.5482622,45.2163252],[20.549926,45.2151584],[20.5501125,45.2134425],[20.5470735,45.2064488],[20.5485241,45.20534820000001],[20.5521389,45.2108998],[20.5538843,45.210622],[20.555334,45.2093154],[20.5590595,45.208226],[20.5674602,45.2086741],[20.5712392,45.2075686],[20.5742575,45.2096897],[20.5754326,45.2118831],[20.5737229,45.2195037],[20.5749002,45.222108900000016],[20.5756279,45.2319888],[20.5766063,45.2335651],[20.5814741,45.2363683],[20.584663,45.2369776],[20.5893333,45.235528],[20.5958408,45.2361314],[20.617234,45.2252394],[20.625175,45.222132],[20.6262465,45.22281550000001],[20.6294478,45.222533],[20.6295556,45.2243855],[20.6276257,45.22631180000001],[20.6277502,45.2310465],[20.6778007,45.2110098],[20.6818765,45.2110665],[20.6850646,45.20899820000001],[20.6866269,45.2104346],[20.6891449,45.2097408],[20.6876749,45.2076179],[20.6903816,45.2061685],[20.677319,45.1970115],[20.7188158,45.1831647],[20.7072656,45.1953854],[20.6950543,45.2066433],[20.7015383,45.2179465],[20.7011692,45.2206241],[20.6936011,45.2347841],[20.6909992,45.237537],[20.7196442,45.2824061],[20.7119315,45.2855767],[20.6884663,45.292511],[20.6766268,45.2948787],[20.6459309,45.29695310000001],[20.6460462,45.3001039],[20.6483984,45.3030536],[20.6545267,45.3038608],[20.6587161,45.3054276],[20.66077,45.3074119],[20.6616612,45.3099484],[20.6591778,45.316817],[20.6590216,45.3227871],[20.6624747,45.3305314],[20.6648156,45.3316228],[20.6682808,45.3303929],[20.6709136,45.3273515],[20.6787747,45.32513330000001],[20.6863638,45.3258659],[20.6886153,45.328055],[20.6873787,45.3320386],[20.6852527,45.3339661],[20.674302,45.339693],[20.6725666,45.3419622],[20.6731692,45.3448424],[20.6760895,45.3451771],[20.6793909,45.3443443],[20.6811477,45.3452312],[20.6812731,45.3493478],[20.6754786,45.3700861],[20.6748421,45.3767435],[20.6798632,45.3852373],[20.6533294,45.4067864],[20.6587114,45.4108886],[20.6577437,45.4118518],[20.6646906,45.4168415],[20.6565686,45.4260573],[20.6691687,45.4312373],[20.6785838,45.4262021],[20.6811338,45.4287334],[20.6535208,45.445165],[20.6323552,45.4350304],[20.627596,45.4375121],[20.6188797,45.4373285],[20.6299643,45.4261172],[20.6041879,45.415063],[20.5951855,45.4254431],[20.5824892,45.4188835],[20.5857768,45.4142111],[20.5826959,45.4128487],[20.5754309,45.4096354],[20.577455,45.4054461],[20.5690701,45.4031986],[20.5607367,45.4118596],[20.5501018,45.4074196],[20.5495283,45.409822],[20.5534709,45.4202436],[20.5375475,45.4345685],[20.5287123,45.4433841],[20.5160191,45.45762939999999],[20.5056712,45.4531852],[20.4984899,45.4617712],[20.4928291,45.459652],[20.49059,45.4604783],[20.4869785,45.4589736],[20.4846498,45.46213250000001],[20.4861167,45.4635714],[20.4917739,45.4645931],[20.506708,45.4699239],[20.5079815,45.4715687],[20.5051747,45.4771299],[20.5016779,45.4807709],[20.4997305,45.4815283],[20.4833478,45.4811382],[20.473688,45.4790917],[20.4706228,45.4925342],[20.4745152,45.4941156],[20.4869016,45.4941003],[20.4899597,45.4971627],[20.4899694,45.4971725],[20.49229,45.5010912],[20.4685787,45.5228385],[20.4258059,45.5620131],[20.3943329,45.6020292],[20.3877008,45.6101962],[20.38124,45.6032016],[20.3755703,45.6020376],[20.3448932,45.6113067],[20.3321904,45.6165214]]]}},{"type":"Feature","properties":{"id":"33768554B62558339807618","name":"Novi Sad","district":"RS-06"},"geometry":{"type":"Polygon","coordinates":[[[20.1033932,45.1862021],[20.1055137,45.190254],[20.1050213,45.19238],[20.1015184,45.19532370000001],[20.0974079,45.2054016],[20.0976609,45.2161738],[20.1037351,45.22805490000001],[20.0985927,45.2272218],[20.0909214,45.22775580000001],[20.0903661,45.2317674],[20.0923506,45.2352371],[20.0795375,45.234388],[20.0817474,45.2404987],[20.0832571,45.2520968],[20.0826697,45.2533307],[20.0614039,45.252256],[20.0603907,45.2622707],[20.0592164,45.2643264],[20.0526573,45.29841010000001],[20.0510932,45.3004647],[20.0405898,45.3016062],[20.0050555,45.3033596],[20.0040067,45.3079619],[19.9736639,45.326743],[19.9738859,45.3270952],[19.983559,45.3424419],[19.9809558,45.3444654],[19.9765724,45.3454818],[19.9619467,45.3510637],[19.9531754,45.3535065],[19.9481002,45.3560289],[19.9288025,45.3609059],[19.9190262,45.3531201],[19.9040893,45.3463444],[19.8874319,45.3358558],[19.8859314,45.3366563],[19.8724898,45.343827],[19.8704481,45.343682],[19.8550252,45.3503456],[19.8539034,45.351266],[19.8533606,45.3517113],[19.8607279,45.3678632],[19.8606158,45.3697838],[19.8557128,45.3717941],[19.8503565,45.3748203],[19.8398682,45.383903],[19.8326891,45.3927241],[19.826813,45.3968162],[19.82494,45.3995527],[19.8221456,45.4076368],[19.815737,45.4196409],[19.8142332,45.4218053],[19.7983391,45.42352],[19.7952352,45.4219968],[19.7940789,45.4205508],[19.7489642,45.4217137],[19.7380715,45.4198768],[19.736391,45.4187907],[19.7329627,45.4165751],[19.7328388,45.416495],[19.7319737,45.4159359],[19.7289432,45.4170186],[19.7248092,45.4212517],[19.7186925,45.419231],[19.7098461,45.4268702],[19.7050466,45.42931530000001],[19.700855,45.4294993],[19.6881164,45.4271679],[19.6683175,45.4202684],[19.6636374,45.4194944],[19.6565447,45.4189681],[19.6432653,45.4131986],[19.6348834,45.4052603],[19.6330819,45.4010646],[19.639156,45.3979436],[19.6442754,45.394127],[19.6443617,45.3940626],[19.6444389,45.393963],[19.6480234,45.3893381],[19.6481844,45.3891304],[19.6543314,45.3811984],[19.654486,45.3809989],[19.6628366,45.3702217],[19.6653892,45.3682462],[19.6670056,45.3640935],[19.6674169,45.363037],[19.6675324,45.3627402],[19.6691169,45.3586692],[19.6692284,45.3583826],[19.6716091,45.3522653],[19.6717322,45.351949],[19.6741021,45.3458588],[19.6741651,45.3400961],[19.6739661,45.3396197],[19.6730156,45.3373442],[19.6722694,45.3355576],[19.6721814,45.3308926],[19.6733892,45.3287343],[19.6758946,45.324257],[19.6743164,45.31738759999999],[19.6703041,45.310848],[19.6680284,45.3097517],[19.6559947,45.3122781],[19.6330669,45.3189396],[19.6292713,45.319192],[19.6222951,45.3170243],[19.6216717,45.316288],[19.6209525,45.3154384],[19.621083,45.3126263],[19.6236815,45.3066727],[19.6250587,45.30487739999999],[19.6288157,45.29997920000001],[19.6305115,45.2962843],[19.6225021,45.295711200000014],[19.6150481,45.2968795],[19.6013642,45.29501360000001],[19.600499,45.29291240000001],[19.6004768,45.2910282],[19.6003869,45.2834052],[19.6003632,45.2813995],[19.6003592,45.281062],[19.6003158,45.2773752],[19.6008158,45.273515900000014],[19.6008449,45.2732917],[19.6017102,45.2666124],[19.5918903,45.2592803],[19.5684347,45.2492103],[19.5589739,45.2451481],[19.5555647,45.2436842],[19.5584342,45.2395863],[19.5664532,45.22001630000001],[19.5704916,45.2154453],[19.5740198,45.2129967],[19.5858104,45.2091608],[19.5931928,45.208726],[19.6004494,45.2106225],[19.6099956,45.215894],[19.6159942,45.2175763],[19.6271636,45.2183966],[19.6580166,45.22133],[19.6658391,45.222321],[19.6830218,45.2224146],[19.6947624,45.2264765],[19.7004329,45.2285442],[19.7080865,45.2301619],[19.7165264,45.2308913],[19.742644,45.2278811],[19.7562901,45.2254616],[19.7658056,45.2253694],[19.7732388,45.22599990000001],[19.7784798,45.2195281],[19.7791171,45.2176792],[19.7822565,45.2098033],[19.7844289,45.194857],[19.7944599,45.1907171],[19.7954434,45.1892121],[19.7943129,45.1853652],[19.7888284,45.1802639],[19.7814419,45.1710374],[19.7819609,45.1672665],[19.7806397,45.16321280000001],[19.785726,45.1583649],[19.7891334,45.1568709],[19.8020477,45.1548699],[19.8067025,45.1548215],[19.8158183,45.1513721],[19.8240301,45.148994],[19.832455,45.147864],[19.8395175,45.1497452],[19.841062,45.1520936],[19.8409873,45.1523492],[19.8410337,45.1541421],[19.8442306,45.154498],[19.8499631,45.1530117],[19.8541291,45.1534398],[19.8587605,45.1564079],[19.8612419,45.15663],[19.8720353,45.1576938],[19.8766771,45.1572648],[19.8838905,45.1542393],[19.8887405,45.1539826],[19.8916271,45.1569332],[19.8975196,45.1714153],[19.90421,45.1729988],[19.9050813,45.1741659],[19.904392,45.1811636],[19.9021508,45.187817],[19.9070819,45.1998965],[19.9053326,45.2016103],[19.9008688,45.20133220000001],[19.900594,45.20281],[19.9133692,45.2156132],[19.920922,45.22033970000001],[19.928625,45.225159800000014],[19.9348179,45.2196066],[19.9449228,45.2078792],[19.9505534,45.205892],[19.9563766,45.2056199],[19.9638481,45.2092589],[19.9699627,45.2093979],[19.9807367,45.2061068],[19.9983018,45.1986985],[20.0020864,45.1989044],[20.0078122,45.2004137],[20.0101412,45.2001391],[20.0141875,45.1967744],[20.0149535,45.1988346],[20.0204599,45.2038572],[20.0315997,45.208139],[20.0399496,45.207336],[20.0442294,45.20515070000001],[20.0467685,45.2015204],[20.0473948,45.1915049],[20.0463522,45.1859451],[20.0399809,45.1790005],[20.0376587,45.17776],[20.0301277,45.1703318],[20.0368214,45.1699365],[20.0535158,45.1668882],[20.0636857,45.16815050000001],[20.0911329,45.16971220000001],[20.0937464,45.1710894],[20.098675,45.1761075],[20.1033932,45.1862021]]]}},{"type":"Feature","properties":{"id":"33768554B22744832971391","name":"Kanjiža","district":"RS-03"},"geometry":{"type":"Polygon","coordinates":[[[19.8093528,45.9267203],[19.8096843,45.9268795],[19.8099192,45.92711290000001],[19.810062,45.9271519],[19.8101437,45.9270974],[19.8102113,45.9270679],[19.8102991,45.927044],[19.8103798,45.9270359],[19.8339866,45.9300258],[19.8377603,45.9305033],[19.8478902,45.9317837],[19.8542696,45.93259],[19.8629246,45.9336839],[19.8671281,45.9342146],[19.8684956,45.9344018],[19.8918612,45.9376006],[19.9041431,45.9392799],[19.912422,45.9398222],[19.9127239,45.93984],[19.9127737,45.939843],[19.9128113,45.9398453],[19.913358,45.9398775],[19.9208245,45.9403492],[19.9218739,45.9404155],[19.9220886,45.9404329],[19.9289566,45.9408455],[19.9354333,45.9411819],[19.937071,45.9414884],[19.9561129,45.9463145],[19.9967516,45.9566129],[19.9970577,45.9566918],[20.0114818,45.96031280000001],[20.0132763,45.9606034],[20.0158999,45.9610005],[20.0162533,45.9610936],[20.0168273,45.9611693],[20.0218802,45.9619476],[20.0225384,45.9620825],[20.0231087,45.9623995],[20.0233821,45.9625515],[20.0248785,45.9633405],[20.0264151,45.9641613],[20.029005,45.96551630000001],[20.0314941,45.9668241],[20.0335458,45.9679087],[20.0355938,45.9690015],[20.037657,45.9700848],[20.0396956,45.9711586],[20.0417707,45.9722532],[20.0433009,45.9730639],[20.0434653,45.9731484],[20.0434886,45.9731669],[20.0434966,45.9731731],[20.0435139,45.9731868],[20.0435277,45.9731977],[20.0436087,45.9732617],[20.0447594,45.9738833],[20.0488923,45.9760467],[20.0533349,45.9783899],[20.0543639,45.9789437],[20.0545355,45.9790306],[20.059174,45.9814828],[20.0635637,45.9838198],[20.063608,45.9837749],[20.0636389,45.9837911],[20.063886,45.9839215],[20.0640875,45.9840278],[20.0642837,45.9841312],[20.0650087,45.9845136],[20.0654029,45.9847215],[20.0656601,45.9848572],[20.0658578,45.98496139999999],[20.0660555,45.9850657],[20.0662998,45.9851946],[20.0664752,45.9852871],[20.0665539,45.9853287],[20.0665817,45.9853434],[20.0665938,45.9853498],[20.0666028,45.9853545],[20.0666193,45.9853632],[20.0670779,45.9856051],[20.0671519,45.9856438],[20.0671881,45.9856627],[20.0672294,45.9856843],[20.067281,45.9857113],[20.0673171,45.9857302],[20.0673894,45.985768],[20.0674565,45.9858031],[20.0676321,45.9858948],[20.0677147,45.985938],[20.0683392,45.9862647],[20.0695893,45.9869199],[20.0608617,45.9913847],[20.0563985,45.99537990000001],[20.0533473,45.9964399],[20.052107,45.99913630000001],[20.0486738,46.0024156],[20.042041,46.0065143],[20.0362283,46.0101061],[20.0334818,46.0126097],[20.032366,46.0158881],[20.0321943,46.0183915],[20.03537,46.0200604],[20.0426656,46.0173783],[20.0503046,46.0157093],[20.0609476,46.0170206],[20.0709898,46.0227424],[20.0735343,46.0250683],[20.0753671,46.0270333],[20.0818044,46.0372229],[20.0863535,46.0480659],[20.0890142,46.05271230000001],[20.0890552,46.0542639],[20.0885851,46.0552736],[20.0854952,46.0602767],[20.072878,46.0672445],[20.0612051,46.0727824],[20.0518521,46.0764178],[20.0406894,46.081883],[20.0400203,46.084686],[20.0426282,46.0888163],[20.0536417,46.0948762],[20.0647632,46.0992888],[20.0781429,46.1065856],[20.0799323,46.1092069],[20.0812763,46.1121481],[20.0806656,46.1168807],[20.0771968,46.1209907],[20.0650315,46.128652],[20.0632433,46.13153],[20.063509,46.13852820000001],[20.0668266,46.1411848],[20.0637343,46.1436671],[20.0626192,46.146045],[20.0616815,46.1468695],[20.0607478,46.1472666],[20.0592135,46.1477175],[20.0580824,46.1479143],[20.0568871,46.1479694],[20.0550243,46.147863],[20.0489746,46.145876],[20.0455948,46.1449689],[20.0432502,46.1446088],[20.0409369,46.1444767],[20.0390205,46.1444438],[20.0372417,46.1446413],[20.0359006,46.1450638],[20.0344381,46.14575820000001],[20.0328437,46.1468756],[20.0317804,46.1479296],[20.0313388,46.1485862],[20.0299698,46.1512781],[20.0293629,46.1531691],[20.0288462,46.1542609],[20.027519,46.1586705],[20.0269936,46.160185],[20.0259187,46.1644916],[20.0254718,46.1658761],[20.0249569,46.1674066],[20.023675,46.1701489],[20.0233024,46.1714052],[20.0229765,46.1732993],[20.0224339,46.1733145],[20.017875,46.1756195],[20.0176424,46.1757217],[20.016589,46.1764557],[20.0163332,46.1766027],[20.0157938,46.176777],[20.015297,46.1765973],[20.0150039,46.1765744],[20.0116956,46.1765185],[20.0073998,46.1764399],[20.0014158,46.1763166],[20.0006966,46.1762858],[20.0001708,46.1762451],[19.9997792,46.1762431],[19.9992617,46.1762097],[19.9990976,46.1761561],[19.998928,46.1762246],[19.9946443,46.1761232],[19.9925868,46.1760298],[19.9884824,46.1759375],[19.9863956,46.1759195],[19.9857756,46.1759306],[19.9846831,46.1759289],[19.9844667,46.175932],[19.9838381,46.1759404],[19.9836433,46.175939],[19.9793213,46.1759295],[19.978525,46.1759304],[19.9757326,46.1759296],[19.9725622,46.1758619],[19.9722758,46.1759767],[19.9721473,46.1759481],[19.9689936,46.1758706],[19.9662547,46.17577820000001],[19.9662266,46.17579520000001],[19.965342,46.1757516],[19.9650042,46.175754],[19.9643015,46.17575890000001],[19.9638547,46.1757644],[19.9615322,46.1758355],[19.9583343,46.1758868],[19.9583311,46.175915300000014],[19.9550875,46.17593810000001],[19.9529209,46.1759693],[19.9487098,46.1759454],[19.948235,46.1759507],[19.9453839,46.1759934],[19.9447003,46.1759649],[19.9419746,46.1760535],[19.9419812,46.1761317],[19.9397047,46.1761648],[19.939104,46.176159],[19.9389701,46.1761987],[19.9369427,46.1761988],[19.9351389,46.1761932],[19.9338364,46.1753311],[19.9279217,46.1709708],[19.9264644,46.1699699],[19.9244613,46.16859890000001],[19.9218436,46.16695270000001],[19.9148804,46.1639849],[19.9102354,46.1630491],[19.9053309,46.1615643],[19.8978213,46.1598806],[19.8949098,46.1588367],[19.89131,46.1575506],[19.8847182,46.1551868],[19.881985,46.1542083],[19.8780254,46.1528441],[19.8750322,46.1518323],[19.8743007,46.1515862],[19.8733725,46.1513556],[19.8726948,46.1512484],[19.8727975,46.1511656],[19.8742819,46.1499658],[19.8788534,46.1462709],[19.8881316,46.136313],[19.8894963,46.1348482],[19.892512,46.1321694],[19.8987306,46.126645],[19.8967509,46.1254715],[19.8955879,46.1247822],[19.8906001,46.1190705],[19.889216,46.1156935],[19.8871252,46.1105922],[19.8866294,46.1093824],[19.8838875,46.1060064],[19.883407,46.1057601],[19.8825747,46.1053335],[19.8791795,46.1035932],[19.8775947,46.1033116],[19.8724843,46.1024034],[19.8698203,46.1026684],[19.8682695,46.1020766],[19.8674612,46.1017681],[19.8670458,46.099348],[19.8670236,46.0992185],[19.866735,46.097537],[19.8648329,46.0864525],[19.8646523,46.0853999],[19.8646335,46.0852902],[19.8650176,46.0812016],[19.8658785,46.07203530000001],[19.8663478,46.067039],[19.8664011,46.0664718],[19.8674293,46.0555209],[19.8650627,46.0488198],[19.8640567,46.0459712],[19.8604605,46.0399199],[19.851663,46.0300743],[19.8514509,46.0298369],[19.8447581,46.0223456],[19.8430173,46.020397],[19.8428166,46.02017230000001],[19.8421349,46.0194092],[19.8420278,46.0192894],[19.8419069,46.019154],[19.8416122,46.0188772],[19.8414956,46.0187677],[19.8400646,46.0174235],[19.8358647,46.0134784],[19.8322067,46.008769],[19.8289582,46.0045865],[19.8259841,46.0007571],[19.8232355,45.9972177],[19.8216917,45.9952297],[19.8211644,45.9945507],[19.8172999,45.9884549],[19.8171905,45.9882824],[19.8156161,45.9857987],[19.8127795,45.9813237],[19.8112043,45.9785984],[19.8100073,45.9765274],[19.8099969,45.9757393],[19.8099752,45.974085],[19.8099429,45.9716313],[19.8098922,45.9677718],[19.8098214,45.9623839],[19.8096871,45.9521676],[19.8095205,45.9394881],[19.8093689,45.9279451],[19.8093676,45.9278481],[19.8093528,45.9267203]]]}},{"type":"Feature","properties":{"id":"33768554B34313425027148","name":"Senta","district":"RS-03"},"geometry":{"type":"Polygon","coordinates":[[[19.7885696,45.8801662],[19.7888395,45.8799203],[19.790478,45.8782542],[19.7916815,45.8769695],[19.7917805,45.8768638],[19.7923592,45.8760463],[19.7925669,45.8757528],[19.7942204,45.8742651],[19.7946576,45.8741887],[19.7960865,45.8728385],[19.7975223,45.8711786],[19.7982362,45.8703533],[19.8000727,45.8680244],[19.8007684,45.8672157],[19.8021095,45.865657],[19.8022434,45.8655093],[19.8047348,45.8626793],[19.8064567,45.8607231],[19.8065998,45.8605606],[19.8093846,45.857937],[19.8132159,45.8543273],[19.8180015,45.8493201],[19.8193171,45.8479433],[19.8225659,45.8398058],[19.8224562,45.8381312],[19.8224161,45.8375196],[19.8219412,45.830269],[19.8203419,45.8234106],[19.8203039,45.8232966],[19.8208732,45.82235580000001],[19.8278399,45.81084139999999],[19.8278791,45.8107947],[19.8283098,45.81092],[19.8302867,45.811461499999986],[19.8364233,45.8131424],[19.8531693,45.8177268],[19.8534167,45.8177763],[19.8588175,45.8192789],[19.8652152,45.8210335],[19.8719138,45.8228701],[19.877996,45.8245373],[19.8940151,45.8289262],[19.8941814,45.8289717],[19.8943721,45.8290277],[19.9228245,45.8367463],[19.9232484,45.8368613],[19.941037,45.8416822],[19.9418202,45.8417659],[19.9516906,45.8419773],[19.964698,45.8422546],[19.9647738,45.842259],[19.98065,45.8423791],[19.9842813,45.8424067],[19.9845495,45.8424083],[19.9943353,45.8424675],[20.0021182,45.8425344],[20.0091234,45.842596],[20.0220924,45.8425771],[20.0247822,45.8430173],[20.0250384,45.8430577],[20.0265986,45.8433041],[20.0330037,45.8443897],[20.0331704,45.8444855],[20.0396357,45.8456233],[20.0450589,45.8465843],[20.0450101,45.8464133],[20.055346,45.8482724],[20.0611662,45.8494503],[20.0685367,45.8507387],[20.073101,45.85148179999999],[20.0735674,45.8515564],[20.073574,45.851642],[20.0737364,45.851671],[20.0737719,45.851677],[20.0738184,45.851685],[20.0738605,45.8516921],[20.073909,45.8517004],[20.07412,45.8517366],[20.0741569,45.8517429],[20.0741873,45.8517482],[20.0742988,45.8517673],[20.0743962,45.851784],[20.0820753,45.8531515],[20.0828846,45.8532956],[20.0832915,45.853368],[20.083423,45.8533931],[20.0848711,45.8535864],[20.0849503,45.8563836],[20.0858117,45.8607257],[20.0861389,45.8619808],[20.0871232,45.8632951],[20.0882701,45.8640439],[20.0895013,45.8646826],[20.0908213,45.8652465],[20.0942116,45.8661731],[20.0966097,45.8667391],[20.1003517,45.8679887],[20.1015705,45.868692],[20.1041702,45.8702717],[20.1086056,45.8724973],[20.112075,45.8744884],[20.1183514,45.8782179],[20.1203015,45.8797113],[20.1255894,45.88361],[20.1284703,45.8858328],[20.1297983,45.8872619],[20.1307395,45.8884703],[20.1324874,45.8916579],[20.1337426,45.8938062],[20.1337379,45.89511],[20.1340037,45.8960829],[20.1334006,45.8965003],[20.1324038,45.8970398],[20.1289613,45.8983085],[20.1250708,45.8991256],[20.1221292,45.8999884],[20.1194549,45.9010621],[20.1173467,45.9024378],[20.1152545,45.9042536],[20.1133768,45.9061166],[20.1129452,45.9065041],[20.1095827,45.9106926],[20.1060512,45.9152639],[20.1029569,45.9207464],[20.1016456,45.9238791],[20.0998939,45.9267266],[20.0975142,45.929329],[20.096006,45.9308962],[20.093956,45.9333418],[20.0929253,45.9348696],[20.0925143,45.9361944],[20.0924215,45.9373031],[20.0925875,45.9407334],[20.0931488,45.943493],[20.093321,45.9440264],[20.0937873,45.9450781],[20.0946017,45.9465502],[20.0957028,45.9474488],[20.0968688,45.9483299],[20.0981416,45.9490642],[20.0989287,45.949846],[20.0992913,45.9505579],[20.099334,45.9519088],[20.0990106,45.9529203],[20.0982792,45.9540339],[20.0976238,45.9547611],[20.0954042,45.9563137],[20.0940397,45.957721],[20.0922284,45.9593101],[20.0913415,45.960291],[20.0908264,45.9617365],[20.0907055,45.9637672],[20.0914938,45.9659086],[20.0928369,45.9692403],[20.0944224,45.9733099],[20.0963801,45.9768084],[20.0983686,45.9796934],[20.100421,45.9820688],[20.1015569,45.983816],[20.1027158,45.9859117],[20.1026396,45.9868711],[20.1023747,45.9874548],[20.1017444,45.9878782],[20.1008674,45.9880692],[20.0995994,45.9879369],[20.0975517,45.9875708],[20.0937394,45.9867399],[20.0893697,45.9859009],[20.0876179,45.9856026],[20.0845192,45.9854204],[20.0798179,45.9854503],[20.0772024,45.9853249],[20.0745514,45.9855482],[20.072262,45.9859148],[20.070124,45.9866416],[20.0695893,45.9869199],[20.0683392,45.9862647],[20.0677147,45.985938],[20.0676321,45.9858948],[20.0674565,45.9858031],[20.0673894,45.985768],[20.0673171,45.9857302],[20.067281,45.9857113],[20.0672294,45.9856843],[20.0671881,45.9856627],[20.0671519,45.9856438],[20.0670779,45.9856051],[20.0666193,45.9853632],[20.0666028,45.9853545],[20.0665938,45.9853498],[20.0665817,45.9853434],[20.0665539,45.9853287],[20.0664752,45.9852871],[20.0662998,45.9851946],[20.0660555,45.9850657],[20.0658578,45.98496139999999],[20.0656601,45.9848572],[20.0654029,45.9847215],[20.0650087,45.9845136],[20.0642837,45.9841312],[20.0640875,45.9840278],[20.063886,45.9839215],[20.0636389,45.9837911],[20.063608,45.9837749],[20.0635637,45.9838198],[20.059174,45.9814828],[20.0545355,45.9790306],[20.0543639,45.9789437],[20.0533349,45.9783899],[20.0488923,45.9760467],[20.0447594,45.9738833],[20.0436087,45.9732617],[20.0435277,45.9731977],[20.0435139,45.9731868],[20.0434966,45.9731731],[20.0434886,45.9731669],[20.0434653,45.9731484],[20.0433009,45.9730639],[20.0417707,45.9722532],[20.0396956,45.9711586],[20.037657,45.9700848],[20.0355938,45.9690015],[20.0335458,45.9679087],[20.0314941,45.9668241],[20.029005,45.96551630000001],[20.0264151,45.9641613],[20.0248785,45.9633405],[20.0233821,45.9625515],[20.0231087,45.9623995],[20.0225384,45.9620825],[20.0218802,45.9619476],[20.0168273,45.9611693],[20.0162533,45.9610936],[20.0158999,45.9610005],[20.0132763,45.9606034],[20.0114818,45.96031280000001],[19.9970577,45.9566918],[19.9967516,45.9566129],[19.9561129,45.9463145],[19.937071,45.9414884],[19.9354333,45.9411819],[19.9289566,45.9408455],[19.9220886,45.9404329],[19.9218739,45.9404155],[19.9208245,45.9403492],[19.913358,45.9398775],[19.9128113,45.9398453],[19.9127737,45.939843],[19.9127239,45.93984],[19.912422,45.9398222],[19.9041431,45.9392799],[19.8918612,45.9376006],[19.8684956,45.9344018],[19.8671281,45.9342146],[19.8629246,45.9336839],[19.8542696,45.93259],[19.8478902,45.9317837],[19.8377603,45.9305033],[19.8339866,45.9300258],[19.8103798,45.9270359],[19.8102991,45.927044],[19.8102113,45.9270679],[19.8101437,45.9270974],[19.810062,45.9271519],[19.8099192,45.92711290000001],[19.8096843,45.9268795],[19.8093528,45.9267203],[19.8093923,45.9266742],[19.8125136,45.9234423],[19.8125426,45.9234124],[19.8115763,45.92293380000001],[19.8116026,45.9229027],[19.8123111,45.9220621],[19.8124579,45.9218879],[19.8127601,45.9215292],[19.8148332,45.9190692],[19.8148594,45.9190381],[19.8155635,45.9182025],[19.8161418,45.9175162],[19.8162734,45.9173539],[19.8167298,45.9167912],[19.8182738,45.9148873],[19.8182992,45.914856],[19.8186708,45.9143978],[19.8190633,45.9139138],[19.8200337,45.9127173],[19.8200564,45.9126898],[19.8205412,45.9121055],[19.8210855,45.91144939999999],[19.8211113,45.9114182],[19.821861,45.9105146],[19.8241853,45.9077126],[19.8246638,45.9071363],[19.8246897,45.9071052],[19.8264008,45.9050446],[19.8271692,45.9041192],[19.8273648,45.9038836],[19.8273362,45.9038096],[19.8272931,45.903698],[19.8264862,45.9035886],[19.8255551,45.9034625],[19.8249388,45.9033789],[19.8215482,45.9029193],[19.8222782,45.902139],[19.8224479,45.9019577],[19.8226054,45.9017892],[19.8229115,45.9014622],[19.8230362,45.9013288],[19.8233177,45.9010279],[19.8234435,45.9008934],[19.823542,45.9007881],[19.8236894,45.9006305],[19.8237892,45.9005239],[19.8239077,45.9003972],[19.8241058,45.9001854],[19.8242426,45.9000391],[19.8245255,45.8997367],[19.8225556,45.8987565],[19.8217684,45.8983688],[19.8217259,45.898348],[19.8203559,45.8976731],[19.8201453,45.8975694],[19.8184974,45.8967571],[19.8138929,45.8944872],[19.8139774,45.8941369],[19.8108093,45.892681],[19.8106732,45.8928459],[19.8079123,45.8913269],[19.8078716,45.8913045],[19.8075929,45.8911511],[19.8073127,45.890997],[19.8071689,45.8909179],[19.8070247,45.8908385],[19.8062582,45.8904167],[19.8058272,45.8901796],[19.8049062,45.8896729],[19.8046666,45.889541],[19.8044843,45.8894407],[19.8044326,45.8894122],[19.8007724,45.8873792],[19.8007319,45.8873567],[19.7982834,45.8859965],[19.7983749,45.8859097],[19.7985617,45.8857325],[19.7986624,45.8856368],[19.7977536,45.8851488],[19.7974729,45.8849981],[19.7971979,45.8848506],[19.7965611,45.8845086],[19.7962372,45.8843347],[19.795741,45.8840684],[19.7953888,45.8838792],[19.7931625,45.8826838],[19.7931216,45.8826619],[19.7924286,45.8822898],[19.7913881,45.8817173],[19.7889477,45.8803749],[19.7887334,45.8802566],[19.7886945,45.8802352],[19.7885696,45.8801662]]]}},{"type":"Feature","properties":{"id":"33768554B2461690928713","name":"Bačka Topola","district":"RS-01"},"geometry":{"type":"Polygon","coordinates":[[[19.3739776,45.9403067],[19.3584751,45.9306221],[19.3511149,45.9260236],[19.350969,45.9259324],[19.3468422,45.9233538],[19.3423892,45.9205713],[19.3348195,45.9158409],[19.3401816,45.9066324],[19.3449771,45.8983957],[19.3455696,45.8973779],[19.3498773,45.8899779],[19.3499685,45.8898211],[19.3558195,45.8797682],[19.3496077,45.8744632],[19.3475178,45.8726936],[19.3443007,45.8699305],[19.3478169,45.8633027],[19.3604794,45.8394203],[19.3665786,45.8345577],[19.36931,45.8313792],[19.3747795,45.825014],[19.3785535,45.822161],[19.3872266,45.8196204],[19.3948374,45.8163736],[19.4061287,45.80368],[19.4214665,45.7938701],[19.428728,45.7843228],[19.4517711,45.7540151],[19.4544603,45.7524571],[19.4747193,45.740713],[19.490599,45.7315058],[19.495263,45.7311397],[19.502707,45.7341276],[19.5038537,45.7352208],[19.5082166,45.7393802],[19.5144482,45.7420982],[19.5218401,45.746623],[19.5226084,45.7470933],[19.5340567,45.7481293],[19.5418096,45.7471503],[19.5538407,45.7411887],[19.5551347,45.7396187],[19.5549732,45.7370101],[19.5565557,45.7358536],[19.5566649,45.7358238],[19.56786,45.73276820000001],[19.5703438,45.7305719],[19.5727146,45.7284754],[19.5790896,45.72776],[19.5855912,45.7247806],[19.5968481,45.7330832],[19.6053336,45.7361614],[19.6403404,45.7579023],[19.6997041,45.759595],[19.7016373,45.7600275],[19.7065554,45.7611278],[19.7122994,45.762412900000015],[19.7178426,45.763653],[19.723413,45.7648992],[19.7357827,45.7676663],[19.7382154,45.7648775],[19.7454974,45.7565286],[19.7482402,45.7566103],[19.7505484,45.7533633],[19.7562026,45.7454089],[19.7609868,45.7386775],[19.7666135,45.7307595],[19.7703865,45.7315485],[19.7763422,45.73279380000001],[19.7817762,45.7339301],[19.7913723,45.7359365],[19.7976666,45.7372526],[19.8020483,45.73816870000001],[19.8095264,45.7405801],[19.815054,45.7423624],[19.8164855,45.7428239],[19.816892,45.742955],[19.8206646,45.7441715],[19.8256494,45.74577870000001],[19.8319076,45.7477964],[19.8364469,45.7492599],[19.8386235,45.750077],[19.8450869,45.7525032],[19.8516181,45.7567142],[19.854145,45.7593314],[19.8594149,45.7620962],[19.867046,45.7637719],[19.8768507,45.76319080000001],[19.8761592,45.7648012],[19.874556,45.76853420000001],[19.8753224,45.7708698],[19.8721739,45.77243630000001],[19.87029,45.7752424],[19.8674432,45.7757806],[19.865111,45.7731645],[19.8620402,45.7772696],[19.8635036,45.7781672],[19.8628073,45.7794682],[19.8612415,45.77911920000001],[19.8584839,45.78075530000001],[19.8572219,45.7791724],[19.8559468,45.7814949],[19.8541596,45.782111],[19.8533655,45.783343],[19.8511135,45.7829912],[19.8488726,45.7812671],[19.84808,45.7822932],[19.8449441,45.7821436],[19.8459112,45.7837942],[19.8483526,45.7849702],[19.8486356,45.7863436],[19.8507841,45.7873811],[19.849795,45.7884751],[19.8448924,45.7885245],[19.8446078,45.7890337],[19.8433998,45.7911946],[19.8421291,45.7907092],[19.8399688,45.791112300000016],[19.8396645,45.79234620000001],[19.834175,45.792187],[19.8335776,45.7932824],[19.8360145,45.7950076],[19.8358093,45.7961046],[19.8259777,45.79915240000001],[19.8292784,45.8031454],[19.8293423,45.807194],[19.8278791,45.8107947],[19.8278399,45.81084139999999],[19.8208732,45.82235580000001],[19.8203039,45.8232966],[19.8203419,45.8234106],[19.8219412,45.830269],[19.8224161,45.8375196],[19.8224562,45.8381312],[19.8225659,45.8398058],[19.8193171,45.8479433],[19.8180015,45.8493201],[19.8132159,45.8543273],[19.8093846,45.857937],[19.8065998,45.8605606],[19.8064567,45.8607231],[19.8047348,45.8626793],[19.8022434,45.8655093],[19.8021095,45.865657],[19.8007684,45.8672157],[19.8000727,45.8680244],[19.7982362,45.8703533],[19.7975223,45.8711786],[19.7960865,45.8728385],[19.7946576,45.8741887],[19.7942204,45.8742651],[19.7925669,45.8757528],[19.7923592,45.8760463],[19.7917805,45.8768638],[19.7916815,45.8769695],[19.790478,45.8782542],[19.7888395,45.8799203],[19.7885696,45.8801662],[19.7882121,45.8802002],[19.7874597,45.8802718],[19.7871862,45.8802978],[19.7851749,45.8854353],[19.7819973,45.8891953],[19.7793379,45.8900069],[19.7756568,45.8949996],[19.7659831,45.8901334],[19.755423,45.8848208],[19.7558396,45.8907933],[19.75593,45.892089],[19.7562564,45.8967668],[19.7563857,45.8986201],[19.7565436,45.9008826],[19.7514943,45.8975572],[19.7504286,45.8968553],[19.7455293,45.8936286],[19.7402324,45.8901397],[19.7379863,45.8886602],[19.7303242,45.883613],[19.724539,45.8798018],[19.7246316,45.8791331],[19.7250979,45.8757665],[19.7253643,45.8738435],[19.7256089,45.8720773],[19.7260535,45.8688666],[19.7263886,45.866447],[19.7266759,45.8643723],[19.7273131,45.8597709],[19.7280815,45.854221],[19.7284315,45.8516931],[19.7252961,45.8523475],[19.716244,45.8542367],[19.7088344,45.855783],[19.7082037,45.8559146],[19.6982374,45.8579945],[19.6981644,45.8580097],[19.6975544,45.858137],[19.693069,45.8627037],[19.68815,45.8677115],[19.6869219,45.8689617],[19.6817349,45.8742416],[19.6810314,45.8749577],[19.6778088,45.8782377],[19.6738554,45.8822614],[19.6691447,45.8870554],[19.6615877,45.8947452],[19.6612963,45.8950417],[19.6600896,45.891135],[19.6370563,45.8870965],[19.6361919,45.893748],[19.631864,45.8942726],[19.6317011,45.8914582],[19.6099726,45.8866358],[19.6053532,45.8856105],[19.6043342,45.8878423],[19.5996703,45.8865835],[19.5849413,45.8818572],[19.5796928,45.880173],[19.5703862,45.878469],[19.5661849,45.8768646],[19.5631843,45.8735519],[19.5565491,45.8704223],[19.5529724,45.8666379],[19.5512535,45.8648191],[19.5388318,45.8750515],[19.5328964,45.8799401],[19.5305721,45.8818539],[19.530406,45.8907757],[19.5302041,45.9016158],[19.5290299,45.9027682],[19.520658,45.9099945],[19.5205258,45.9100743],[19.5070612,45.9181989],[19.5064821,45.9185483],[19.5015334,45.9215341],[19.5006267,45.9219538],[19.4951037,45.9245104],[19.4740985,45.9293477],[19.464224,45.9327506],[19.4598894,45.9342443],[19.4556334,45.93571090000001],[19.4496849,45.9377606],[19.4439839,45.9397249],[19.435769,45.9425554],[19.4252513,45.9425473],[19.4125909,45.9412869],[19.3977514,45.9411068],[19.3932425,45.9403176],[19.3785915,45.9403093],[19.3739776,45.9403067]]]}},{"type":"Feature","properties":{"id":"33768554B16264003137685","name":"Ada","district":"RS-03"},"geometry":{"type":"Polygon","coordinates":[[[20.1609918,45.78833310000001],[20.1460851,45.7894788],[20.1480129,45.80162439999999],[20.142676,45.8160922],[20.1367762,45.8208171],[20.1300942,45.8243057],[20.1252756,45.8278656],[20.1082718,45.8363443],[20.1006098,45.8384575],[20.0972661,45.8403724],[20.0867543,45.8431656],[20.0848711,45.8535864],[20.083423,45.8533931],[20.0832915,45.853368],[20.0828846,45.8532956],[20.0820753,45.8531515],[20.0743962,45.851784],[20.0742988,45.8517673],[20.0741873,45.8517482],[20.0741569,45.8517429],[20.07412,45.8517366],[20.073909,45.8517004],[20.0738605,45.8516921],[20.0738184,45.851685],[20.0737719,45.851677],[20.0737364,45.851671],[20.073574,45.851642],[20.0735674,45.8515564],[20.073101,45.85148179999999],[20.0685367,45.8507387],[20.0611662,45.8494503],[20.055346,45.8482724],[20.0450101,45.8464133],[20.0450589,45.8465843],[20.0396357,45.8456233],[20.0331704,45.8444855],[20.0330037,45.8443897],[20.0265986,45.8433041],[20.0250384,45.8430577],[20.0247822,45.8430173],[20.0220924,45.8425771],[20.0091234,45.842596],[20.0021182,45.8425344],[19.9943353,45.8424675],[19.9845495,45.8424083],[19.9842813,45.8424067],[19.98065,45.8423791],[19.9647738,45.842259],[19.964698,45.8422546],[19.9516906,45.8419773],[19.9418202,45.8417659],[19.941037,45.8416822],[19.9232484,45.8368613],[19.9228245,45.8367463],[19.8943721,45.8290277],[19.8941814,45.8289717],[19.8940151,45.8289262],[19.877996,45.8245373],[19.8719138,45.8228701],[19.8652152,45.8210335],[19.8588175,45.8192789],[19.8534167,45.8177763],[19.8531693,45.8177268],[19.8364233,45.8131424],[19.8302867,45.811461499999986],[19.8283098,45.81092],[19.8278791,45.8107947],[19.8293423,45.807194],[19.8292784,45.8031454],[19.8259777,45.79915240000001],[19.8358093,45.7961046],[19.8360145,45.7950076],[19.8335776,45.7932824],[19.834175,45.792187],[19.8396645,45.79234620000001],[19.8399688,45.791112300000016],[19.8421291,45.7907092],[19.8433998,45.7911946],[19.8446078,45.7890337],[19.8448924,45.7885245],[19.849795,45.7884751],[19.8507841,45.7873811],[19.8486356,45.7863436],[19.8483526,45.7849702],[19.8459112,45.7837942],[19.8449441,45.7821436],[19.84808,45.7822932],[19.8488726,45.7812671],[19.8511135,45.7829912],[19.8533655,45.783343],[19.8541596,45.782111],[19.8559468,45.7814949],[19.8572219,45.7791724],[19.8584839,45.78075530000001],[19.8612415,45.77911920000001],[19.8628073,45.7794682],[19.8635036,45.7781672],[19.8620402,45.7772696],[19.865111,45.7731645],[19.8674432,45.7757806],[19.87029,45.7752424],[19.8721739,45.77243630000001],[19.8753224,45.7708698],[19.874556,45.76853420000001],[19.8761592,45.7648012],[19.8768507,45.76319080000001],[19.889889,45.7626207],[19.9369227,45.7636718],[19.9443768,45.76273480000001],[19.9531939,45.7632423],[19.9739092,45.7577945],[20.004521,45.7497351],[20.0210773,45.7501893],[20.0451832,45.7496297],[20.0691043,45.746252],[20.0818556,45.7425049],[20.0883364,45.7386071],[20.0914739,45.7378584],[20.0942152,45.73827530000001],[20.1174554,45.7311137],[20.1383751,45.7115953],[20.1424837,45.7129051],[20.163107,45.7280275],[20.1672076,45.7334526],[20.1672017,45.7359224],[20.1653309,45.7398989],[20.1616958,45.744079],[20.1477505,45.7562711],[20.1460683,45.76216860000001],[20.1498759,45.7675252],[20.153595,45.7695886],[20.1634876,45.7731347],[20.1704363,45.7770887],[20.1711187,45.77873610000001],[20.1712125,45.7805884],[20.1692442,45.7837418],[20.1609918,45.78833310000001]]]}},{"type":"Feature","properties":{"id":"33768554B72683964051923","name":"Novi Kneževac","district":"RS-03"},"geometry":{"type":"Polygon","coordinates":[[[20.0563985,45.99537990000001],[20.0817134,46.0014973],[20.1400892,45.9983666],[20.1590944,45.9945494],[20.1964114,45.9855335],[20.2171746,45.9852074],[20.2332132,45.9858354],[20.2619448,45.9892788],[20.2628216,46.00251810000001],[20.2885961,46.0154718],[20.3185459,46.0305091],[20.3327305,46.0342786],[20.3361829,46.0418224],[20.3394896,46.0413643],[20.3413808,46.0443019],[20.343182,46.0472954],[20.3458757,46.0478218],[20.3422598,46.0501173],[20.3390702,46.052429],[20.3347969,46.055411],[20.3312405,46.0580055],[20.3267055,46.0610363],[20.3221701,46.0640671],[20.3172979,46.0670246],[20.3127514,46.0701741],[20.3094741,46.0724821],[20.31123,46.0739842],[20.310266,46.0762681],[20.308324,46.07595],[20.3062151,46.0796167],[20.3034235,46.0832554],[20.3024485,46.0866709],[20.2967706,46.0889994],[20.2923273,46.0909019],[20.2824909,46.0947871],[20.277891,46.0965044],[20.2734667,46.0981694],[20.2722447,46.1004427],[20.2685415,46.1036863],[20.2668417,46.10653580000001],[20.2649212,46.1089591],[20.2671424,46.1123005],[20.2677325,46.1124503],[20.2679031,46.1122257],[20.2680587,46.1120546],[20.2682786,46.1119245],[20.2684985,46.1118538],[20.2688043,46.1117757],[20.2691208,46.1117348],[20.2694776,46.1117473],[20.2698332,46.1117891],[20.2702259,46.1118538],[20.2706014,46.1119431],[20.2717606,46.1122867],[20.2726506,46.1125009],[20.2735304,46.1126497],[20.2742599,46.1127464],[20.2747763,46.1128031],[20.2749573,46.1128244],[20.2750753,46.1128505],[20.2751719,46.1128877],[20.2752615,46.1129373],[20.2753256,46.1129998],[20.2756429,46.1134849],[20.2757542,46.1136242],[20.2759122,46.1137541],[20.2761125,46.1139079],[20.276336,46.1140665],[20.2765988,46.1142896],[20.2768617,46.1145388],[20.2771889,46.1148549],[20.2774947,46.11513380000001],[20.2778112,46.1153755],[20.2780794,46.1155243],[20.2784053,46.1156683],[20.2787929,46.1157883],[20.2794122,46.115971],[20.2827407,46.1169606],[20.2832419,46.11811320000001],[20.2793491,46.1185489],[20.2751718,46.1173047],[20.2718077,46.1165705],[20.2674982,46.1168698],[20.2673016,46.1171036],[20.2649017,46.1177249],[20.2634426,46.1184389],[20.2623697,46.119718],[20.2621042,46.1201575],[20.2619969,46.1205256],[20.2619773,46.1208537],[20.2620382,46.1219023],[20.2621471,46.1223661],[20.2623456,46.12276030000001],[20.2624904,46.1230763],[20.262646,46.1233068],[20.2628123,46.1235448],[20.2630429,46.1237716],[20.2634131,46.1240839],[20.2639302,46.1243802],[20.2654422,46.12513720000001],[20.2646989,46.1257643],[20.2642709,46.1263554],[20.2635711,46.1261964],[20.2631449,46.1260435],[20.2628085,46.1257887],[20.2622772,46.12512570000001],[20.2621215,46.124936],[20.2549185,46.1157964],[20.2532392,46.1164153],[20.2532479,46.116429],[20.2524215,46.1170117],[20.2519717,46.1173343],[20.2515607,46.1184674],[20.2495541,46.1198675],[20.250075,46.1213899],[20.2495843,46.1234952],[20.25147,46.1252813],[20.251565,46.1264588],[20.2499793,46.1275782],[20.2482128,46.1298279],[20.233185,46.1238099],[20.2298221,46.1290693],[20.2103272,46.1354665],[20.2080373,46.1439414],[20.2041855,46.1462769],[20.1984551,46.1499218],[20.1907997,46.154649],[20.1818248,46.1600487],[20.1795112,46.1574763],[20.1692193,46.1527687],[20.1466913,46.1448277],[20.1372866,46.1442264],[20.1370506,46.14477],[20.1365624,46.1447646],[20.136729,46.1451064],[20.136829,46.1458985],[20.1369669,46.1458872],[20.1370296,46.1472912],[20.1348748,46.1474852],[20.1323618,46.1501691],[20.1267774,46.1525475],[20.1263064,46.1519517],[20.1157223,46.1576109],[20.1152945,46.1578416],[20.1151474,46.157955],[20.1110262,46.1602835],[20.1068581,46.16265270000001],[20.104688,46.16518210000001],[20.1037786,46.1716827],[20.1059569,46.173155],[20.1064904,46.1733208],[20.1060136,46.1747185],[20.1056605,46.174993],[20.1043017,46.17590530000001],[20.1035832,46.1763244],[20.1021854,46.1767667],[20.1012538,46.1769655],[20.1007111,46.1770083],[20.097011,46.1767144],[20.0958112,46.1772401],[20.0941319,46.1757361],[20.0924767,46.1742278],[20.0831967,46.165255],[20.0808552,46.163178],[20.0769675,46.1594377],[20.0744694,46.1568323],[20.0712706,46.1530866],[20.0685583,46.1503586],[20.0642344,46.1446083],[20.0637343,46.1436671],[20.0668266,46.1411848],[20.063509,46.13852820000001],[20.0632433,46.13153],[20.0650315,46.128652],[20.0771968,46.1209907],[20.0806656,46.1168807],[20.0812763,46.1121481],[20.0799323,46.1092069],[20.0781429,46.1065856],[20.0647632,46.0992888],[20.0536417,46.0948762],[20.0426282,46.0888163],[20.0400203,46.084686],[20.0406894,46.081883],[20.0518521,46.0764178],[20.0612051,46.0727824],[20.072878,46.0672445],[20.0854952,46.0602767],[20.0885851,46.0552736],[20.0890552,46.0542639],[20.0890142,46.05271230000001],[20.0863535,46.0480659],[20.0818044,46.0372229],[20.0753671,46.0270333],[20.0735343,46.0250683],[20.0709898,46.0227424],[20.0609476,46.0170206],[20.0503046,46.0157093],[20.0426656,46.0173783],[20.03537,46.0200604],[20.0321943,46.0183915],[20.032366,46.0158881],[20.0334818,46.0126097],[20.0362283,46.0101061],[20.042041,46.0065143],[20.0486738,46.0024156],[20.052107,45.99913630000001],[20.0533473,45.9964399],[20.0563985,45.99537990000001]]]}},{"type":"Feature","properties":{"id":"33768554B31297475894420","name":"Pećinci","district":"RS-07"},"geometry":{"type":"Polygon","coordinates":[[[20.1445417,44.854597],[20.1394268,44.8556879],[20.1343065,44.8586311],[20.1308314,44.859518],[20.1281541,44.8613437],[20.1234667,44.870691],[20.1113427,44.8905695],[20.1086333,44.8927606],[20.0957564,44.9105737],[20.0912623,44.9192144],[20.0874801,44.923667],[20.0699191,44.9199965],[20.067518,44.9108842],[20.0608941,44.9109953],[20.0602732,44.9131963],[20.0577153,44.9136561],[20.0563319,44.9150598],[20.0582497,44.9216562],[20.0555628,44.92217690000001],[20.0542575,44.92331020000001],[20.0565997,44.9298618],[20.0394817,44.9405475],[20.0144361,44.9509508],[20.0059538,44.9470186],[20.0027692,44.9463242],[19.9974693,44.9437032],[19.9792105,44.9383754],[19.9621289,44.9407228],[19.9551999,44.9405702],[19.9470626,44.9401285],[19.9251093,44.9290135],[19.9120873,44.9265006],[19.9095836,44.9253945],[19.9048902,44.9196843],[19.9010163,44.9072537],[19.9107867,44.8952157],[19.9121091,44.8943253],[19.9223543,44.8922324],[19.9289194,44.8919792],[19.9306681,44.8902011],[19.9390679,44.8897474],[19.939653,44.8887887],[19.9402081,44.8867837],[19.9377407,44.8859013],[19.9297347,44.88519],[19.9261724,44.8838751],[19.9012916,44.8811852],[19.8936799,44.8794437],[19.8910841,44.8780625],[19.8893059,44.8702355],[19.881664,44.8595062],[19.8766306,44.8485803],[19.8775322,44.8483036],[19.889261,44.8492429],[19.9067322,44.8472449],[19.9151356,44.8453521],[19.9223715,44.8449641],[19.9266988,44.8437728],[19.9310719,44.8416989],[19.9165589,44.834243],[19.9091096,44.8235162],[19.8987596,44.8144942],[19.8910757,44.8105573],[19.8934843,44.8107029],[19.8945493,44.8100206],[19.8933069,44.808507],[19.8992868,44.8079102],[19.9001621,44.8067469],[19.8994052,44.8046862],[19.9027821,44.8041489],[19.9106711,44.8062334],[19.9123017,44.807405],[19.9140437,44.8063131],[19.9137662,44.8051616],[19.9149202,44.8049439],[19.9143583,44.8024723],[19.9082053,44.8002567],[19.8774114,44.79411320000001],[19.8765355,44.7914029],[19.8741927,44.78621230000001],[19.8775761,44.7846467],[19.8825893,44.7841843],[19.8889066,44.7763859],[19.8955655,44.7746252],[19.9037173,44.7657345],[19.899427,44.7593401],[19.9049221,44.7584667],[19.9107876,44.7597896],[19.9190708,44.7596106],[19.9245709,44.7579131],[19.9252532,44.7566385],[19.9252581,44.7558571],[19.9211246,44.7547464],[19.9139064,44.7541743],[19.9058101,44.75531390000001],[19.8864198,44.76025590000001],[19.8796831,44.7596147],[19.8772879,44.7578911],[19.8748122,44.7540406],[19.8804232,44.7504248],[19.8809385,44.7456931],[19.898364,44.7318271],[19.9053141,44.7289004],[19.9070844,44.7232809],[19.9041423,44.7028965],[19.9011164,44.69513460000001],[19.9296244,44.6896953],[19.9481321,44.689267],[19.9680921,44.6908094],[19.9812006,44.6919988],[19.99184,44.69272620000001],[19.9946525,44.6921844],[19.996377,44.6895797],[19.9979233,44.6881428],[19.9988068,44.684646],[19.995384,44.6770222],[19.9946546,44.6758216],[19.9895334,44.6721912],[19.9765172,44.6660631],[19.9700359,44.6628724],[19.9617616,44.6607648],[19.9444387,44.6607396],[19.9342068,44.6585119],[19.9246212,44.65419],[19.9208515,44.6512193],[19.9193928,44.6468],[19.9199264,44.6429816],[19.9222854,44.6391047],[19.9268189,44.636248],[19.9345081,44.6343536],[19.9464839,44.6302321],[19.9519518,44.6296373],[19.9606828,44.6295954],[19.9684859,44.6316989],[19.9757501,44.6352966],[19.9817404,44.6393231],[19.9834013,44.6443595],[19.9886502,44.6450091],[19.9945465,44.6522927],[19.9989393,44.659825],[20.007752799999935,44.66490880000009],[20.020113,44.67378770000005],[20.0377651,44.68288270000011],[20.068895,44.6903544000001],[20.07456049999996,44.6927662],[20.0804892,44.6936262],[20.0913865,44.6945792],[20.1067608,44.6994066],[20.1125229,44.7024343],[20.124042,44.7108217],[20.1303846,44.7134378],[20.1285495,44.7158368],[20.1139263,44.71499269999998],[20.107174099999952,44.72012849999999],[20.0988882,44.72313430000001],[20.0986871,44.72567270000001],[20.10323088371689,44.726919604389934],[20.1084947,44.7283641],[20.1107088,44.7281617],[20.112062,44.72637980000001],[20.1186072,44.7260463],[20.1202418,44.7265291],[20.1211,44.7292062],[20.11893871962096,44.73174129075492],[20.118893776571554,44.73179400705686],[20.1186816,44.73318240000009],[20.123388,44.7364826],[20.1259881,44.7360746],[20.1301207,44.738276],[20.12867069999993,44.74040100000013],[20.122808645115413,44.74411747812451],[20.1187363,44.7466993],[20.112279,44.7488853],[20.1111118,44.7525886],[20.1116779,44.7562261],[20.1212092,44.756652],[20.121297,44.7594653000001],[20.125535846834964,44.75986333051446],[20.1339082,44.7606495],[20.13457909999994,44.7617482],[20.1336083,44.76456],[20.1316798,44.76538080000001],[20.1292629,44.7686024],[20.1247333,44.77230570000001],[20.1175996,44.7718103],[20.1141299,44.77255980000001],[20.1071848,44.77570510000001],[20.09648459999994,44.77815760000004],[20.0891459,44.7831536],[20.0826855,44.7847888],[20.087662242155886,44.79505738261105],[20.0894749,44.7988663],[20.0926422,44.8024397],[20.0943747,44.80306029999991],[20.098213,44.80780109999995],[20.107902382056295,44.80560088411903],[20.119816,44.8028956],[20.129049631934492,44.802759444623234],[20.136777,44.8026455],[20.1389855,44.8055302],[20.1408134828597,44.81316614283912],[20.142743426140953,44.82273693545943],[20.14423206258266,44.830588478095365],[20.1447903,44.8335328],[20.142842599999938,44.840734699999985],[20.1445417,44.854597]]]}},{"type":"Feature","properties":{"id":"33768554B35362959093640","name":"Ruma","district":"RS-07"},"geometry":{"type":"Polygon","coordinates":[[[19.752468,44.8924469],[19.7397116,44.8839484],[19.7370558,44.8791337],[19.7331125,44.86786439999999],[19.7297841,44.8629091],[19.7210108,44.8534828],[19.719619,44.8561056],[19.7192777,44.85724649999999],[19.7184877,44.8577803],[19.7173276,44.85785759999999],[19.7158794,44.8574135],[19.7146625,44.8552806],[19.7134385,44.8521809],[19.7067232,44.8426084],[19.7027569,44.834299],[19.70016,44.825924],[19.6985034,44.8230077],[19.6982665,44.8225907],[19.6970598,44.8204665],[19.6957939,44.8192477],[19.6947884,44.8139607],[19.6952331,44.8082696],[19.694119,44.8039349],[19.6939704,44.8025055],[19.6928073,44.791314],[19.6957034,44.7815199],[19.7038393,44.7679111],[19.7123274,44.7571845],[19.7186491,44.7509738],[19.7208278,44.7501013],[19.723385,44.7492137],[19.7253081,44.7494975],[19.7384517,44.7475894],[19.7584569,44.7468421],[19.7668234,44.7479778],[19.7764622,44.7480343],[19.7820369,44.7479769],[19.7903344,44.7462355],[19.803742,44.7431997],[19.811569,44.7398023],[19.8151554,44.7368674],[19.8252119,44.7313516],[19.8279132,44.7306079],[19.850463,44.7154958],[19.8521637,44.7143187],[19.8584912,44.7092538],[19.8708133,44.70386],[19.880407,44.7006884],[19.8947291,44.6969618],[19.9011164,44.69513460000001],[19.9041423,44.7028965],[19.9070844,44.7232809],[19.9053141,44.7289004],[19.898364,44.7318271],[19.8809385,44.7456931],[19.8804232,44.7504248],[19.8748122,44.7540406],[19.8772879,44.7578911],[19.8796831,44.7596147],[19.8864198,44.76025590000001],[19.9058101,44.75531390000001],[19.9139064,44.7541743],[19.9211246,44.7547464],[19.9252581,44.7558571],[19.9252532,44.7566385],[19.9245709,44.7579131],[19.9190708,44.7596106],[19.9107876,44.7597896],[19.9049221,44.7584667],[19.899427,44.7593401],[19.9037173,44.7657345],[19.8955655,44.7746252],[19.8889066,44.7763859],[19.8825893,44.7841843],[19.8775761,44.7846467],[19.8741927,44.78621230000001],[19.8765355,44.7914029],[19.8774114,44.79411320000001],[19.9082053,44.8002567],[19.9143583,44.8024723],[19.9149202,44.8049439],[19.9137662,44.8051616],[19.9140437,44.8063131],[19.9123017,44.807405],[19.9106711,44.8062334],[19.9027821,44.8041489],[19.8994052,44.8046862],[19.9001621,44.8067469],[19.8992868,44.8079102],[19.8933069,44.808507],[19.8945493,44.8100206],[19.8934843,44.8107029],[19.8910757,44.8105573],[19.8987596,44.8144942],[19.9091096,44.8235162],[19.9165589,44.834243],[19.9310719,44.8416989],[19.9266988,44.8437728],[19.9223715,44.8449641],[19.9151356,44.8453521],[19.9067322,44.8472449],[19.889261,44.8492429],[19.8775322,44.8483036],[19.8766306,44.8485803],[19.881664,44.8595062],[19.8893059,44.8702355],[19.8910841,44.8780625],[19.8936799,44.8794437],[19.9012916,44.8811852],[19.9261724,44.8838751],[19.9297347,44.88519],[19.9377407,44.8859013],[19.9402081,44.8867837],[19.939653,44.8887887],[19.9390679,44.8897474],[19.9306681,44.8902011],[19.9289194,44.8919792],[19.9223543,44.8922324],[19.9121091,44.8943253],[19.9107867,44.8952157],[19.9010163,44.9072537],[19.9048902,44.9196843],[19.9095836,44.9253945],[19.9120873,44.9265006],[19.9251093,44.9290135],[19.9470626,44.9401285],[19.9551999,44.9405702],[19.9621289,44.9407228],[19.9792105,44.9383754],[19.9974693,44.9437032],[20.0027692,44.9463242],[20.0059538,44.9470186],[20.0144361,44.9509508],[20.0154796,44.95486419999999],[20.0133646,44.9722853],[20.014385,44.9809769],[20.0148439,44.9859421],[20.0220296,44.9994759],[20.0238515,45.002705],[20.0262623,45.0041517],[20.0266399,45.0060737],[20.0241141,45.0084688],[20.0247771,45.0114206],[20.0220595,45.0134035],[20.0058597,45.0036886],[20.0083477,45.0089093],[20.0096625,45.016734],[20.0087688,45.0213284],[20.0070622,45.02271970000001],[20.0007065,45.0277564],[20.0009756,45.0318736],[20.0062522,45.0406694],[20.0030241,45.0474531],[19.9947073,45.0462644],[19.9867721,45.046174],[19.9697359,45.0560932],[19.9662957,45.0520426],[19.9612144,45.0491255],[19.9550393,45.0469639],[19.9374858,45.0318725],[19.933442,45.0314521],[19.9287868,45.0348539],[19.9244834,45.040564],[19.9184147,45.039915],[19.9131721,45.038948],[19.9099775,45.0391429],[19.9080175,45.0427722],[19.9001913,45.0409612],[19.8979632,45.0412965],[19.8933928,45.044436],[19.8884202,45.0496321],[19.882888,45.0517387],[19.8796976,45.0512468],[19.8661829,45.0464624],[19.8383934,45.0394488],[19.8120078,45.0322487],[19.7955898,45.02867890000001],[19.7950773,45.0319695],[19.7967865,45.0356816],[19.802748,45.0400983],[19.8060429,45.0508832],[19.8081696,45.0625549],[19.8082069,45.06955270000001],[19.8072181,45.0699412],[19.804327,45.0703592],[19.8027978,45.0792711],[19.8015218,45.081255],[19.8002629,45.0812495],[19.7982155,45.0828184],[19.7981031,45.0846016],[19.7968364,45.0854879],[19.7897703,45.085045],[19.7880332,45.0840609],[19.7872243,45.0772814],[19.7847153,45.0763097],[19.7842906,45.0696532],[19.7821717,45.0684088],[19.7741433,45.067549],[19.7742532,45.0554754],[19.7668778,45.0470032],[19.7662487,45.0417866],[19.7680441,45.0254675],[19.7664184,45.0234019],[19.7460349,45.018045],[19.7437999,45.0175455],[19.7430529,45.0184891],[19.7436528,45.0265184],[19.7468609,45.0350405],[19.7473508,45.0445099],[19.748777,45.0471923],[19.7484563,45.0604996],[19.7492942,45.0640023],[19.7475039,45.0652225],[19.7405738,45.0647148],[19.7355154,45.0671597],[19.7349958,45.0707931],[19.7311114,45.0719402],[19.728227,45.0698678],[19.730311,45.0745431],[19.7347578,45.07531980000001],[19.7356211,45.0761472],[19.7355889,45.07944],[19.7335224,45.0827914],[19.7337716,45.0968561],[19.7310377,45.099038],[19.7312647,45.1054878],[19.7302803,45.1070607],[19.7284355,45.1074632],[19.7254261,45.098324],[19.7233211,45.0957065],[19.7216847,45.0954251],[19.7199488,45.0939058],[19.7133939,45.0717139],[19.7081001,45.0379084],[19.7076577,45.0173522],[19.7088459,45.0092256],[19.7001431,45.0050338],[19.684208,45.0028234],[19.6797203,45.0015566],[19.6880409,44.9874853],[19.6955161,44.9850471],[19.7125671,44.9816365],[19.7167401,44.9800798],[19.7511765,44.9779848],[19.750029,44.9868288],[19.7624972,44.9872992],[19.7644531,44.9849072],[19.7659243,44.9721542],[19.7619804,44.9700779],[19.7797962,44.9558906],[19.782909,44.9511735],[19.7844,44.9489139],[19.7957079,44.9485522],[19.8069329,44.9465426],[19.8220159,44.9452341],[19.8212296,44.9351463],[19.8162228,44.9332047],[19.8076646,44.917253],[19.7962157,44.9012199],[19.7900956,44.8945389],[19.7829343,44.8965652],[19.7806598,44.8918216],[19.7780648,44.8905752],[19.7758715,44.8876155],[19.7738514,44.8868518],[19.7678594,44.8877163],[19.7659177,44.8889422],[19.7590527,44.8902138],[19.752468,44.8924469]]]}},{"type":"Feature","properties":{"id":"33768554B43402816549287","name":"Inđija","district":"RS-07"},"geometry":{"type":"Polygon","coordinates":[[[20.274965,45.1345023],[20.2666813,45.1405599],[20.2635787,45.1419307],[20.2484467,45.1544786],[20.2421411,45.1583854],[20.2389383,45.1614021],[20.2291138,45.1673674],[20.2168118,45.1744893],[20.2110868,45.1764051],[20.2036167,45.1774955],[20.1833934,45.1822963],[20.1764784,45.182899],[20.168785,45.1826008],[20.1574471,45.178057],[20.1520158,45.177912],[20.1483279,45.17873],[20.1437505,45.1855842],[20.1351081,45.1886582],[20.1270972,45.19010320000001],[20.1171564,45.1900005],[20.1033932,45.1862021],[20.098675,45.1761075],[20.0937464,45.1710894],[20.0911329,45.16971220000001],[20.0636857,45.16815050000001],[20.0535158,45.1668882],[20.0368214,45.1699365],[20.0301277,45.1703318],[20.0376587,45.17776],[20.0399809,45.1790005],[20.0463522,45.1859451],[20.0473948,45.1915049],[20.0467685,45.2015204],[20.0442294,45.20515070000001],[20.0399496,45.207336],[20.0315997,45.208139],[20.0204599,45.2038572],[20.0149535,45.1988346],[20.0141875,45.1967744],[20.0092731,45.1900378],[20.0102724,45.1842773],[20.0073898,45.1788497],[20.0021562,45.17801230000001],[19.9980372,45.1681215],[19.9876815,45.164182],[19.9731783,45.1565934],[19.9611075,45.1533641],[19.9608081,45.153284],[19.9478078,45.1510275],[19.9436473,45.1496421],[19.9403742,45.1459269],[19.9405841,45.1431204],[19.9464715,45.1431064],[19.961956,45.1319591],[19.973705,45.12053610000001],[19.9754579,45.1174293],[19.9789033,45.1145779],[19.9762266,45.1123922],[19.9762437,45.1114316],[19.9789887,45.1097748],[19.9725709,45.1080361],[19.9770509,45.1042332],[19.9820483,45.0977014],[19.9843491,45.0851779],[19.9895053,45.0817765],[19.9922074,45.0795324],[19.9933407,45.0753478],[19.9977732,45.0706972],[20.0030241,45.0474531],[20.0062522,45.0406694],[20.0009756,45.0318736],[20.0007065,45.0277564],[20.0070622,45.02271970000001],[20.0087688,45.0213284],[20.0096625,45.016734],[20.0083477,45.0089093],[20.0058597,45.0036886],[20.0220595,45.0134035],[20.0247771,45.0114206],[20.0241141,45.0084688],[20.0266399,45.0060737],[20.0262623,45.0041517],[20.0238515,45.002705],[20.0220296,44.9994759],[20.0256009,45.0008569],[20.0553576,45.0071692],[20.0888131,45.0087473],[20.0919053,45.0094393],[20.1008761,45.0189205],[20.1025054,45.0206424],[20.1039347,45.02173],[20.1077766,45.0246531],[20.1338608,45.0446281],[20.1328391,45.0342784],[20.1333366,45.0295449],[20.1353652,45.029423],[20.1814261,45.0254926],[20.2126718,45.0252496],[20.2190576,45.0242943],[20.2234125,45.02271970000001],[20.237084,45.02871070000001],[20.2375627,45.035759],[20.2375997,45.0431736],[20.2376881,45.0608806],[20.2307112,45.067394],[20.233375,45.0703691],[20.2808849,45.094246],[20.2987638,45.1031063],[20.2940892,45.1096474],[20.2841325,45.12272690000001],[20.2753111,45.1323299],[20.274965,45.1345023]]]}},{"type":"Feature","properties":{"id":"33768554B98925662705896","name":"Irig","district":"RS-07"},"geometry":{"type":"Polygon","coordinates":[[[19.7284355,45.1074632],[19.7302803,45.1070607],[19.7312647,45.1054878],[19.7310377,45.099038],[19.7337716,45.0968561],[19.7335224,45.0827914],[19.7355889,45.07944],[19.7356211,45.0761472],[19.7347578,45.07531980000001],[19.730311,45.0745431],[19.728227,45.0698678],[19.7311114,45.0719402],[19.7349958,45.0707931],[19.7355154,45.0671597],[19.7405738,45.0647148],[19.7475039,45.0652225],[19.7492942,45.0640023],[19.7484563,45.0604996],[19.748777,45.0471923],[19.7473508,45.0445099],[19.7468609,45.0350405],[19.7436528,45.0265184],[19.7430529,45.0184891],[19.7437999,45.0175455],[19.7460349,45.018045],[19.7664184,45.0234019],[19.7680441,45.0254675],[19.7662487,45.0417866],[19.7668778,45.0470032],[19.7742532,45.0554754],[19.7741433,45.067549],[19.7821717,45.0684088],[19.7842906,45.0696532],[19.7847153,45.0763097],[19.7872243,45.0772814],[19.7880332,45.0840609],[19.7897703,45.085045],[19.7968364,45.0854879],[19.7981031,45.0846016],[19.7982155,45.0828184],[19.8002629,45.0812495],[19.8015218,45.081255],[19.8027978,45.0792711],[19.804327,45.0703592],[19.8072181,45.0699412],[19.8082069,45.06955270000001],[19.8081696,45.0625549],[19.8060429,45.0508832],[19.802748,45.0400983],[19.7967865,45.0356816],[19.7950773,45.0319695],[19.7955898,45.02867890000001],[19.8120078,45.0322487],[19.8383934,45.0394488],[19.8661829,45.0464624],[19.8796976,45.0512468],[19.882888,45.0517387],[19.8884202,45.0496321],[19.8933928,45.044436],[19.8979632,45.0412965],[19.9001913,45.0409612],[19.9080175,45.0427722],[19.9099775,45.0391429],[19.9131721,45.038948],[19.9184147,45.039915],[19.9244834,45.040564],[19.9287868,45.0348539],[19.933442,45.0314521],[19.9374858,45.0318725],[19.9550393,45.0469639],[19.9612144,45.0491255],[19.9662957,45.0520426],[19.9697359,45.0560932],[19.9867721,45.046174],[19.9947073,45.0462644],[20.0030241,45.0474531],[19.9977732,45.0706972],[19.9933407,45.0753478],[19.9922074,45.0795324],[19.9895053,45.0817765],[19.9843491,45.0851779],[19.9820483,45.0977014],[19.9770509,45.1042332],[19.9725709,45.1080361],[19.9789887,45.1097748],[19.9762437,45.1114316],[19.9762266,45.1123922],[19.9789033,45.1145779],[19.9754579,45.1174293],[19.973705,45.12053610000001],[19.961956,45.1319591],[19.9464715,45.1431064],[19.9405841,45.1431204],[19.9403742,45.1459269],[19.9436473,45.1496421],[19.930855,45.1487774],[19.9272635,45.1494516],[19.9231758,45.1518392],[19.9203618,45.15217280000001],[19.9161023,45.1511978],[19.9110112,45.1510482],[19.9081646,45.149318],[19.906057,45.1456059],[19.9044143,45.1448454],[19.9015782,45.148403],[19.8912644,45.1535801],[19.8887405,45.1539826],[19.8838905,45.1542393],[19.8766771,45.1572648],[19.8720353,45.1576938],[19.8612419,45.15663],[19.8587605,45.1564079],[19.8541291,45.1534398],[19.8499631,45.1530117],[19.8442306,45.154498],[19.8410337,45.1541421],[19.8409873,45.1523492],[19.841062,45.1520936],[19.8395175,45.1497452],[19.832455,45.147864],[19.8240301,45.148994],[19.8158183,45.1513721],[19.8067025,45.1548215],[19.8020477,45.1548699],[19.7891334,45.1568709],[19.785726,45.1583649],[19.7863152,45.1575443],[19.7797332,45.1562109],[19.774788,45.1561883],[19.7703036,45.1587746],[19.7613663,45.1604479],[19.7567331,45.159204],[19.7525349,45.1570254],[19.750837,45.1561443],[19.7465777,45.1553691],[19.7392834,45.1575976],[19.731949,45.153994],[19.7272122,45.1525297],[19.7179808,45.1544727],[19.7146165,45.1515743],[19.7142552,45.1489655],[19.7163309,45.1450656],[19.7199462,45.1422712],[19.7226277,45.1359046],[19.7239551,45.1291881],[19.7284665,45.1238595],[19.7299603,45.1198193],[19.7284355,45.1074632]]]}},{"type":"Feature","properties":{"id":"33768554B29640802603871","name":"Stara Pazova","district":"RS-07"},"geometry":{"type":"Polygon","coordinates":[[[20.2987638,45.1031063],[20.2808849,45.094246],[20.233375,45.0703691],[20.2307112,45.067394],[20.2376881,45.0608806],[20.2375997,45.0431736],[20.2375627,45.035759],[20.237084,45.02871070000001],[20.2234125,45.02271970000001],[20.2190576,45.0242943],[20.2126718,45.0252496],[20.1814261,45.0254926],[20.1353652,45.029423],[20.1333366,45.0295449],[20.1328391,45.0342784],[20.1338608,45.0446281],[20.1077766,45.0246531],[20.1039347,45.02173],[20.1025054,45.0206424],[20.1008761,45.0189205],[20.0919053,45.0094393],[20.0888131,45.0087473],[20.0553576,45.0071692],[20.0256009,45.0008569],[20.0220296,44.9994759],[20.0148439,44.9859421],[20.014385,44.9809769],[20.0133646,44.9722853],[20.0154796,44.95486419999999],[20.0144361,44.9509508],[20.0394817,44.9405475],[20.0565997,44.9298618],[20.0542575,44.92331020000001],[20.0555628,44.92217690000001],[20.0582497,44.9216562],[20.0563319,44.9150598],[20.0577153,44.9136561],[20.0602732,44.9131963],[20.0608941,44.9109953],[20.067518,44.9108842],[20.0699191,44.9199965],[20.0874801,44.923667],[20.0912623,44.9192144],[20.0957564,44.9105737],[20.1086333,44.8927606],[20.1113427,44.8905695],[20.1234667,44.870691],[20.1281541,44.8613437],[20.1308314,44.859518],[20.1343065,44.8586311],[20.1394268,44.8556879],[20.1445417,44.854597],[20.153597,44.8590002],[20.1578339,44.8620245],[20.16408439999998,44.8704717],[20.1618327,44.8843979],[20.1629845,44.8870753],[20.1701074,44.8953861],[20.17007244370302,44.89835144650624],[20.1699885,44.9054724],[20.1718598,44.9056757],[20.2033847,44.9083196],[20.2125358,44.9080864],[20.2216309,44.9078538],[20.2216203,44.9161522],[20.233493772462566,44.921181881466225],[20.2470996,44.9269454],[20.269113,44.934846],[20.2727076,44.9317461],[20.273653699999954,44.931485],[20.2935474,44.9384199],[20.293354,44.94089020000001],[20.2991494,44.9434985],[20.2895846,44.956741],[20.2869975,44.9669047],[20.2863927,44.9745129],[20.2891941,44.9817186],[20.2943165,44.9882384],[20.29828,44.9916699],[20.30485429999993,44.99544459999993],[20.3107637,44.9965862],[20.3224511,44.99805230000001],[20.33778179999996,45.00131620000013],[20.3459494,45.0031948],[20.3552354,45.006829],[20.3604618,45.01121890000002],[20.3625949,45.0162275],[20.3626006,45.02130560000006],[20.3575951,45.0447074],[20.351509099999987,45.05534549999993],[20.3381634,45.0698958],[20.33168009999997,45.07428820000001],[20.3268403,45.0760727],[20.3156119,45.083415],[20.3074801,45.0947363],[20.2987638,45.1031063]]]}},{"type":"Feature","properties":{"id":"33768554B67461606414450","name":"Apatin","district":"RS-05"},"geometry":{"type":"Polygon","coordinates":[[[18.894724,45.7544181],[18.8992128,45.7322659],[18.9008744,45.7217419],[18.9043488,45.7122919],[18.9086388,45.7051611],[18.9141373,45.7002239],[18.917907,45.69543210000001],[18.9247004,45.6908063],[18.9385435,45.6854638],[18.9512331,45.6808371],[18.9591373,45.6766878],[18.9632817,45.6738517],[18.9653753,45.6703288],[18.9662725,45.6663578],[18.9649053,45.66241630000001],[18.9624699,45.6590719],[18.9584537,45.6557571],[18.9478577,45.6497541],[18.9423034,45.6455726],[18.9379454,45.6415998],[18.9359372,45.6386424],[18.9356382,45.6350576],[18.9337582,45.631831],[18.9303402,45.629142],[18.9244868,45.6272298],[18.9197015,45.625735800000015],[18.9143768,45.6235926],[18.9106306,45.62135280000001],[18.9077605,45.6189017],[18.9057665,45.6161335],[18.9057061,45.6111039],[18.906552,45.6070672],[18.9103587,45.6016774],[18.9128965,45.5988027],[18.9134705,45.596414],[18.9134403,45.59539930000001],[18.9119599,45.5932641],[18.9088179,45.5916151],[18.9015671,45.587281],[18.8934099,45.5803035],[18.8902075,45.5760742],[18.8877906,45.5711679],[18.8881229,45.568312800000015],[18.8892105,45.5660708],[18.89199,45.5625385],[18.8949809,45.5602541],[18.8997242,45.557758],[18.9094825,45.5552194],[18.9150415,45.5550925],[18.9176095,45.5544578],[18.9204796,45.55285],[18.9287462,45.5439025],[18.9349893,45.5405496],[18.9458065,45.5355343],[18.950376,45.5339513],[18.9595894,45.5337251],[18.9714104,45.5347863],[18.9837777,45.5369085],[18.9921965,45.5403178],[18.9987526,45.545814],[19.0060709,45.5543984],[19.0088805,45.5567347],[19.0128492,45.5577429],[19.0169934,45.5576691],[19.0211376,45.5571527],[19.0248604,45.555087],[19.0272486,45.5518407],[19.0325167,45.5378206],[19.0346591,45.5349423],[19.0372931,45.5335893],[19.0412969,45.532925],[19.052676,45.533048],[19.0648277,45.5319901],[19.0711143,45.530637],[19.0764654,45.5282955],[19.0890809,45.5438799],[19.0933543,45.544953],[19.0973663,45.5445136],[19.1063314,45.5406245],[19.1104379,45.5403228],[19.1117661,45.542189],[19.1059589,45.5444636],[19.1059362,45.5455613],[19.109682,45.5485499],[19.1294413,45.551561],[19.1324425,45.5528259],[19.1378069,45.557957],[19.1407998,45.5645056],[19.1482772,45.5715096],[19.1481218,45.5743903],[19.1435421,45.583541],[19.1421424,45.5899779],[19.1431479,45.59341890000001],[19.1490399,45.6017114],[19.1526987,45.6142366],[19.1563098,45.6194185],[19.1645658,45.6270468],[19.167358,45.6319653],[19.1676589,45.6338018],[19.1653507,45.6367991],[19.1608859,45.6400502],[19.1555626,45.6421948],[19.1377774,45.643664],[19.1390362,45.6518472],[19.1369915,45.6562193],[19.1348987,45.6581201],[19.1298193,45.6604],[19.1257208,45.6620784],[19.1245091,45.66391930000001],[19.1252238,45.6720245],[19.1207501,45.67548],[19.1176976,45.6764103],[19.1439301,45.6788074],[19.1306445,45.70371570000001],[19.0862004,45.7037493],[19.0700732,45.7071519],[19.0528172,45.7083443],[19.0426199,45.7079877],[19.0336115,45.7224849],[19.040754,45.7272278],[19.0516598,45.7320594],[19.0553584,45.7356863],[19.0568318,45.7445553],[19.0563554,45.7484623],[19.0551473,45.7499596],[19.032677,45.7536209],[19.0230956,45.75511],[19.0036888,45.755449],[18.9892403,45.753163],[18.9810599,45.7510135],[18.9710755,45.7510885],[18.9709763,45.7566708],[18.9696414,45.7581012],[18.9693755,45.7669255],[18.9670584,45.770423],[18.9600693,45.7705025],[18.9275924,45.7449549],[18.916436,45.7447871],[18.9009016,45.7546242],[18.894724,45.7544181]]]}},{"type":"Feature","properties":{"id":"33768554B73963894217242","name":"Šid","district":"RS-07"},"geometry":{"type":"Polygon","coordinates":[[[19.4656266,45.1604439],[19.4644252,45.1592968],[19.4619038,45.1589829],[19.456305,45.1508686],[19.4507356,45.1474665],[19.4465741,45.1493564],[19.4422298,45.1501295],[19.4372761,45.15237530000001],[19.4334822,45.1531703],[19.4315881,45.1565864],[19.4282902,45.1566303],[19.4276856,45.158135],[19.4251687,45.1595462],[19.4234771,45.1606416],[19.424337,45.16737280000001],[19.4240443,45.1673022],[19.4230283,45.1674146],[19.4223248,45.1673317],[19.4216252,45.167326],[19.4212432,45.1672567],[19.420628,45.1669174],[19.420521,45.166736],[19.4198459,45.1664864],[19.4187923,45.1658275],[19.4186339,45.16578890000001],[19.4179184,45.1662634],[19.4163919,45.1665932],[19.4144668,45.1668674],[19.413399,45.1668346],[19.4126988,45.1668717],[19.4086028,45.1683011],[19.4056442,45.1688052],[19.4030392,45.1693964],[19.3970478,45.1704082],[19.3899784,45.17257020000001],[19.3867992,45.1728422],[19.3848923,45.1715201],[19.3819536,45.171333],[19.3776229,45.1714408],[19.3731762,45.1713354],[19.3725979,45.169954],[19.3718901,45.1701498],[19.3674055,45.1713621],[19.3664731,45.1719527],[19.3642008,45.1728447],[19.3596179,45.1765277],[19.3558862,45.1791747],[19.3530506,45.1806059],[19.3521929,45.1806553],[19.3515358,45.1804775],[19.3472123,45.176804],[19.3449124,45.1747061],[19.3435284,45.1741404],[19.342025,45.1740075],[19.3411757,45.1744101],[19.3403462,45.17515010000001],[19.3390595,45.1768687],[19.3365871,45.1800482],[19.3342015,45.1830088],[19.3328188,45.1847473],[19.3308014,45.1867569],[19.3243933,45.1936134],[19.3215967,45.19733580000001],[19.320359,45.1998302],[19.319963,45.2008768],[19.3200042,45.2017237],[19.3205323,45.2047489],[19.320458,45.20581280000001],[19.3200125,45.2067895],[19.3188632,45.2076293],[19.3155072,45.2077312],[19.3122149,45.2076789],[19.3089473,45.207208],[19.3058282,45.2067486],[19.303319,45.2063633],[19.3006584,45.2061659],[19.2955123,45.206018],[19.2905061,45.205944],[19.2877055,45.2058946],[19.2856397,45.20615],[19.2847641,45.206797],[19.2841339,45.2076356],[19.2835038,45.2090291],[19.2814558,45.2091401],[19.2803006,45.2091031],[19.2799808,45.20873260000001],[19.2806332,45.2036398],[19.2809307,45.20250510000001],[19.2824186,45.2011731],[19.2855492,45.19855920000001],[19.2877133,45.1961865],[19.287946,45.1949244],[19.2875293,45.1938372],[19.2865463,45.193765],[19.2854447,45.1939395],[19.2836624,45.1941227],[19.2819544,45.1945064],[19.2812563,45.1946213],[19.2804003,45.1946331],[19.2797955,45.1940954],[19.2798961,45.1936185],[19.2801391,45.1932171],[19.2808764,45.1924281],[19.2816622,45.1915782],[19.2869508,45.18515220000001],[19.2920971,45.17871990000001],[19.2937926,45.1755954],[19.2950726,45.172968],[19.2950455,45.1724578],[19.2944529,45.1721482],[19.2936345,45.172318200000014],[19.2930899,45.1727894],[19.2926196,45.1732693],[19.29189,45.1733978],[19.2913687,45.1733614],[19.2909816,45.1732749],[19.2904157,45.1727114],[19.2897388,45.172263],[19.2883313,45.1716051],[19.2866141,45.1710894],[19.2854474,45.1710729],[19.2842344,45.171099],[19.2819942,45.1713433],[19.2795559,45.1715353],[19.2784172,45.17164],[19.2766125,45.1720804],[19.2751001,45.17290520000001],[19.2738252,45.1738214],[19.2724142,45.1749819],[19.2707978,45.1757042],[19.2666341,45.1755316],[19.2653098,45.1754443],[19.262758,45.1749347],[19.2622719,45.1748851],[19.2607357,45.1755813],[19.2581587,45.1768046],[19.2565069,45.1770228],[19.2555068,45.176965],[19.2533714,45.1774462],[19.2506665,45.1782014],[19.2469728,45.1793218],[19.2463004,45.1794949],[19.2455478,45.1795442],[19.2440249,45.1795813],[19.2410667,45.1794332],[19.2382486,45.1792111],[19.2367433,45.179063],[19.235395,45.1790505],[19.2285602,45.1842191],[19.2267531,45.1850664],[19.2148381,45.1878224],[19.2066284,45.1919595],[19.1896781,45.20093820000001],[19.1854425,45.2018637],[19.1789488,45.200124],[19.1762166,45.202511],[19.1706307,45.19974590000001],[19.1660173,45.1897092],[19.1843305,45.1843403],[19.1945386,45.17891520000001],[19.187238,45.1659973],[19.1741697,45.1553492],[19.1739585,45.1552053],[19.1648383,45.1476972],[19.1643926,45.1473561],[19.1643277,45.1473475],[19.1532157,45.13857870000001],[19.1420508,45.1299249],[19.1412488,45.1302026],[19.1199837,45.1337331],[19.1143425,45.1377067],[19.0865622,45.1454179],[19.0875471,45.1383634],[19.0858392,45.1373224],[19.084136,45.1358139],[19.0823378,45.1346925],[19.081228,45.1343286],[19.0810248,45.1338545],[19.080931,45.1334465],[19.0813999,45.132862],[19.081353,45.1319688],[19.0805558,45.1311527],[19.077897,45.1272764],[19.0768002,45.1137373],[19.0808674,45.1126216],[19.0834264,45.1118141],[19.0842826,45.1113995],[19.0823703,45.1101085],[19.0824612,45.1095756],[19.0837371,45.107369],[19.0853016,45.1071548],[19.0860675,45.1066885],[19.0864314,45.1064723],[19.0869914,45.106479],[19.0877858,45.1068829],[19.0886334,45.1055938],[19.0896483,45.1043842],[19.0911897,45.1034178],[19.0935067,45.1015527],[19.0927982,45.1005119],[19.0931524,45.0993968],[19.0941194,45.09855880000001],[19.0944833,45.0980452],[19.0944444,45.0975168],[19.0938094,45.0959946],[19.0916436,45.0928694],[19.0927827,45.0906507],[19.0944342,45.0889093],[19.096239,45.0876562],[19.0969092,45.0868248],[19.0989636,45.0847509],[19.099877,45.0831925],[19.1003128,45.0827072],[19.1010404,45.0825348],[19.10187,45.0824907],[19.1047744,45.08123],[19.104897,45.0800661],[19.1052812,45.0796079],[19.1058576,45.0791612],[19.1042715,45.0753406],[19.102209,45.0711251],[19.0973051,45.0630673],[19.0952302,45.0585443],[19.0975293,45.0582229],[19.0988882,45.0575287],[19.0999498,45.0565002],[19.1014113,45.055864],[19.10135,45.0539031],[19.1043326,45.0532994],[19.1039759,45.0521644],[19.1058933,45.0515323],[19.1052347,45.0496477],[19.1041716,45.0484067],[19.1035404,45.0477642],[19.1034415,45.0476364],[19.101658,45.0464733],[19.1020881,45.044843],[19.1010968,45.043242],[19.1002425,45.042218],[19.0968447,45.0397255],[19.0955341,45.0387544],[19.0944518,45.037968],[19.0941612,45.0374451],[19.0948334,45.0356133],[19.0956305,45.0335486],[19.0987639,45.0328595],[19.0979967,45.0300273],[19.0990544,45.0283834],[19.0987472,45.0273095],[19.0978961,45.0272403],[19.0972527,45.02541820000001],[19.0973578,45.0224982],[19.0982007,45.0216071],[19.0993417,45.0171863],[19.0995476,45.0164343],[19.099533,45.0148629],[19.1027174,45.0106953],[19.0967184,45.005279],[19.0953442,45.0001507],[19.0944785,44.9995585],[19.0943158,44.9988559],[19.0942125,44.9984361],[19.0940165,44.9980387],[19.0929245,44.9972043],[19.0925325,44.9968169],[19.0920844,44.9962606],[19.0913704,44.99547590000001],[19.0907824,44.9952375],[19.0891024,44.9949096],[19.0872446,44.9943944],[19.0858291,44.9934864],[19.084972,44.9920543],[19.0846924,44.9915916],[19.0839852,44.9912865],[19.0829983,44.99051870000001],[19.0813463,44.9887801],[19.0808983,44.9884821],[19.0804363,44.9882337],[19.0798483,44.9882138],[19.0790978,44.9879601],[19.0778183,44.9875184],[19.0772723,44.987578],[19.0768523,44.9872402],[19.0762223,44.9869521],[19.0755614,44.9869108],[19.0745002,44.9867434],[19.0739542,44.9864851],[19.0734362,44.9861076],[19.0717422,44.9857896],[19.0703982,44.9853127],[19.0689576,44.9851258],[19.0670521,44.984349],[19.0624485,44.9828057],[19.0617157,44.9828449],[19.0609,44.9827272],[19.0577891,44.98128469999999],[19.056149,44.9808246],[19.0533618,44.9791374],[19.0520449,44.977891],[19.0519478,44.977328],[19.0521986,44.9769676],[19.0525116,44.9767627],[19.0533576,44.9765715],[19.0547791,44.9764805],[19.0559904,44.9760749],[19.0573983,44.9758129],[19.0597698,44.9752266],[19.060821,44.9749024],[19.0619911,44.9745427],[19.0625605,44.9741652],[19.0638745,44.9735567],[19.0649625,44.9732875],[19.0659519,44.9731658],[19.0671787,44.9732181],[19.068217,44.9732102],[19.0698814,44.9731347],[19.0712267,44.972886],[19.0719212,44.9725884],[19.073424,44.9716697],[19.0744241,44.9713759],[19.0752438,44.971136],[19.0756943,44.9710783],[19.0760924,44.971271],[19.076758,44.9717268],[19.0784662,44.9724285],[19.0795237,44.9730059],[19.0824708,44.9740586],[19.0833823,44.9742731],[19.0843042,44.9743428],[19.0852365,44.9741962],[19.0862064,44.9742451],[19.0870497,44.9742257],[19.0878332,44.9740763],[19.0886592,44.9737166],[19.0894038,44.9732635],[19.0904925,44.9724507],[19.0912246,44.9718467],[19.0921082,44.971306],[19.092864,44.9709717],[19.0937525,44.9708962],[19.0943154,44.9709463],[19.0958478,44.9710652],[19.0974756,44.9712249],[19.0989265,44.9713344],[19.1014456,44.9712921],[19.1026652,44.9710569],[19.105474,44.9704283],[19.1072832,44.9700952],[19.1079251,44.9700123],[19.109122,44.9698467],[19.1110827,44.9698558],[19.1116193,44.9699352],[19.112637,44.9701262],[19.113494,44.9705986],[19.1140133,44.9710916],[19.1143387,44.9716068],[19.1147114,44.9721985],[19.1150948,44.9728929],[19.1154342,44.9733729],[19.1158654,44.9738498],[19.1169485,44.9745673],[19.1186812,44.97571520000001],[19.1209411,44.9759012],[19.122659,44.9761578],[19.1247931,44.9767089],[19.1278464,44.9776557],[19.1302497,44.9788498],[19.1335355,44.9802473],[19.1362095,44.9809405],[19.138335,44.980711],[19.1397606,44.9802702],[19.1411883,44.9796696],[19.1432316,44.9783479],[19.1449744,44.976972],[19.1474108,44.9753959],[19.1470828,44.9737778],[19.1476889,44.9720747],[19.1477999,44.9668325],[19.1476718,44.9637462],[19.1475609,44.9614268],[19.1474755,44.9595845],[19.1474317,44.9576857],[19.1492529,44.9570935],[19.1524195,44.9577503],[19.1542934,44.9576829],[19.1545069,44.9570598],[19.154412,44.9564451],[19.1545425,44.9556787],[19.1542934,44.9554345],[19.1541037,44.9550808],[19.1543765,44.9546261],[19.1548746,44.95424709999999],[19.155432,44.9540703],[19.155859,44.9538176],[19.1560962,44.9533881],[19.1564876,44.9529418],[19.1557534,44.952669],[19.1551784,44.9525313],[19.1542104,44.952167],[19.1530244,44.9518048],[19.1526449,44.9518048],[19.1524195,44.9517459],[19.1524432,44.9512995],[19.1522085,44.950845],[19.151933,44.9506796],[19.1509014,44.9502636],[19.1500593,44.9500531],[19.1491461,44.9497751],[19.148138,44.9492782],[19.1468927,44.9485371],[19.1458253,44.9480233],[19.144995,44.947737],[19.144096,44.9474969],[19.1435955,44.9472148],[19.1430856,44.9468105],[19.1428009,44.9461956],[19.1428721,44.9460188],[19.1435125,44.945724],[19.1441767,44.9453281],[19.1442834,44.9451428],[19.1442004,44.9449575],[19.1435357,44.9447432],[19.14316,44.94429],[19.1426349,44.9429444],[19.1431538,44.9413461],[19.1358592,44.939133],[19.1242451,44.9390452],[19.1115415,44.9326757],[19.1092796,44.934167],[19.1039148,44.93233220000001],[19.1041135,44.9311443],[19.1012845,44.92991290000001],[19.099974,44.930121],[19.0996759,44.9299445],[19.0986659,44.9295681],[19.0977055,44.92901530000001],[19.0975068,44.9288742],[19.0869262,44.9252865],[19.0884827,44.9239808],[19.0849393,44.9230868],[19.0842438,44.9197105],[19.0842107,44.9193811],[19.0852539,44.9186634],[19.0855188,44.9187929],[19.0881515,44.9181693],[19.0873402,44.916687],[19.0874064,44.9162399],[19.0861801,44.9161616],[19.0842107,44.9164399],[19.0838961,44.9166752],[19.0805348,44.9133809],[19.0870291,44.9104015],[19.0821445,44.9061212],[19.0792322,44.9062007],[19.0778741,44.9061768],[19.0766334,44.9060458],[19.0753423,44.9056883],[19.0744331,44.9053966],[19.0734477,44.9047112],[19.0729874,44.9043526],[19.0725811,44.9040494],[19.0721464,44.903603],[19.0717619,44.9032458],[19.071277,44.9027926],[19.0706356,44.9021797],[19.0700654,44.9017188],[19.0697661,44.9014706],[19.0692988,44.9013615],[19.0685831,44.9011515],[19.0679205,44.9010766],[19.0669724,44.9011262],[19.0662883,44.9012174],[19.0657181,44.9014706],[19.0642727,44.9020511],[19.0630449,44.9028091],[19.0604805,44.9042929],[19.0597777,44.9047178],[19.0589674,44.9050537],[19.0576005,44.9058412],[19.0559503,44.9068879],[19.0529675,44.9086732],[19.0478643,44.9105251],[19.0441144,44.9125831],[19.04023,44.9165716],[19.03945,44.9170889],[19.0369919,44.9194311],[19.0353847,44.9215402],[19.033864,44.9221816],[19.0322896,44.9225048],[19.0291743,44.9226139],[19.0254368,44.9225467],[19.0224595,44.9220998],[19.016245,44.9213742],[19.0145947,44.9211788],[19.0105245,44.9199475],[19.0098269,44.9190291],[19.003615,44.9172538],[18.9979761,44.91556],[18.99832,44.914485],[18.9977698,44.9140127],[18.998041,44.9137614],[18.9976911,44.9133747],[18.9972117,44.9129879],[18.9967452,44.9123986],[18.9964471,44.91186459999999],[18.9960301,44.9115454],[18.9954882,44.9112752],[18.9950088,44.9111371],[18.9892433,44.905792],[18.9916882,44.9026093],[18.9920964,44.8961567],[18.9923916,44.8938765],[18.9996207,44.8849051],[19.0031072,44.8843689],[19.0143772,44.8691028],[19.0191123,44.8552434],[19.0221998,44.8554389],[19.0240511,44.8555959],[19.0259065,44.8558641],[19.0277558,44.856172],[19.0299624,44.8565907],[19.0363988,44.8579193],[19.0396292,44.8585963],[19.0414528,44.8589292],[19.04436,44.8593982],[19.0450831,44.8594723],[19.0550342,44.8598277],[19.0569561,44.8599677],[19.0591424,44.8601906],[19.0606269,44.8603786],[19.0632875,44.8609145],[19.0649292,44.8613169],[19.065811,44.8615844],[19.067741,44.8622073],[19.0691284,44.8626865],[19.070487,44.8632098],[19.0715432,44.8637081],[19.0728134,44.8644114],[19.0740904,44.8651249],[19.0759535,44.8664513],[19.0775874,44.8679852],[19.0780538,44.8683774],[19.0791468,44.8695091],[19.0799171,44.8705339],[19.0802952,44.8709794],[19.0806322,44.8714637],[19.0817271,44.8729687],[19.0824138,44.8738769],[19.0835295,44.8752075],[19.0843696,44.8762137],[19.0851721,44.8771246],[19.0863454,44.8781386],[19.0874021,44.8789591],[19.0888742,44.8798334],[19.0895717,44.8801082],[19.0910502,44.8806502],[19.0938326,44.8815596],[19.0965068,44.8821721],[19.0979739,44.8824856],[19.1002622,44.8828734],[19.102264,44.8831496],[19.1053838,44.8836442],[19.1093715,44.8842254],[19.1130048,44.88466419999999],[19.1134576,44.88476749999999],[19.1143839,44.8850103],[19.1155275,44.8853485],[19.1167334,44.885734],[19.1172807,44.8859524],[19.11795170000001,44.8862515],[19.1191196,44.8868658],[19.1195985,44.8871681],[19.1203873,44.88785149999999],[19.1212359,44.8885684],[19.1213662,44.8886832],[19.121819,44.8891733],[19.1222138,44.8895858],[19.1228482,44.8902505],[19.1232398,44.8906846],[19.1240579,44.8918271],[19.124265,44.8921348],[19.1246721,44.8928991],[19.1251405,44.8938132],[19.1254245,44.8943245],[19.1259141,44.89514],[19.1264254,44.8959626],[19.127026,44.8968851],[19.127351,44.8973971],[19.1278541,44.8979643],[19.1282682,44.8983711],[19.1293662,44.898999],[19.1305589,44.8995144],[19.1318867,44.8999285],[19.1326089,44.900144],[19.1342973,44.9005656],[19.1368577,44.9011275],[19.1384545,44.9013657],[19.1394207,44.9014801],[19.1401592,44.9015914],[19.1410747,44.9017476],[19.1425843,44.9021083],[19.14321,44.9022588],[19.1438766,44.9024541],[19.144687,44.9027192],[19.1465492,44.9034107],[19.1499817,44.9052002],[19.1532394,44.9068367],[19.1541593,44.907415],[19.1558766,44.9086588],[19.1579176,44.9101403],[19.1586744,44.9107801],[19.159831,44.9117721],[19.1613446,44.9131368],[19.1648162,44.9166229],[19.1662939,44.91784709999999],[19.1669776,44.9183377],[19.1678022,44.918848],[19.1686642,44.9193576],[19.1695247,44.9198067],[19.1705738,44.920302],[19.171431,44.9206194],[19.1726531,44.9209846],[19.1736431,44.9212556],[19.1747876,44.92151590000001],[19.1753633,44.9215718],[19.1772941,44.921726],[19.1791221,44.9217509],[19.1828827,44.9216606],[19.1838085,44.9215974],[19.1854978,44.921441],[19.1876165,44.9211955],[19.190035,44.92071830000001],[19.1918074,44.92031690000001],[19.1918916,44.9217444],[19.1922554,44.9276337],[19.2103127,44.9280781],[19.2104085,44.9318296],[19.2105078,44.935721],[19.2108136,44.9477007],[19.2458968,44.9476585],[19.2504369,44.9476523],[19.2504262,44.9375689],[19.2615373,44.9375997],[19.2744219,44.9411434],[19.2803261,44.9405779],[19.2812549,44.94271230000001],[19.2875943,44.944894],[19.2921914,44.9417099],[19.2952985,44.940845],[19.2977772,44.9412093],[19.3022251,44.9426193],[19.3071465,44.9430043],[19.3213136,44.9509439],[19.32652,44.9516734],[19.3312918,44.9552801],[19.346931,44.9563694],[19.3502324,44.955436],[19.3546314,44.952385],[19.3597192,44.9604518],[19.3606845,44.9664959],[19.3501368,44.9730642],[19.3533166,44.9737075],[19.351847,44.9764884],[19.3427379,44.9937197],[19.3459199,44.9942946],[19.3470811,45.0001348],[19.3286199,45.0166514],[19.3237471,45.0187372],[19.3158855,45.0201802],[19.3137256,45.0220141],[19.3117812,45.0225464],[19.3071676,45.03766739999999],[19.3108618,45.0379572],[19.3160171,45.0352043],[19.3179058,45.0322705],[19.3202502,45.0309868],[19.3234398,45.0312194],[19.3270798,45.033445],[19.3307593,45.0333385],[19.3316129,45.0343745],[19.3389649,45.0345726],[19.3401921,45.0364348],[19.3444592,45.0359212],[19.3588915,45.0292475],[19.3618888,45.0294088],[19.3637852,45.0318251],[19.3568792,45.0339644],[19.3563495,45.0367727],[19.3594495,45.036592],[19.3598754,45.0401625],[19.3403152,45.040689],[19.3420175,45.043104],[19.3668062,45.04851870000001],[19.3821012,45.0546083],[19.3842374,45.06031890000001],[19.3884256,45.0600902],[19.4228015,45.0581436],[19.4410475,45.0552127],[19.4442157,45.0572085],[19.4493885,45.0675363],[19.4533725,45.0706865],[19.4612708,45.0761291],[19.4631747,45.0784066],[19.4657793,45.0858342],[19.4654233,45.09035930000001],[19.4708148,45.1128991],[19.4692121,45.1165234],[19.4623681,45.120659],[19.4657237,45.1365988],[19.4701682,45.1443826],[19.4764032,45.1490921],[19.4794384,45.1538471],[19.4809402,45.1573565],[19.471727,45.1573597],[19.4656266,45.1604439]]]}},{"type":"Feature","properties":{"id":"33768554B21672557682784","name":"Alibunar","district":"RS-04"},"geometry":{"type":"Polygon","coordinates":[[[20.9111088,44.9928622],[20.8981382,45.0063199],[20.9064918,45.0173117],[20.9186897,45.0101874],[20.921832,45.0075662],[20.9433093,44.9896411],[20.9630245,44.9765484],[20.9768092,44.9504545],[21.0064587,44.9772389],[21.0255851,44.9671777],[21.0243498,44.9641541],[21.0574635,44.9475448],[21.0619747,44.9452817],[21.0703324,44.9459838],[21.0767806,44.9522356],[21.0787815,44.9541753],[21.0818469,44.9589118],[21.0905606,44.9723738],[21.0912135,44.976033],[21.0848227,44.9786905],[21.0875921,44.9844627],[21.082907,44.989584],[21.0798747,44.9941674],[21.0841282,45.0080907],[21.0807682,45.0085291],[21.0960486,45.0569552],[21.0954372,45.0572329],[21.106786,45.0949103],[21.107316,45.0964299],[21.1057002,45.0980638],[21.1065299,45.10210210000001],[21.1044327,45.1024301],[21.1013147,45.120008],[21.1082337,45.1215562],[21.1034631,45.1448738],[21.0679826,45.1614767],[21.0245703,45.1817652],[21.0219355,45.182995],[21.0166327,45.18547],[20.9915166,45.1971912],[20.9667532,45.20873430000001],[20.9636595,45.2101762],[20.9532349,45.2150347],[20.9334644,45.2242384],[20.9332351,45.2243452],[20.9168563,45.2319688],[20.887028,45.2458409],[20.8624155,45.2572847],[20.8167086,45.22596270000001],[20.8144774,45.2244332],[20.812967,45.2233979],[20.8119903,45.2227284],[20.8108088,45.2219184],[20.8105914,45.2217694],[20.8101163,45.2218332],[20.8096888,45.2219009],[20.809085,45.2215019],[20.8060425,45.2194917],[20.8056536,45.2189227],[20.8056058,45.2188527],[20.8050623,45.2180575],[20.8038305,45.2171653],[20.8023975,45.2161274],[20.7958067,45.20693090000001],[20.7955968,45.2066379],[20.7875111,45.1953534],[20.7841674,45.1906862],[20.7835645,45.1898446],[20.7787014,45.1830558],[20.7786206,45.182943],[20.7796694,45.18233690000001],[20.7802321,45.1820116],[20.7838726,45.1801465],[20.7890978,45.1768875],[20.7893777,45.1767257],[20.7939049,45.1741089],[20.7942463,45.1739116],[20.7947789,45.1736037],[20.7953789,45.1733926],[20.7971945,45.1723404],[20.8005558,45.1702778],[20.800687,45.1702],[20.8009437,45.1700478],[20.8014565,45.1697437],[20.8022805,45.1692674],[20.8026936,45.1690657],[20.8040423,45.1684071],[20.8043558,45.168254],[20.8071024,45.1668397],[20.8072009,45.166789],[20.8080283,45.16636290000001],[20.8086914,45.1660387],[20.8094226,45.16571320000001],[20.8096128,45.1656095],[20.8096851,45.1644866],[20.8098703,45.1641536],[20.8103849,45.1632276],[20.8101195,45.16280230000001],[20.8104217,45.1625847],[20.8112536,45.1619856],[20.8118086,45.161203],[20.8119891,45.160583],[20.8120219,45.1604858],[20.8126048,45.1587358],[20.8136666,45.1566089],[20.8147407,45.1551206],[20.816092,45.1531841],[20.817093,45.152474],[20.8176799,45.15251220000001],[20.8192164,45.1520826],[20.8195331,45.151994],[20.8227114,45.1512933],[20.8234391,45.1512147],[20.8277464,45.1499198],[20.8307504,45.1490365],[20.8366729,45.1472988],[20.8350882,45.1442114],[20.8333805,45.1408844],[20.8315571,45.1375945],[20.8298335,45.1344844],[20.8279768,45.1310449],[20.8262864,45.1279134],[20.8244045,45.1245312],[20.822665,45.1213749],[20.8210715,45.1184833],[20.8201092,45.1144798],[20.8155621,45.1158848],[20.8128483,45.1106704],[20.8106018,45.1062659],[20.8088982,45.1029255],[20.8078513,45.1008727],[20.8072156,45.0996049],[20.8056319,45.0964464],[20.802971,45.0911391],[20.8023256,45.0898518],[20.801319,45.0877386],[20.8007924,45.086633],[20.7997867,45.0845215],[20.7989686,45.0828037],[20.7988555,45.0825661],[20.7977409,45.0802259],[20.796201,45.0770837],[20.794617,45.0738515],[20.792756,45.0702886],[20.792874,45.0700257],[20.7931457,45.0695015],[20.7938078,45.0682807],[20.7941939,45.0655881],[20.7951349,45.0613102],[20.7952073,45.0606284],[20.7948936,45.059725],[20.7948936,45.0594012],[20.7954245,45.0584978],[20.7958588,45.0573217],[20.7960573,45.0568052],[20.7981532,45.0549222],[20.7967367,45.0543164],[20.7938319,45.053316],[20.7903867,45.0523584],[20.7890643,45.0519908],[20.7854856,45.0509961],[20.7847814,45.0508004],[20.780382,45.0495775],[20.7797618,45.0494051],[20.7796273,45.049309],[20.7779833,45.048134],[20.7770249,45.0472981],[20.7768687,45.0471619],[20.7730864,45.0450678],[20.7727832,45.0448998],[20.7737962,45.0441121],[20.7825646,45.0388084],[20.7881054,45.0356042],[20.7902445,45.0343164],[20.7940253,45.0320764],[20.7961724,45.0307554],[20.8002964,45.0282179],[20.800558,45.02805690000001],[20.8096425,45.0224667],[20.8160721,45.0186552],[20.8185706,45.0198698],[20.8223789,45.0220283],[20.8246467,45.019958],[20.8275065,45.0173473],[20.8300559,45.0150276],[20.8304837,45.0151172],[20.8395158,45.00671530000001],[20.8490077,44.9983018],[20.8756552,44.9739645],[20.9111088,44.9928622]]]}},{"type":"Feature","properties":{"id":"33768554B30948132867080","name":"Bela Crkva","district":"RS-04"},"geometry":{"type":"Polygon","coordinates":[[[21.30646370000005,44.8132882000001],[21.32461239999992,44.8195536],[21.3274513,44.82176570000007],[21.330775800000083,44.823164300000144],[21.33264412077517,44.823420059955595],[21.334708800000044,44.823702700000126],[21.34076666681659,44.82360362758868],[21.342297000000144,44.82357860000013],[21.34273166677866,44.82358408933675],[21.347982400000035,44.82365040000002],[21.358327499999916,44.822518900000034],[21.355052700000044,44.8267414],[21.354758700000048,44.82921170000009],[21.359190899999987,44.82983340000004],[21.36044019999997,44.83175610000012],[21.354752800000085,44.83223140000001],[21.355493,44.83417],[21.355709700000034,44.8360204],[21.354656100000113,44.83745220000014],[21.35321149999993,44.83951660000008],[21.354280599999925,44.84110540000012],[21.360270200000116,44.840741800000046],[21.35710839999996,44.84396740000011],[21.358753,44.846874200000116],[21.357320500000128,44.849724500000036],[21.3607758,44.856087299999956],[21.358012700000018,44.859928500000024],[21.35842679999996,44.86063150000007],[21.359303,44.86214030000008],[21.36286730000006,44.86231759999998],[21.37098179999998,44.86779510000002],[21.37493770000009,44.86670010000006],[21.3817856,44.86629330000011],[21.38679609999997,44.868729200000075],[21.3894434,44.86909240000011],[21.39625170000005,44.86789640000006],[21.401641199999915,44.86859470000013],[21.40647869999998,44.86708420000002],[21.408354799999927,44.86940190000013],[21.415156799999977,44.86987879999998],[21.416805900000043,44.8709485],[21.426252600000055,44.87241320000004],[21.429522600000098,44.86995370000011],[21.4346337,44.871396200000106],[21.437141800000063,44.8707104],[21.438878900000077,44.86858330000007],[21.442640799999936,44.8680349],[21.442929600000014,44.86920160000005],[21.441385199999957,44.87194649999998],[21.4419633,44.87338790000007],[21.446498600000098,44.874846600000126],[21.450066200000037,44.871741700000086],[21.451513100000057,44.87139869999993],[21.45141590000003,44.87434980000006],[21.457879000000105,44.872153900000114],[21.459229700000094,44.87036950000004],[21.465209800000025,44.86741840000013],[21.46955020000013,44.8709182],[21.476688,44.87119180000008],[21.483536,44.869818],[21.48662330000002,44.872082],[21.498392600000045,44.87454920000005],[21.515,44.883889000000124],[21.519167,44.885278],[21.523889,44.886111],[21.528889,44.886944],[21.533611,44.8875000000001],[21.538889,44.887778],[21.543611,44.888611],[21.548611,44.889444],[21.552778,44.890833],[21.555833,44.893333],[21.558611,44.896111],[21.559722,44.900556],[21.559741200000076,44.90084310000009],[21.56,44.904722],[21.559722,44.90861100000012],[21.558611,44.911944],[21.55750000000012,44.915278],[21.556389,44.91861100000011],[21.554444,44.921667],[21.552500000000123,44.924722],[21.551389,44.928056],[21.548889,44.930833],[21.546944,44.933889],[21.544167,44.936389],[21.540833,44.938611],[21.536667,44.940556],[21.5325,44.9425],[21.527778,44.944167],[21.521389000000113,44.94472200000013],[21.515,44.945556],[21.509444,44.946667],[21.504444,44.948333],[21.500278,44.95027800000014],[21.495556,44.9516670000001],[21.491389,44.953611],[21.488056,44.955833],[21.483889,44.957778],[21.479722,44.95972200000011],[21.475556,44.961667],[21.470833,44.96305600000011],[21.465,44.964167],[21.459167,44.964444],[21.454444,44.963611],[21.450278,44.962222],[21.445833000000107,44.961111],[21.441111,44.960278],[21.435278,44.960556],[21.429722,44.961667],[21.425556,44.963611],[21.421389,44.965278],[21.417222,44.967222],[21.413056,44.969167],[21.4088890000001,44.971111],[21.405556,44.973333],[21.403611,44.976389],[21.404722000000106,44.98000000000013],[21.407222,44.982778],[21.410556,44.985278],[21.412222,44.98916700000012],[21.4125,44.993333],[21.408333,44.995278],[21.401389,44.996667],[21.396486899999957,44.99578859999997],[21.390916900000093,44.997578],[21.386614800000075,44.99922840000005],[21.3832003,45.001441099999965],[21.3873372,45.00371870000009],[21.385951400000067,45.00438889999998],[21.3831224,45.0053102],[21.379193400000133,45.0076851],[21.377364599999964,45.00607750000006],[21.37250270000004,45.0099113],[21.366996600000107,45.01461780000005],[21.363626300000135,45.01742760000002],[21.360708899999963,45.019716],[21.3552134,45.0185494],[21.351638199999968,45.0159397],[21.3495805,45.0135689],[21.3460369,45.0094858],[21.3463283,45.0082506],[21.3511664,45.00351830000001],[21.351942,45.00111689999994],[21.3558108,44.9984425],[21.3568755,44.9967275],[21.3556204,44.9950798],[21.3511767,44.99281280000001],[21.346925,44.9919183],[21.3368841,44.9834711],[21.3326333,44.9827132],[21.3258434,44.9741737],[21.3252104,44.9704238],[21.3261831,44.9657581],[21.333799399999975,44.959826],[21.3304488,44.95457540000007],[21.32445169999994,44.960747200000014],[21.319908699999928,44.96287090000004],[21.316334299999937,44.96307380000013],[21.3090831,44.9668416],[21.307055,44.9665653],[21.3055129,44.9646423],[21.304363099999932,44.95942580000013],[21.3009809,44.9603146],[21.298469899999986,44.9601062000001],[21.2974108,44.9583894],[21.29809,44.9568118],[21.293948699999987,44.95097450000003],[21.2921143,44.950698],[21.2905647,44.9528237],[21.2880569,44.9513112],[21.2857355,44.9530243],[21.2787832,44.9525357],[21.2700989,44.9428111],[21.2608918,44.9324965],[21.2500437,44.9383614],[21.2458962,44.9369142],[21.2415504,44.9373194],[21.2299551,44.9404578],[21.22908239999998,44.94162290000003],[21.2285721,44.9503372],[21.2303996,44.9526734],[21.2246046,44.9528696],[21.2074021,44.956545],[21.2062394,44.9576408],[21.168735,44.96380080000006],[21.16058,44.9526748],[21.166877399999976,44.94781670000003],[21.1591777,44.9421039],[21.134111,44.9547391],[21.1296971,44.9526552],[21.180169199999966,44.91360530000003],[21.1635128,44.8996369],[21.2128273,44.8681003],[21.2036082,44.8577902],[21.2405007,44.8369908],[21.2578974,44.8543773],[21.289373799999964,44.837090900000135],[21.2844983,44.8310677],[21.2766563,44.8249359],[21.2658934,44.8128327],[21.2730536,44.8106822],[21.28760649999998,44.79454720000007],[21.28946120000012,44.7940266],[21.29524729999997,44.79453680000006],[21.299256,44.79522760000003],[21.29016750000011,44.80853539999998],[21.3016025,44.81181370000013],[21.30646370000005,44.8132882000001]]]}},{"type":"Feature","properties":{"id":"33768554B31931832207402","name":"Kovačica","district":"RS-04"},"geometry":{"type":"Polygon","coordinates":[[[20.7727832,45.0448998],[20.7730864,45.0450678],[20.7768687,45.0471619],[20.7770249,45.0472981],[20.7779833,45.048134],[20.7796273,45.049309],[20.7797618,45.0494051],[20.780382,45.0495775],[20.7847814,45.0508004],[20.7854856,45.0509961],[20.7890643,45.0519908],[20.7903867,45.0523584],[20.7938319,45.053316],[20.7967367,45.0543164],[20.7981532,45.0549222],[20.7960573,45.0568052],[20.7958588,45.0573217],[20.7954245,45.0584978],[20.7948936,45.0594012],[20.7948936,45.059725],[20.7952073,45.0606284],[20.7951349,45.0613102],[20.7941939,45.0655881],[20.7938078,45.0682807],[20.7931457,45.0695015],[20.792874,45.0700257],[20.792756,45.0702886],[20.794617,45.0738515],[20.796201,45.0770837],[20.7977409,45.0802259],[20.7988555,45.0825661],[20.7989686,45.0828037],[20.7997867,45.0845215],[20.8007924,45.086633],[20.801319,45.0877386],[20.8023256,45.0898518],[20.802971,45.0911391],[20.8056319,45.0964464],[20.8072156,45.0996049],[20.8078513,45.1008727],[20.8088982,45.1029255],[20.8106018,45.1062659],[20.8128483,45.1106704],[20.8155621,45.1158848],[20.8201092,45.1144798],[20.8210715,45.1184833],[20.822665,45.1213749],[20.8244045,45.1245312],[20.8262864,45.1279134],[20.8279768,45.1310449],[20.8298335,45.1344844],[20.8315571,45.1375945],[20.8333805,45.1408844],[20.8350882,45.1442114],[20.8366729,45.1472988],[20.8307504,45.1490365],[20.8277464,45.1499198],[20.8234391,45.1512147],[20.8227114,45.1512933],[20.8195331,45.151994],[20.8192164,45.1520826],[20.8176799,45.15251220000001],[20.817093,45.152474],[20.816092,45.1531841],[20.8147407,45.1551206],[20.8136666,45.1566089],[20.8126048,45.1587358],[20.8120219,45.1604858],[20.8119891,45.160583],[20.8118086,45.161203],[20.8112536,45.1619856],[20.8104217,45.1625847],[20.8101195,45.16280230000001],[20.8103849,45.1632276],[20.8098703,45.1641536],[20.8096851,45.1644866],[20.8096128,45.1656095],[20.8094226,45.16571320000001],[20.8086914,45.1660387],[20.8080283,45.16636290000001],[20.8072009,45.166789],[20.8071024,45.1668397],[20.8043558,45.168254],[20.8040423,45.1684071],[20.8026936,45.1690657],[20.8022805,45.1692674],[20.8014565,45.1697437],[20.8009437,45.1700478],[20.800687,45.1702],[20.8005558,45.1702778],[20.7971945,45.1723404],[20.7953789,45.1733926],[20.7947789,45.1736037],[20.7942463,45.1739116],[20.7939049,45.1741089],[20.7893777,45.1767257],[20.7890978,45.1768875],[20.7838726,45.1801465],[20.7802321,45.1820116],[20.7796694,45.18233690000001],[20.7786206,45.182943],[20.7787014,45.1830558],[20.7835645,45.1898446],[20.7841674,45.1906862],[20.7875111,45.1953534],[20.7955968,45.2066379],[20.7958067,45.20693090000001],[20.8023975,45.2161274],[20.8038305,45.2171653],[20.8050623,45.2180575],[20.8056058,45.2188527],[20.8056536,45.2189227],[20.8060425,45.2194917],[20.809085,45.2215019],[20.8096888,45.2219009],[20.801849,45.22314],[20.7955962,45.22412830000001],[20.784421,45.2089437],[20.7836937,45.20911680000001],[20.783335,45.2085272],[20.7672371,45.2141626],[20.7654495,45.2139313],[20.7647137,45.2139599],[20.7563147,45.2007773],[20.7457636,45.18293580000001],[20.7416986,45.1764466],[20.7368426,45.1678466],[20.7323408,45.16901890000001],[20.7257973,45.1761094],[20.7188158,45.1831647],[20.677319,45.1970115],[20.6903816,45.2061685],[20.6876749,45.2076179],[20.6891449,45.2097408],[20.6866269,45.2104346],[20.6850646,45.20899820000001],[20.6818765,45.2110665],[20.6778007,45.2110098],[20.6277502,45.2310465],[20.6276257,45.22631180000001],[20.6295556,45.2243855],[20.6294478,45.222533],[20.6262465,45.22281550000001],[20.625175,45.222132],[20.617234,45.2252394],[20.5958408,45.2361314],[20.5893333,45.235528],[20.584663,45.2369776],[20.5814741,45.2363683],[20.5766063,45.2335651],[20.5756279,45.2319888],[20.5749002,45.222108900000016],[20.5737229,45.2195037],[20.5754326,45.2118831],[20.5742575,45.2096897],[20.5712392,45.2075686],[20.5674602,45.2086741],[20.5590595,45.208226],[20.555334,45.2093154],[20.5538843,45.210622],[20.5521389,45.2108998],[20.5485241,45.20534820000001],[20.5470735,45.2064488],[20.5501125,45.2134425],[20.549926,45.2151584],[20.5482622,45.2163252],[20.5396331,45.213736],[20.5400297,45.2157254],[20.5391627,45.2172365],[20.537707,45.2172391],[20.5299982,45.2069592],[20.5283446,45.20593270000001],[20.5215652,45.2091691],[20.5189444,45.2089674],[20.5189282,45.2047816],[20.5178551,45.2032737],[20.513588,45.2038294],[20.5120467,45.2067825],[20.5086578,45.208709],[20.5007023,45.20913250000001],[20.4979909,45.2107147],[20.4992575,45.21215390000001],[20.5105316,45.2168033],[20.5112179,45.218655],[20.5096716,45.2204415],[20.5071518,45.2214059],[20.505014,45.220723],[20.5009224,45.2164058],[20.4905124,45.2088037],[20.4873941,45.204828],[20.4861164,45.1998891],[20.4882339,45.1948084],[20.4882218,45.1911715],[20.4854856,45.19331930000001],[20.477994,45.1971281],[20.4767703,45.1968716],[20.4763053,45.19619620000001],[20.4764214,45.1954437],[20.4767313,45.1944398],[20.4762829,45.191637],[20.4765046,45.1911076],[20.4768873,45.1901943],[20.4770824,45.189462],[20.4772357,45.1888865],[20.4772992,45.1886481],[20.478369,45.1879958],[20.4800456,45.1876386],[20.4811374,45.1872126],[20.4820239,45.1864966],[20.4824932,45.1857858],[20.4832518,45.1852792],[20.4819449,45.1835898],[20.4805846,45.1825888],[20.4796107,45.182589],[20.4902178,45.1789543],[20.4967981,45.1772695],[20.4988417,45.1767463],[20.5077643,45.1768703],[20.5130938,45.1756954],[20.5266231,45.1638018],[20.5358915,45.1543157],[20.5918225,45.1159782],[20.5926548,45.1082899],[20.5956723,45.1063312],[20.6024538,45.1011608],[20.5909322,45.1001493],[20.5720732,45.0673089],[20.5714054,45.0600214],[20.5733183,45.0552817],[20.5793802,45.0481995],[20.5809016,45.0427742],[20.5854808,45.0399263],[20.5987531,45.0316692],[20.6040449,45.028376],[20.606225,45.0200659],[20.6075411,45.0130619],[20.6282461,44.9813668],[20.623017,44.9795276],[20.6241334,44.9776568],[20.6258888,44.9747152],[20.6397333,44.9790704],[20.6383136,44.9841537],[20.6445122,44.9863329],[20.6479437,44.9784297],[20.6568465,44.9815904],[20.7160556,45.0025846],[20.6986248,45.0261865],[20.7392834,45.0436204],[20.7607114,45.0396092],[20.7727832,45.0448998]]]}},{"type":"Feature","properties":{"id":"33768554B17937032447528","name":"Kovin","district":"RS-04"},"geometry":{"type":"Polygon","coordinates":[[[20.79980829999994,44.65912179999998],[20.8169126,44.6628751],[20.8224631,44.6605451],[20.8317171,44.659037],[20.8355466,44.6586224],[20.854932,44.66050280000001],[20.8862983,44.6655235],[20.910779,44.6675551],[20.9190193,44.6701298],[20.9323374,44.6794273],[20.9681333,44.7049831],[20.984623,44.71453],[20.9948381,44.7190787],[21.0068565,44.7215272],[21.0168279,44.7213554],[21.0366585,44.7187766],[21.0432146,44.7174102],[21.0615025,44.7183462],[21.0648193,44.71873030000001],[21.0737995,44.7196044],[21.0772842,44.72071490000001],[21.0827027,44.7226048],[21.086920499999962,44.72440030000013],[21.0886816,44.7251794],[21.095506099999966,44.72787260000001],[21.1073318,44.73254020000001],[21.1172598,44.7327697],[21.123297299999933,44.73535970000012],[21.1265649,44.7366795],[21.128409299999987,44.73685310000002],[21.1310832,44.7370527],[21.1343593,44.7372049],[21.139500399999974,44.737284500000044],[21.142183699999975,44.73756129999998],[21.148077399999977,44.73937180000007],[21.1506133,44.74074],[21.1567832,44.74420969999994],[21.161114,44.750210299999935],[21.1670069,44.75775410000011],[21.1720251,44.7628876],[21.1733047,44.7648183],[21.173977699999966,44.76546360000009],[21.1848499,44.7758881],[21.237854,44.7895683],[21.265381,44.79516510000001],[21.28760649999998,44.79454720000007],[21.2730536,44.8106822],[21.2658934,44.8128327],[21.2766563,44.8249359],[21.2844983,44.8310677],[21.289373799999964,44.837090900000135],[21.2578974,44.8543773],[21.2405007,44.8369908],[21.2036082,44.8577902],[21.2128273,44.8681003],[21.1635128,44.8996369],[21.1520001,44.9066788],[21.1326999,44.8918265],[21.0518522,44.9368678],[21.0619747,44.9452817],[21.0574635,44.9475448],[21.0243498,44.9641541],[21.0255851,44.9671777],[21.0064587,44.9772389],[20.9768092,44.9504545],[20.9630245,44.9765484],[20.9433093,44.9896411],[20.921832,45.0075662],[20.9186897,45.0101874],[20.9064918,45.0173117],[20.8981382,45.0063199],[20.9111088,44.9928622],[20.919627,44.9234613],[20.9531064,44.9002061],[20.9497745,44.894703],[20.9153338,44.8840594],[20.8678383,44.8693579],[20.819857,44.8464958],[20.8143167,44.8438535],[20.8045315,44.8391854],[20.7974114,44.8292664],[20.794068,44.8266408],[20.8135759,44.8219438],[20.8133479,44.8161105],[20.8114375,44.8145908],[20.8106017,44.8116359],[20.8112929,44.8102734],[20.8117817,44.8093094],[20.8125011,44.8088592],[20.8175082,44.8050174],[20.8187925,44.8018679],[20.8186298,44.7989854],[20.8214997,44.7914531],[20.8257412,44.79092630000001],[20.8511394,44.79277110000001],[20.8448757,44.7836142],[20.8501692,44.7837093],[20.8503944,44.7826312],[20.8605649,44.7338784],[20.8602232,44.72941680000001],[20.8572453,44.7271804],[20.8377915,44.7125636],[20.823394,44.6914942],[20.8206574,44.6913051],[20.7997686,44.6898597],[20.7997799,44.6856665],[20.79980829999994,44.65912179999998]]]}},{"type":"Feature","properties":{"id":"33768554B39213390041718","name":"Opovo","district":"RS-04"},"geometry":{"type":"Polygon","coordinates":[[[20.606225,45.0200659],[20.6040449,45.028376],[20.5987531,45.0316692],[20.5854808,45.0399263],[20.5809016,45.0427742],[20.5793802,45.0481995],[20.5733183,45.0552817],[20.5714054,45.0600214],[20.5720732,45.0673089],[20.5909322,45.1001493],[20.6024538,45.1011608],[20.5956723,45.1063312],[20.5926548,45.1082899],[20.5918225,45.1159782],[20.5358915,45.1543157],[20.5266231,45.1638018],[20.5130938,45.1756954],[20.5077643,45.1768703],[20.4988417,45.1767463],[20.4967981,45.1772695],[20.4902178,45.1789543],[20.4796107,45.182589],[20.4742943,45.1837773],[20.4707264,45.1841621],[20.4694658,45.1836465],[20.4696641,45.1818901],[20.4709918,45.1713623],[20.4666323,45.1728086],[20.4649813,45.1719871],[20.4654522,45.1672517],[20.4643849,45.1669785],[20.4602239,45.1700025],[20.4582857,45.1704164],[20.4577958,45.16863290000001],[20.4661159,45.16210430000001],[20.4585277,45.1529866],[20.4586194,45.1511336],[20.4652963,45.1470773],[20.4661634,45.1452921],[20.4646102,45.1444705],[20.4577244,45.1450903],[20.4519944,45.1387891],[20.448405,45.1374891],[20.4444169,45.131729],[20.4346304,45.13215030000001],[20.4330779,45.1313283],[20.4349149,45.1295424],[20.4522529,45.12678],[20.4523461,45.1254075],[20.4455463,45.1187584],[20.4412781,45.1157743],[20.4284667,45.1064229],[20.4237168,45.1047801],[20.4188678,45.1019021],[20.4170181,45.0973745],[20.4159319,45.0871507],[20.4140876,45.0849563],[20.4116645,45.083723],[20.416016,45.0809747],[20.4176562,45.0782285],[20.4159957,45.07107920000004],[20.4167593,45.0658772],[20.414514399999973,45.0566149],[20.415664,45.0508496],[20.4199146,45.0474835],[20.420967599999926,45.04212990000002],[20.4246358,45.0379397],[20.4256925,45.0348514],[20.4279137,45.0331338],[20.4329414,45.03196230000003],[20.4401873,45.02818050000013],[20.4411473,45.0255034],[20.4512506,45.0214831],[20.4542885,45.0199283],[20.4573701,45.0154654],[20.4627674,45.011323],[20.4751992,44.9953345],[20.479348399999935,44.99285809999998],[20.486403399999972,44.992299000000116],[20.4882315,44.9896883],[20.4906447,44.9886553],[20.4972165,44.988302],[20.519919,45.0100891],[20.5674151,45.0139779],[20.606225,45.0200659]]]}},{"type":"Feature","properties":{"id":"33768554B74061497044611","name":"Plandište","district":"RS-04"},"geometry":{"type":"Polygon","coordinates":[[[21.1082337,45.1215562],[21.1445336,45.1452526],[21.1493003,45.1483618],[21.164981,45.1585866],[21.1853899,45.1718857],[21.221882,45.1956406],[21.2319276,45.2024795],[21.2174321,45.215947],[21.2108121,45.2467039],[21.2188982,45.25029],[21.2154827,45.2534512],[21.209275,45.2592585],[21.2060301,45.26236590000001],[21.2026245,45.26534870000001],[21.2052944,45.2695485],[21.2072951,45.2724154],[21.2087989,45.2751465],[21.2031882,45.2782933],[21.1989878,45.2805346],[21.1958133,45.28257210000001],[21.1939373,45.2841173],[21.1913156,45.2867095],[21.1903375,45.2899527],[21.1897442,45.292494],[21.1896039,45.2945741],[21.1894997,45.296119200000014],[21.1887018,45.29793890000001],[21.1873786,45.3000387],[21.1857545,45.3015923],[21.1840381,45.303262],[21.1830635,45.3051948],[21.1808576,45.3078606],[21.1801313,45.3111122],[21.1805321,45.3139252],[21.183773,45.3159404],[21.1804636,45.3186881],[21.1835402,45.3206382],[21.1808243,45.3233464],[21.178955,45.3222708],[21.1759699,45.3252082],[21.1732904,45.3236288],[21.1701978,45.3219165],[21.1663875,45.31958439999999],[21.1651961,45.3197229],[21.1650191,45.321087],[21.1645934,45.3223831],[21.1647176,45.3230425],[21.1615435,45.3250204],[21.1569434,45.3218873],[21.1526484,45.319241],[21.1538884,45.3183893],[21.1495056,45.3157996],[21.1540644,45.3120814],[21.1494536,45.3091267],[21.1444436,45.304609],[21.1389497,45.3047183],[21.1335563,45.3045929],[21.1280826,45.3044051],[21.1230315,45.3029809],[21.1195601,45.3019087],[21.1140556,45.3009455],[21.1097734,45.3006199],[21.102667,45.2984104],[21.0983706,45.2970717],[21.0962676,45.29574860000001],[21.0936266,45.2997681],[21.0891202,45.3063445],[21.0850155,45.31198159999999],[21.0831293,45.3148356],[21.080982,45.3177998],[21.0755629,45.3155886],[21.0708735,45.3138193],[21.0711996,45.3152006],[21.0705728,45.3157149],[21.0688884,45.315656],[21.0671446,45.3152377],[21.0640368,45.3150099],[21.0607909,45.3155516],[21.0617452,45.321244],[21.0624358,45.3246635],[21.0631137,45.3282613],[21.0637029,45.3319156],[21.0576196,45.3307498],[21.0439248,45.3285434],[21.0289673,45.3262929],[21.0216131,45.3252018],[21.0171231,45.3242108],[21.0123032,45.3241181],[21.007082,45.3234893],[20.9468385,45.3161632],[20.9002651,45.302482],[20.8957251,45.299766],[20.8744357,45.2870236],[20.8690583,45.2838035],[20.8239748,45.2740648],[20.8624155,45.2572847],[20.887028,45.2458409],[20.9168563,45.2319688],[20.9332351,45.2243452],[20.9334644,45.2242384],[20.9532349,45.2150347],[20.9636595,45.2101762],[20.9667532,45.20873430000001],[20.9915166,45.1971912],[21.0166327,45.18547],[21.0219355,45.182995],[21.0245703,45.1817652],[21.0679826,45.1614767],[21.1034631,45.1448738],[21.1082337,45.1215562]]]}},{"type":"Feature","properties":{"id":"33768554B50047063865765","name":"Vršac","district":"RS-04"},"geometry":{"type":"Polygon","coordinates":[[[21.0619747,44.9452817],[21.0518522,44.9368678],[21.1326999,44.8918265],[21.1520001,44.9066788],[21.1635128,44.8996369],[21.180169199999966,44.91360530000003],[21.1296971,44.9526552],[21.134111,44.9547391],[21.1591777,44.9421039],[21.166877399999976,44.94781670000003],[21.16058,44.9526748],[21.168735,44.96380080000006],[21.2062394,44.9576408],[21.2074021,44.956545],[21.2246046,44.9528696],[21.2303996,44.9526734],[21.2285721,44.9503372],[21.22908239999998,44.94162290000003],[21.2299551,44.9404578],[21.2415504,44.9373194],[21.2458962,44.9369142],[21.2500437,44.9383614],[21.2608918,44.9324965],[21.2700989,44.9428111],[21.2787832,44.9525357],[21.2857355,44.9530243],[21.2880569,44.9513112],[21.2905647,44.9528237],[21.2921143,44.950698],[21.293948699999987,44.95097450000003],[21.29809,44.9568118],[21.2974108,44.9583894],[21.298469899999986,44.9601062000001],[21.3009809,44.9603146],[21.304363099999932,44.95942580000013],[21.3055129,44.9646423],[21.307055,44.9665653],[21.3090831,44.9668416],[21.316334299999937,44.96307380000013],[21.319908699999928,44.96287090000004],[21.32445169999994,44.960747200000014],[21.3304488,44.95457540000007],[21.333799399999975,44.959826],[21.3261831,44.9657581],[21.3252104,44.9704238],[21.3258434,44.9741737],[21.3326333,44.9827132],[21.3368841,44.9834711],[21.346925,44.9919183],[21.3511767,44.99281280000001],[21.3556204,44.9950798],[21.3568755,44.9967275],[21.3558108,44.9984425],[21.351942,45.00111689999994],[21.3511664,45.00351830000001],[21.3463283,45.0082506],[21.3460369,45.0094858],[21.3495805,45.0135689],[21.351638199999968,45.0159397],[21.3552134,45.0185494],[21.360708899999963,45.019716],[21.3627664,45.0216883],[21.3645992,45.0232366],[21.3664244,45.0249037],[21.3685046,45.025209],[21.369937,45.02513610000001],[21.3719869,45.025917],[21.3736789,45.0270438],[21.3746318,45.0279084],[21.3758701,45.0282462],[21.3764606,45.0282056],[21.3764411,45.0271925],[21.3764215,45.02617930000001],[21.377271,45.026028],[21.377641,45.0268143],[21.3781861,45.027487],[21.378396,45.028149],[21.3791617,45.027995],[21.3789632,45.0271547],[21.3791761,45.0264468],[21.3799229,45.0265901],[21.3801252,45.0273709],[21.3807655,45.0278681],[21.3815274,45.0277736],[21.3815614,45.0272386],[21.3809362,45.0265036],[21.3805776,45.02553910000001],[21.3811296,45.0247825],[21.3819752,45.0246907],[21.3827832,45.02519330000001],[21.383237,45.02598230000001],[21.3838471,45.0269549],[21.3840495,45.0277358],[21.3842745,45.02816],[21.3849375,45.0283005],[21.3855506,45.0279034],[21.3858474,45.027198],[21.3865142,45.0272787],[21.3867242,45.0279405],[21.3877113,45.0282695],[21.388622,45.028477],[21.3893426,45.02903580000001],[21.3904286,45.0291297],[21.3907139,45.0286027],[21.390519,45.0277039],[21.3905566,45.0271087],[21.3914325,45.0265408],[21.3923471,45.0266888],[21.3927172,45.0274748],[21.3930299,45.0278421],[21.3938983,45.027393],[21.3944813,45.027471],[21.3949579,45.027903],[21.3945887,45.0284274],[21.3945474,45.0290812],[21.3945135,45.0296162],[21.3949251,45.0297484],[21.395736,45.0288806],[21.3965017,45.0287261],[21.3975001,45.0288768],[21.3973599,45.0297658],[21.3968118,45.0304632],[21.3967667,45.0311765],[21.3976775,45.031384],[21.398706,45.0310591],[21.3993492,45.0301861],[21.4004916,45.0293883],[21.4015776,45.0294822],[21.4016201,45.0301387],[21.4014762,45.0310872],[21.4010695,45.032206],[21.4018703,45.0328269],[21.4032003,45.0330476],[21.403403,45.0338283],[21.4031791,45.0347147],[21.4040675,45.0352788],[21.4051273,45.0357888],[21.4052462,45.0365668],[21.4053764,45.0371666],[21.4059708,45.0370663],[21.4061834,45.03635830000001],[21.406998,45.035431],[21.4081904,45.03517090000001],[21.4107593,45.0357286],[21.4148673,45.0358585],[21.4178816,45.0360134],[21.4200464,45.0363201],[21.4212239,45.0362978],[21.4213488,45.0356466],[21.4204938,45.0345474],[21.4205499,45.0336558],[21.4213492,45.0329663],[21.4223161,45.0322822],[21.4234711,45.0326165],[21.4243522,45.0332995],[21.4251922,45.0346364],[21.4254903,45.0352415],[21.4264125,45.0352706],[21.4267478,45.0352812],[21.4271893,45.0349378],[21.4280277,45.0349643],[21.4318505,45.0356213],[21.4414862,45.0373554],[21.4561996,45.0398458],[21.4532841,45.0461862],[21.4516545,45.0494106],[21.4507193,45.0509296],[21.4490183,45.0526031],[21.4482619,45.0539491],[21.4489015,45.0558157],[21.4500591,45.0574605],[21.4512985,45.0577975],[21.4518076,45.0590644],[21.4513251,45.0600617],[21.4507009,45.0606376],[21.4513496,45.0610155],[21.4532341,45.0617898],[21.4550051,45.0630371],[21.4564652,45.0652275],[21.4575997,45.06859820000001],[21.4584077,45.0704696],[21.4595587,45.0722325],[21.4623445,45.0733908],[21.4648565,45.0748981],[21.4668605,45.077819],[21.468129,45.0790495],[21.4707724,45.0811564],[21.4742587,45.0832299],[21.4747825,45.0856285],[21.4786483,45.0883689],[21.4817268,45.0902511],[21.4834413,45.0910785],[21.4826522,45.09295990000001],[21.4815126,45.0950688],[21.4789536,45.0970145],[21.475661,45.0985802],[21.4726191,45.1015235],[21.4713443,45.1030921],[21.4711312,45.10517],[21.4717779,45.1096571],[21.4748648,45.1114204],[21.4755238,45.1143592],[21.4772169,45.1155433],[21.4781868,45.1175389],[21.4787431,45.12077230000001],[21.4815094,45.1222875],[21.4853453,45.1241932],[21.4881709,45.1247572],[21.4910701,45.124132300000014],[21.4932202,45.124735],[21.4962762,45.1242937],[21.4978932,45.125356300000014],[21.5024966,45.1271071],[21.5027371,45.1286631],[21.5140883,45.1328864],[21.5231367,45.1362639],[21.5273109,45.1381794],[21.5278557,45.1416503],[21.528481,45.1451832],[21.5289453,45.1472223],[21.5273827,45.1507483],[21.524498,45.1566163],[21.5233989,45.1594411],[21.5211161,45.16234830000001],[21.5179782,45.1668372],[21.5147595,45.171264],[21.5099255,45.170459],[21.5072326,45.170435],[21.5019197,45.171938],[21.4985067,45.172666],[21.4962816,45.1718823],[21.495094,45.1720242],[21.4933618,45.1728043],[21.4907255,45.1773087],[21.4878729,45.1825807],[21.4853744,45.1875658],[21.4841024,45.19010590000001],[21.4829143,45.191959],[21.444065,45.2015887],[21.4425422,45.2003493],[21.4403076,45.2010528],[21.4381229,45.2018963],[21.4361746,45.2036851],[21.4353606,45.2061977],[21.4344472,45.2084912],[21.4329594,45.2107073],[21.4321126,45.21211],[21.4300156,45.2132944],[21.4239223,45.2163773],[21.4175948,45.219155],[21.4135816,45.2199809],[21.4108299,45.2208467],[21.4101808,45.2217791],[21.409548,45.2237841],[21.4062196,45.2257634],[21.4045459,45.2269016],[21.4029875,45.2288773],[21.4016169,45.2265706],[21.3953145,45.21833020000001],[21.3903265,45.2198995],[21.3811408,45.2225271],[21.3696376,45.22579380000001],[21.3600453,45.22161220000001],[21.3564479,45.22381880000001],[21.3514508,45.2268141],[21.3479215,45.2292612],[21.3436309,45.2317433],[21.3380708,45.232993],[21.3395117,45.2354817],[21.3369533,45.235935],[21.3337181,45.2364261],[21.332851,45.2341942],[21.3290649,45.23538220000001],[21.3253055,45.2361541],[21.3262673,45.2395207],[21.3210048,45.2400653],[21.3203412,45.237304],[21.3154192,45.2378001],[21.311675,45.23833420000001],[21.3052385,45.2387813],[21.3057537,45.2399296],[21.300931,45.2401906],[21.2922784,45.2422897],[21.2863337,45.237805],[21.2800807,45.2328932],[21.2756997,45.2297486],[21.2749081,45.229742],[21.2744998,45.2297448],[21.2703665,45.2319176],[21.263807,45.2355134],[21.2582915,45.2386075],[21.2517146,45.2424409],[21.2515283,45.2425142],[21.2459164,45.2446917],[21.2373582,45.2478641],[21.228198,45.2511953],[21.2235394,45.252769],[21.2188982,45.25029],[21.2108121,45.2467039],[21.2174321,45.215947],[21.2319276,45.2024795],[21.221882,45.1956406],[21.1853899,45.1718857],[21.164981,45.1585866],[21.1493003,45.1483618],[21.1445336,45.1452526],[21.1082337,45.1215562],[21.1013147,45.120008],[21.1044327,45.1024301],[21.1065299,45.10210210000001],[21.1057002,45.0980638],[21.107316,45.0964299],[21.106786,45.0949103],[21.0954372,45.0572329],[21.0960486,45.0569552],[21.0807682,45.0085291],[21.0841282,45.0080907],[21.0798747,44.9941674],[21.082907,44.989584],[21.0875921,44.9844627],[21.0848227,44.9786905],[21.0912135,44.976033],[21.0905606,44.9723738],[21.0818469,44.9589118],[21.0787815,44.9541753],[21.0767806,44.9522356],[21.0703324,44.9459838],[21.0619747,44.9452817]]]}},{"type":"Feature","properties":{"id":"33768554B46379077813039","name":"Čoka","district":"RS-03"},"geometry":{"type":"Polygon","coordinates":[[[20.4061181,45.9652404],[20.3956888,45.9714916],[20.3876847,45.9762917],[20.3830285,45.978844],[20.3792335,45.981312],[20.3715118,45.9857661],[20.3611366,45.99225890000001],[20.3569067,45.9948271],[20.3517015,45.9977742],[20.3479736,45.9994108],[20.3481893,45.9998961],[20.3503194,45.9999823],[20.3515974,46.000034],[20.3527051,46.0000787],[20.3527305,46.0007947],[20.3525657,46.0017413],[20.35206,46.0026741],[20.3520705,46.0035682],[20.3528529,46.0044339],[20.3537454,46.0050062],[20.3561064,46.0053995],[20.3575905,46.0060553],[20.357376,46.0075956],[20.3551176,46.011079],[20.3450002,46.0287215],[20.3428711,46.0326855],[20.3407618,46.0364119],[20.3394896,46.0413643],[20.3361829,46.0418224],[20.3327305,46.0342786],[20.3185459,46.0305091],[20.2885961,46.0154718],[20.2628216,46.00251810000001],[20.2619448,45.9892788],[20.2332132,45.9858354],[20.2171746,45.9852074],[20.1964114,45.9855335],[20.1590944,45.9945494],[20.1400892,45.9983666],[20.0817134,46.0014973],[20.0563985,45.99537990000001],[20.0608617,45.9913847],[20.0695893,45.9869199],[20.070124,45.9866416],[20.072262,45.9859148],[20.0745514,45.9855482],[20.0772024,45.9853249],[20.0798179,45.9854503],[20.0845192,45.9854204],[20.0876179,45.9856026],[20.0893697,45.9859009],[20.0937394,45.9867399],[20.0975517,45.9875708],[20.0995994,45.9879369],[20.1008674,45.9880692],[20.1017444,45.9878782],[20.1023747,45.9874548],[20.1026396,45.9868711],[20.1027158,45.9859117],[20.1015569,45.983816],[20.100421,45.9820688],[20.0983686,45.9796934],[20.0963801,45.9768084],[20.0944224,45.9733099],[20.0928369,45.9692403],[20.0914938,45.9659086],[20.0907055,45.9637672],[20.0908264,45.9617365],[20.0913415,45.960291],[20.0922284,45.9593101],[20.0940397,45.957721],[20.0954042,45.9563137],[20.0976238,45.9547611],[20.0982792,45.9540339],[20.0990106,45.9529203],[20.099334,45.9519088],[20.0992913,45.9505579],[20.0989287,45.949846],[20.0981416,45.9490642],[20.0968688,45.9483299],[20.0957028,45.9474488],[20.0946017,45.9465502],[20.0937873,45.9450781],[20.093321,45.9440264],[20.0931488,45.943493],[20.0925875,45.9407334],[20.0924215,45.9373031],[20.0925143,45.9361944],[20.0929253,45.9348696],[20.093956,45.9333418],[20.096006,45.9308962],[20.0975142,45.929329],[20.0998939,45.9267266],[20.1016456,45.9238791],[20.1029569,45.9207464],[20.1060512,45.9152639],[20.1095827,45.9106926],[20.1129452,45.9065041],[20.1133768,45.9061166],[20.1152545,45.9042536],[20.1173467,45.9024378],[20.1194549,45.9010621],[20.1221292,45.8999884],[20.1250708,45.8991256],[20.1289613,45.8983085],[20.1324038,45.8970398],[20.1334006,45.8965003],[20.1340037,45.8960829],[20.1337379,45.89511],[20.1337426,45.8938062],[20.1324874,45.8916579],[20.1307395,45.8884703],[20.1297983,45.8872619],[20.1284703,45.8858328],[20.1255894,45.88361],[20.1203015,45.8797113],[20.1183514,45.8782179],[20.112075,45.8744884],[20.1086056,45.8724973],[20.1041702,45.8702717],[20.1015705,45.868692],[20.1003517,45.8679887],[20.0966097,45.8667391],[20.0942116,45.8661731],[20.0908213,45.8652465],[20.0895013,45.8646826],[20.0882701,45.8640439],[20.0871232,45.8632951],[20.0861389,45.8619808],[20.0858117,45.8607257],[20.0849503,45.8563836],[20.0848711,45.8535864],[20.0867543,45.8431656],[20.0972661,45.8403724],[20.1006098,45.8384575],[20.1082718,45.8363443],[20.1252756,45.8278656],[20.1300942,45.8243057],[20.1367762,45.8208171],[20.142676,45.8160922],[20.1480129,45.80162439999999],[20.1460851,45.7894788],[20.1609918,45.78833310000001],[20.1640331,45.7898408],[20.1865789,45.7928865],[20.1917764,45.7926864],[20.2390886,45.8047951],[20.2453954,45.8115969],[20.250984,45.81455],[20.2534326,45.8191476],[20.2519499,45.8318376],[20.2493903,45.8408913],[20.2454912,45.8665984],[20.2451426,45.8686028],[20.2556442,45.8798895],[20.2592719,45.8829472],[20.263298,45.8841838],[20.2683056,45.8871355],[20.3043559,45.8972959],[20.3039635,45.9037439],[20.2973795,45.9187655],[20.2997383,45.9194517],[20.2984033,45.9230881],[20.296691,45.9277514],[20.2922674,45.927888],[20.2910876,45.9291911],[20.2948228,45.9331701],[20.29964,45.9357087],[20.3035728,45.9399618],[20.3118324,45.941814],[20.3153713,45.9386586],[20.3171412,45.9392072],[20.3193069,45.9466837],[20.3170464,45.9503193],[20.3086883,45.9558071],[20.3077052,45.9586194],[20.3091808,45.9604028],[20.3174433,45.9615685],[20.3171486,45.9628032],[20.3110501,45.9625978],[20.3087878,45.9632152],[20.3083946,45.96493],[20.3112475,45.966096],[20.3139035,45.9660959],[20.3157727,45.9669188],[20.3163647,45.9727492],[20.324041,45.9783043],[20.3308321,45.9815955],[20.3611059,45.9690035],[20.3795104,45.9613417],[20.4061181,45.9652404]]]}},{"type":"Feature","properties":{"id":"33768554B47565099292540","name":"Mali Iđoš","district":"RS-01"},"geometry":{"type":"Polygon","coordinates":[[[19.5855912,45.7247806],[19.5829093,45.7200295],[19.5764191,45.7144999],[19.5713104,45.7082238],[19.5691217,45.70333820000001],[19.5969136,45.6888337],[19.6168042,45.678444],[19.6261418,45.662759],[19.6124371,45.6551065],[19.6093438,45.653379],[19.5976254,45.6468346],[19.7048005,45.6110679],[19.717283,45.6138076],[19.7358821,45.6208302],[19.7410325,45.62394290000001],[19.7513438,45.6392934],[19.7499793,45.6589106],[19.7577366,45.6660145],[19.7745984,45.69381290000001],[19.778593,45.7036508],[19.7639757,45.7300613],[19.7666135,45.7307595],[19.7609868,45.7386775],[19.7562026,45.7454089],[19.7505484,45.7533633],[19.7482402,45.7566103],[19.7454974,45.7565286],[19.7382154,45.7648775],[19.7357827,45.7676663],[19.723413,45.7648992],[19.7178426,45.763653],[19.7122994,45.762412900000015],[19.7065554,45.7611278],[19.7016373,45.7600275],[19.6997041,45.759595],[19.6403404,45.7579023],[19.6053336,45.7361614],[19.5968481,45.7330832],[19.5855912,45.7247806]]]}},{"type":"Feature","properties":{"id":"33768554B55544577522793","name":"Nova Crnja","district":"RS-02"},"geometry":{"type":"Polygon","coordinates":[[[20.5350014,45.613192],[20.5491995,45.6276011],[20.5492392,45.6276413],[20.575215,45.6216234],[20.5732228,45.6141502],[20.6442633,45.5867199],[20.6491781,45.5848196],[20.6526718,45.5964721],[20.6701092,45.603147],[20.6872227,45.6048813],[20.6767973,45.637975],[20.6935672,45.6412605],[20.7556062,45.6537139],[20.7466308,45.6859973],[20.7478692,45.6888867],[20.7520224,45.6936471],[20.7535673,45.69413220000001],[20.7603257,45.69513960000001],[20.7706144,45.6942422],[20.7958867,45.6868823],[20.8011985,45.6964913],[20.8022244,45.6998058],[20.7989246,45.7018],[20.7988324,45.7021295],[20.7994992,45.7023979],[20.8010418,45.7019661],[20.8011486,45.7050678],[20.801251,45.7082289],[20.8012903,45.7119761],[20.8015048,45.7172932],[20.8024241,45.733352],[20.8024286,45.73782],[20.8047016,45.74267],[20.807846,45.7483863],[20.8157863,45.7491571],[20.8174708,45.7516613],[20.818737,45.7574856],[20.8205036,45.7645791],[20.8215855,45.76831170000001],[20.8225334,45.7715629],[20.8231374,45.7748612],[20.8188704,45.7761355],[20.813571,45.7775503],[20.8076597,45.7791778],[20.8016676,45.7807428],[20.7968816,45.7821142],[20.7910631,45.7836261],[20.7828844,45.785944],[20.7816978,45.7813726],[20.780824,45.7771702],[20.779508,45.7731898],[20.7780938,45.7693844],[20.7769525,45.765350800000014],[20.7754673,45.7613641],[20.7747457,45.7574057],[20.7740278,45.7545197],[20.7675379,45.7548152],[20.7567108,45.7550692],[20.750913,45.7552117],[20.7448515,45.7554636],[20.7386206,45.7557074],[20.7324035,45.7557707],[20.730038,45.7544304],[20.7292381,45.7548768],[20.7251529,45.7537696],[20.7208043,45.7527715],[20.7192695,45.7517009],[20.7177861,45.7521811],[20.7179151,45.749386],[20.7165303,45.7496912],[20.7142138,45.7488294],[20.7120892,45.751013],[20.7091605,45.7503664],[20.7072966,45.7513684],[20.7061497,45.750789],[20.7032238,45.7512147],[20.7006403,45.7508476],[20.6999421,45.7507335],[20.696726,45.7604416],[20.6924347,45.7598032],[20.6907367,45.7663516],[20.6943587,45.7668457],[20.6902423,45.7782474],[20.6813476,45.7974515],[20.6623637,45.7940534],[20.6509872,45.7913457],[20.6520308,45.7859246],[20.6512397,45.784898],[20.6556451,45.76883680000001],[20.630915,45.7479144],[20.6272246,45.7043003],[20.6192618,45.7029269],[20.6112696,45.7035676],[20.5563592,45.707954],[20.5452234,45.691855],[20.5308347,45.6846143],[20.5221949,45.6853091],[20.5151506,45.6608999],[20.5160764,45.6586769],[20.5350014,45.613192]]]}},{"type":"Feature","properties":{"id":"33768554B85835523578034","name":"Novi Bečej","district":"RS-02"},"geometry":{"type":"Polygon","coordinates":[[[20.1711187,45.77873610000001],[20.1704363,45.7770887],[20.1634876,45.7731347],[20.153595,45.7695886],[20.1498759,45.7675252],[20.1460683,45.76216860000001],[20.1477505,45.7562711],[20.1616958,45.744079],[20.1653309,45.7398989],[20.1672017,45.7359224],[20.1672076,45.7334526],[20.163107,45.7280275],[20.1424837,45.7129051],[20.1383751,45.7115953],[20.1271235,45.7088332],[20.1195878,45.7077915],[20.1059768,45.708316300000014],[20.0956897,45.7101495],[20.0932453,45.709253],[20.0946354,45.703973],[20.1009336,45.6948602],[20.1006493,45.69225270000001],[20.0978297,45.6870332],[20.0893395,45.6804993],[20.0887607,45.67830270000001],[20.0902429,45.6744636],[20.0934773,45.6730292],[20.0961283,45.6704958],[20.1140715,45.6590715],[20.1146618,45.6580435],[20.072844,45.6534835],[20.0568776,45.65168459999999],[20.0350909,45.6464195],[20.0308193,45.6398228],[20.0301481,45.6370768],[20.0315298,45.6344044],[20.0350384,45.6313245],[20.0390898,45.6277678],[20.0433025,45.6258568],[20.0497622,45.6242253],[20.0535743,45.6243712],[20.0595298,45.626237],[20.0654762,45.6303666],[20.0699994,45.6354471],[20.0735547,45.6394401],[20.0775554,45.6415753],[20.0812718,45.6415143],[20.0862694,45.6388487],[20.0956892,45.6300169],[20.0904551,45.6177946],[20.085194,45.6132561],[20.0706515,45.6080803],[20.0667428,45.6079347],[20.0592253,45.6060657],[20.0566939,45.6038645],[20.0569021,45.6009148],[20.0654413,45.5919462],[20.0659393,45.5896832],[20.0690753,45.5873573],[20.0784656,45.5844958],[20.0811996,45.58484449999999],[20.0840253,45.5867712],[20.0986647,45.5909852],[20.1125323,45.5928633],[20.1261176,45.5915834],[20.1322853,45.5874773],[20.1321006,45.5839094],[20.1276181,45.5801972],[20.1221543,45.5781297],[20.1127836,45.5761236],[20.1047885,45.5719239],[20.087836,45.5607766],[20.0800377,45.5571931],[20.0703815,45.5545656],[20.0554489,45.5530917],[20.0514507,45.5519849],[20.0482963,45.5500113],[20.0478516,45.5489578],[20.060564,45.5441843],[20.0645803,45.5409],[20.0656786,45.5350021],[20.0648245,45.5291685],[20.0600064,45.51468149999999],[20.0536106,45.5045815],[20.0524895,45.4990795],[20.0527139,45.4955099],[20.053196,45.4878401],[20.0520667,45.4785068],[20.0539376,45.474326],[20.0581299,45.4744041],[20.0817754,45.4867363],[20.0869275,45.4911377],[20.0890473,45.4980715],[20.0889271,45.5041088],[20.0851737,45.5163134],[20.0869147,45.5203648],[20.0924753,45.5207875],[20.1076059,45.5192386],[20.1241278,45.5053493],[20.1333292,45.4989756],[20.1438784,45.4937097],[20.1467144,45.4909697],[20.1688316,45.5004694],[20.1812066,45.5067973],[20.1885355,45.5007002],[20.1836625,45.4985675],[20.1919602,45.4951471],[20.2024019,45.49214],[20.2173286,45.4891364],[20.2350785,45.4888775],[20.2539943,45.4940367],[20.2729143,45.4969975],[20.283155,45.5000894],[20.2856905,45.5026289],[20.2848121,45.5045495],[20.2877373,45.5112741],[20.2661627,45.5331496],[20.3209891,45.6023977],[20.3321904,45.6165214],[20.342861,45.629311],[20.3441445,45.6301118],[20.3446344,45.6314675],[20.346574,45.6340138],[20.355961,45.6342179],[20.3604598,45.63510870000001],[20.3661377,45.6405952],[20.3698606,45.6460821],[20.3700589,45.6482087],[20.3684965,45.6501986],[20.3609694,45.6538367],[20.3554931,45.6550729],[20.3492363,45.6588472],[20.3474779,45.6617287],[20.3477766,45.6676284],[20.3554201,45.679632],[20.3608977,45.6773667],[20.3535494,45.66803890000001],[20.3608826,45.6637838],[20.3644089,45.6674873],[20.3764378,45.6637787],[20.3784952,45.665973],[20.3835807,45.6646674],[20.3945653,45.6805769],[20.4116626,45.6745091],[20.413251,45.6740606],[20.4157109,45.6842676],[20.4223816,45.6913283],[20.4302158,45.6929681],[20.4311026,45.69536830000001],[20.4275894,45.70003590000001],[20.4243619,45.701342],[20.4234841,45.7028518],[20.4237854,45.70621280000001],[20.4170347,45.7084818],[20.4112642,45.7115729],[20.394628,45.7170713],[20.3937563,45.72269690000001],[20.3899521,45.7320282],[20.383559,45.7430513],[20.3816469,45.7460263],[20.3751857,45.7498021],[20.3707818,45.7539883],[20.3673743,45.759134],[20.3643268,45.7645547],[20.3642469,45.7800575],[20.342559,45.7835763],[20.3402307,45.7840422],[20.3338525,45.7754683],[20.3079745,45.7858264],[20.1711187,45.77873610000001]]]}},{"type":"Feature","properties":{"id":"33768554B10160460607146","name":"Sečanj","district":"RS-02"},"geometry":{"type":"Polygon","coordinates":[[[20.7188158,45.1831647],[20.7257973,45.1761094],[20.7323408,45.16901890000001],[20.7368426,45.1678466],[20.7416986,45.1764466],[20.7457636,45.18293580000001],[20.7563147,45.2007773],[20.7647137,45.2139599],[20.7654495,45.2139313],[20.7672371,45.2141626],[20.783335,45.2085272],[20.7836937,45.20911680000001],[20.784421,45.2089437],[20.7955962,45.22412830000001],[20.801849,45.22314],[20.8096888,45.2219009],[20.8101163,45.2218332],[20.8105914,45.2217694],[20.8108088,45.2219184],[20.8119903,45.2227284],[20.812967,45.2233979],[20.8144774,45.2244332],[20.8167086,45.22596270000001],[20.8624155,45.2572847],[20.8239748,45.2740648],[20.8690583,45.2838035],[20.8744357,45.2870236],[20.8957251,45.299766],[20.9002651,45.302482],[20.9468385,45.3161632],[21.007082,45.3234893],[21.0123032,45.3241181],[21.0171231,45.3242108],[21.0164747,45.3250221],[21.0151021,45.3277142],[21.0144368,45.3287631],[21.0137507,45.3313005],[21.0124579,45.334055],[21.0118053,45.336117],[21.0103354,45.3389844],[21.0094046,45.3413941],[21.0018085,45.3413071],[20.9991627,45.3416912],[20.9955265,45.3441254],[20.9918734,45.3467954],[20.9880008,45.3501721],[20.9857754,45.3529521],[20.9822768,45.3569973],[20.9776825,45.3598121],[20.9736487,45.3618724],[20.9697831,45.3639388],[20.9654498,45.3654523],[20.9610489,45.3667251],[20.9579872,45.3693562],[20.9550179,45.37187139999999],[20.9516899,45.3746717],[20.9504854,45.3785008],[20.9496895,45.3825231],[20.9489703,45.3854759],[20.9476724,45.3847149],[20.9470704,45.3836807],[20.9456327,45.3836891],[20.9441566,45.3842321],[20.9432323,45.385331],[20.9425107,45.3859605],[20.9365569,45.3864632],[20.9316405,45.3866454],[20.930869,45.3903111],[20.9304831,45.392144],[20.9362091,45.3924672],[20.9345014,45.3962188],[20.9325768,45.4006178],[20.9318833,45.4020227],[20.9312,45.4021175],[20.9299347,45.4020724],[20.9291412,45.4025207],[20.9286464,45.4035157],[20.9275697,45.4043709],[20.9259869,45.405208],[20.9244152,45.4070581],[20.9221486,45.4138277],[20.9209838,45.4170625],[20.9112517,45.4171297],[20.905684,45.4169276],[20.9010443,45.4167591],[20.897486,45.4180001],[20.8944423,45.4191406],[20.890094,45.4207698],[20.8846378,45.4224786],[20.8796961,45.4241452],[20.8756888,45.4257273],[20.871629,45.4280223],[20.8666013,45.4308182],[20.8649326,45.4316512],[20.8656772,45.4318568],[20.8666916,45.4318938],[20.8685262,45.4322582],[20.8696901,45.43253880000001],[20.8696465,45.43313290000001],[20.8686835,45.4335745],[20.8673027,45.4339414],[20.8667571,45.4344577],[20.866536,45.4351645],[20.8669857,45.4359552],[20.8678747,45.4365237],[20.8692075,45.4368103],[20.8712867,45.4373028],[20.8734722,45.4375013],[20.8752226,45.4378627],[20.8755793,45.4387693],[20.8757193,45.4403232],[20.8754896,45.4411488],[20.8748526,45.4429128],[20.873811,45.4444238],[20.8733907,45.4455404],[20.8737779,45.446031],[20.8745288,45.4461774],[20.875479,45.4459141],[20.8769574,45.4453721],[20.8783122,45.4453617],[20.8799741,45.4457795],[20.8812898,45.4463038],[20.8799237,45.4476243],[20.878837,45.4485975],[20.8786525,45.449961],[20.8781975,45.4515529],[20.8786126,45.4528189],[20.8792271,45.4536752],[20.8790818,45.4545039],[20.8774735,45.4545051],[20.8760385,45.454453],[20.8746251,45.4541038],[20.8733415,45.4542955],[20.8716505,45.4554255],[20.8709054,45.4563515],[20.8712796,45.4570204],[20.8712143,45.4579116],[20.8711446,45.4588622],[20.8699076,45.4607235],[20.8675033,45.4634956],[20.8661497,45.4646378],[20.8643548,45.4648705],[20.8618757,45.4651974],[20.86065,45.4657486],[20.8518294,45.4705513],[20.8492314,45.4718411],[20.8427756,45.4750476],[20.8371728,45.4775247],[20.8333698,45.4797076],[20.8224453,45.4797206],[20.8106006,45.4795805],[20.7929022,45.4795813],[20.787742,45.4795096],[20.7818972,45.4795317],[20.7766524,45.4794569],[20.7715497,45.4797448],[20.7716171,45.487849],[20.7549174,45.4792619],[20.744536,45.4899858],[20.7399888,45.4924919],[20.7302079,45.4888198],[20.7267627,45.4909288],[20.7164359,45.4868295],[20.6894909,45.47613230000001],[20.6753078,45.4603788],[20.7067285,45.4519841],[20.7009081,45.4421909],[20.6939719,45.4396046],[20.6811338,45.4287334],[20.6785838,45.4262021],[20.6691687,45.4312373],[20.6565686,45.4260573],[20.6646906,45.4168415],[20.6577437,45.4118518],[20.6587114,45.4108886],[20.6533294,45.4067864],[20.6798632,45.3852373],[20.6748421,45.3767435],[20.6754786,45.3700861],[20.6812731,45.3493478],[20.6811477,45.3452312],[20.6793909,45.3443443],[20.6760895,45.3451771],[20.6731692,45.3448424],[20.6725666,45.3419622],[20.674302,45.339693],[20.6852527,45.3339661],[20.6873787,45.3320386],[20.6886153,45.328055],[20.6863638,45.3258659],[20.6787747,45.32513330000001],[20.6709136,45.3273515],[20.6682808,45.3303929],[20.6648156,45.3316228],[20.6624747,45.3305314],[20.6590216,45.3227871],[20.6591778,45.316817],[20.6616612,45.3099484],[20.66077,45.3074119],[20.6587161,45.3054276],[20.6545267,45.3038608],[20.6483984,45.3030536],[20.6460462,45.3001039],[20.6459309,45.29695310000001],[20.6766268,45.2948787],[20.6884663,45.292511],[20.7119315,45.2855767],[20.7196442,45.2824061],[20.6909992,45.237537],[20.6936011,45.2347841],[20.7011692,45.2206241],[20.7015383,45.2179465],[20.6950543,45.2066433],[20.7072656,45.1953854],[20.7188158,45.1831647]]]}},{"type":"Feature","properties":{"id":"33768554B67532749475512","name":"Žitište","district":"RS-02"},"geometry":{"type":"Polygon","coordinates":[[[20.3943329,45.6020292],[20.4258059,45.5620131],[20.4685787,45.5228385],[20.49229,45.5010912],[20.4899694,45.4971725],[20.4899597,45.4971627],[20.4869016,45.4941003],[20.4745152,45.4941156],[20.4706228,45.4925342],[20.473688,45.4790917],[20.4833478,45.4811382],[20.4997305,45.4815283],[20.5016779,45.4807709],[20.5051747,45.4771299],[20.5079815,45.4715687],[20.506708,45.4699239],[20.4917739,45.4645931],[20.4861167,45.4635714],[20.4846498,45.46213250000001],[20.4869785,45.4589736],[20.49059,45.4604783],[20.4928291,45.459652],[20.4984899,45.4617712],[20.5056712,45.4531852],[20.5160191,45.45762939999999],[20.5287123,45.4433841],[20.5375475,45.4345685],[20.5534709,45.4202436],[20.5495283,45.409822],[20.5501018,45.4074196],[20.5607367,45.4118596],[20.5690701,45.4031986],[20.577455,45.4054461],[20.5754309,45.4096354],[20.5826959,45.4128487],[20.5857768,45.4142111],[20.5824892,45.4188835],[20.5951855,45.4254431],[20.6041879,45.415063],[20.6299643,45.4261172],[20.6188797,45.4373285],[20.627596,45.4375121],[20.6323552,45.4350304],[20.6535208,45.445165],[20.6811338,45.4287334],[20.6939719,45.4396046],[20.7009081,45.4421909],[20.7067285,45.4519841],[20.6753078,45.4603788],[20.6894909,45.47613230000001],[20.7164359,45.4868295],[20.7267627,45.4909288],[20.7302079,45.4888198],[20.7399888,45.4924919],[20.744536,45.4899858],[20.7549174,45.4792619],[20.7716171,45.487849],[20.7775331,45.4902719],[20.7742419,45.4940223],[20.7718131,45.4970302],[20.7693086,45.4999162],[20.7742389,45.5019453],[20.778756,45.5038399],[20.7835268,45.5057439],[20.7974098,45.5115594],[20.806625,45.5152363],[20.8125593,45.519745],[20.8158118,45.5227248],[20.8191138,45.526183],[20.8219173,45.5283717],[20.8245387,45.5307325],[20.8284643,45.5337968],[20.8330702,45.5356944],[20.8307181,45.5376928],[20.8247597,45.5448593],[20.8199646,45.5500434],[20.8231426,45.5517694],[20.8200555,45.5556465],[20.8174307,45.5590046],[20.8115036,45.5656956],[20.8139525,45.5681095],[20.8022147,45.5798874],[20.7957985,45.5873943],[20.7721722,45.5822902],[20.7711724,45.5876742],[20.7689902,45.5974823],[20.7665839,45.6091287],[20.765994,45.6124429],[20.7737964,45.61815270000001],[20.7792572,45.6222866],[20.7821689,45.628709],[20.7851523,45.6364446],[20.7887695,45.6447994],[20.8048268,45.6571892],[20.8016795,45.6651744],[20.7998203,45.6718372],[20.8017475,45.6789976],[20.8028853,45.6819588],[20.7958867,45.6868823],[20.7706144,45.6942422],[20.7603257,45.69513960000001],[20.7535673,45.69413220000001],[20.7520224,45.6936471],[20.7478692,45.6888867],[20.7466308,45.6859973],[20.7556062,45.6537139],[20.6935672,45.6412605],[20.6767973,45.637975],[20.6872227,45.6048813],[20.6701092,45.603147],[20.6526718,45.5964721],[20.6491781,45.5848196],[20.6442633,45.5867199],[20.5732228,45.6141502],[20.575215,45.6216234],[20.5492392,45.6276413],[20.5491995,45.6276011],[20.5350014,45.613192],[20.4499852,45.6199604],[20.3943329,45.6020292]]]}},{"type":"Feature","properties":{"id":"33768554B77168572394837","name":"Kula","district":"RS-05"},"geometry":{"type":"Polygon","coordinates":[[[19.3338328,45.6367215],[19.3140814,45.6196767],[19.3214517,45.5994016],[19.3366931,45.59973330000001],[19.3516138,45.6016168],[19.3677043,45.6041821],[19.3704132,45.5927147],[19.3723034,45.5860464],[19.3509654,45.5707795],[19.3382719,45.5531097],[19.3511368,45.5486857],[19.3538021,45.5469231],[19.3596049,45.5457815],[19.3714017,45.5453484],[19.3768095,45.5429896],[19.3793862,45.5406082],[19.3805098,45.5368455],[19.3806203,45.5367067],[19.3925307,45.5304869],[19.3960561,45.5297594],[19.4041178,45.5260474],[19.4158378,45.52551910000001],[19.4153637,45.5246235],[19.4182923,45.524577],[19.4266499,45.5269041],[19.4302178,45.529744],[19.4425638,45.5330602],[19.4563378,45.5389243],[19.4592771,45.5381907],[19.4617615,45.5365107],[19.4773756,45.5287134],[19.4889363,45.52393390000001],[19.492466,45.5244962],[19.4938147,45.5257406],[19.5214558,45.5384853],[19.5221227,45.5389631],[19.525157,45.5411368],[19.5263864,45.5420175],[19.5282267,45.5536272],[19.530209,45.5661301],[19.5302458,45.5663622],[19.5305244,45.568118900000016],[19.5359967,45.5704431],[19.5361365,45.5705025],[19.5400031,45.5721447],[19.5756615,45.5746527],[19.5742543,45.5831083],[19.5735647,45.5872516],[19.5719609,45.5968868],[19.5706871,45.6045382],[19.5718309,45.6063348],[19.5729407,45.6080778],[19.5792836,45.6180392],[19.5851621,45.6272697],[19.588838,45.6330409],[19.5976254,45.6468346],[19.6093438,45.653379],[19.6124371,45.6551065],[19.6261418,45.662759],[19.6168042,45.678444],[19.5969136,45.6888337],[19.5691217,45.70333820000001],[19.5713104,45.7082238],[19.5764191,45.7144999],[19.5829093,45.7200295],[19.5855912,45.7247806],[19.5790896,45.72776],[19.5727146,45.7284754],[19.5703438,45.7305719],[19.56786,45.73276820000001],[19.5566649,45.7358238],[19.5565557,45.7358536],[19.5549732,45.7370101],[19.5551347,45.7396187],[19.5538407,45.7411887],[19.5418096,45.7471503],[19.5340567,45.7481293],[19.5226084,45.7470933],[19.5218401,45.746623],[19.5144482,45.7420982],[19.5082166,45.7393802],[19.5038537,45.7352208],[19.502707,45.7341276],[19.495263,45.7311397],[19.490599,45.7315058],[19.4747193,45.740713],[19.4544603,45.7524571],[19.4517711,45.7540151],[19.428728,45.7843228],[19.4214665,45.7938701],[19.3422784,45.7569515],[19.3357864,45.7526439],[19.3237855,45.738271],[19.316844,45.7318312],[19.3208862,45.7302864],[19.324849,45.7276428],[19.3289873,45.7261671],[19.330195,45.7242555],[19.3331651,45.72235840000001],[19.3344763,45.7201045],[19.3344179,45.7177707],[19.328294,45.7208772],[19.3116102,45.7230034],[19.3063591,45.725311900000015],[19.2900327,45.7304384],[19.2835486,45.731747],[19.2828926,45.7244067],[19.279499,45.7170344],[19.2742363,45.7101948],[19.2680687,45.70631860000001],[19.2889545,45.7028415],[19.2933433,45.7037711],[19.2992281,45.7031349],[19.3132866,45.6996848],[19.3244725,45.698130800000015],[19.2897422,45.6749178],[19.3009574,45.6714449],[19.3044674,45.6665337],[19.3245368,45.66574090000001],[19.3261487,45.6630093],[19.3474601,45.6476154],[19.3338328,45.6367215]]]}},{"type":"Feature","properties":{"id":"33768554B3910526108635","name":"Odžaci","district":"RS-05"},"geometry":{"type":"Polygon","coordinates":[[[19.1482772,45.5715096],[19.1407998,45.5645056],[19.1378069,45.557957],[19.1324425,45.5528259],[19.1294413,45.551561],[19.109682,45.5485499],[19.1059362,45.5455613],[19.1059589,45.5444636],[19.1117661,45.542189],[19.1104379,45.5403228],[19.1063314,45.5406245],[19.0973663,45.5445136],[19.0933543,45.544953],[19.0890809,45.5438799],[19.0764654,45.5282955],[19.0959446,45.52030280000001],[19.099281,45.5175959],[19.1011424,45.5143228],[19.1023716,45.5089576],[19.1023014,45.5054625],[19.1004751,45.5023364],[19.0954529,45.4949021],[19.0867182,45.4893364],[19.0822977,45.4882918],[19.0704767,45.4871427],[19.0515532,45.4852624],[19.04455,45.484949],[19.0339818,45.4867752],[19.0312351,45.470671],[19.0327501,45.4682855],[19.0425161,45.4631063],[19.0527704,45.4623231],[19.0548763,45.4641294],[19.0533193,45.4685047],[19.0549514,45.4696884],[19.0684639,45.4716144],[19.0736485,45.470845],[19.075354,45.4640008],[19.0780921,45.4590201],[19.0802508,45.4583562],[19.1097755,45.4573568],[19.1137774,45.4541011],[19.1145006,45.4521185],[19.1121729,45.4515461],[19.1116011,45.4461882],[19.1034148,45.4414392],[19.1020158,45.4384058],[19.1032393,45.4358108],[19.1091401,45.4379292],[19.1152093,45.4413526],[19.1181298,45.4415193],[19.1227306,45.440536],[19.1257428,45.4409779],[19.1423229,45.4403874],[19.1470221,45.4393357],[19.1496461,45.4397044],[19.1521358,45.4419244],[19.1541948,45.4461988],[19.1594231,45.447965],[19.187405,45.442538],[19.1951506,45.4401408],[19.1979446,45.4367363],[19.1987114,45.42212830000001],[19.200033,45.4192589],[19.2031289,45.4203857],[19.2061625,45.4248054],[19.2139208,45.4267301],[19.2177654,45.424364],[19.2644961,45.4317845],[19.2713698,45.4339681],[19.2727222,45.4349446],[19.2733325,45.4444188],[19.2778378,45.4536376],[19.3005768,45.4302452],[19.3052842,45.4228749],[19.3113917,45.424642],[19.3257034,45.4310059],[19.3411141,45.4359362],[19.3578753,45.43593520000001],[19.3710781,45.4330219],[19.3740442,45.4364075],[19.383156,45.4394297],[19.384598,45.4406761],[19.3839384,45.4436916],[19.3767761,45.4482993],[19.3706577,45.4589547],[19.3699737,45.46505590000001],[19.3720758,45.4737182],[19.3700618,45.4836514],[19.3734784,45.4848261],[19.4162399,45.4995167],[19.4154658,45.5054118],[19.411875,45.5104621],[19.4153637,45.5246235],[19.4158378,45.52551910000001],[19.4041178,45.5260474],[19.3960561,45.5297594],[19.3925307,45.5304869],[19.3806203,45.5367067],[19.3805098,45.5368455],[19.3793862,45.5406082],[19.3768095,45.5429896],[19.3714017,45.5453484],[19.3596049,45.5457815],[19.3538021,45.5469231],[19.3511368,45.5486857],[19.3382719,45.5531097],[19.3509654,45.5707795],[19.3723034,45.5860464],[19.3704132,45.5927147],[19.3677043,45.6041821],[19.3516138,45.6016168],[19.3366931,45.59973330000001],[19.3214517,45.5994016],[19.3140814,45.6196767],[19.3338328,45.6367215],[19.3164414,45.6415869],[19.276628,45.6422771],[19.2617523,45.6536758],[19.2551335,45.6519018],[19.2328407,45.6514964],[19.2120025,45.6332226],[19.2231785,45.6295861],[19.2414743,45.591872],[19.233925,45.5839442],[19.1777713,45.56671590000001],[19.1670507,45.5679247],[19.1547678,45.56930830000001],[19.1482772,45.5715096]]]}},{"type":"Feature","properties":{"id":"33768554B38714138759615","name":"Bač","district":"RS-06"},"geometry":{"type":"Polygon","coordinates":[[[19.0339818,45.4867752],[19.0291032,45.4885704],[19.0167688,45.494363],[19.0109863,45.4961534],[19.0074102,45.4962231],[19.0033375,45.49535270000001],[19.0001587,45.494343],[18.9968806,45.4913836],[18.9934038,45.4846633],[18.9913674,45.4778028],[18.9914171,45.4657864],[18.9885364,45.4582269],[18.9871457,45.4551611],[18.9871457,45.4511891],[18.988437,45.4468336],[18.9906355,45.443343],[18.9914338,45.4419304],[18.9921479,45.4413645],[18.9995913,45.4367388],[19.0041921,45.434299],[19.0132532,45.4318344],[19.0180296,45.4297887],[19.0252786,45.4249018],[19.0282639,45.4218698],[19.0298092,45.4185912],[19.0308979,45.4138579],[19.0305467,45.4114171],[19.0293175,45.4088282],[19.0266132,45.406042],[19.0233821,45.4031077],[19.0195891,45.4020227],[19.01548,45.4008637],[19.0114762,45.4007404],[19.0010454,45.4004938],[18.9931432,45.4000499],[18.98928,45.3992362],[18.9805953,45.3965733],[18.97615,45.3942888],[18.9734928,45.3924577],[18.9703784,45.3892049],[18.9694652,45.3868124],[18.9695081,45.3825625],[18.9700296,45.3798065],[18.9715694,45.3772073],[18.9753441,45.3734916],[18.9795907,45.3701943],[18.9863704,45.366321],[19.0024877,45.3588006],[19.0059645,45.3561481],[19.0116904,45.3501894],[19.0156239,45.347499],[19.0236505,45.3444759],[19.0287078,45.3433158],[19.0342569,45.3432664],[19.0460223,45.3434392],[19.059997,45.3430978],[19.0779143,45.3412359],[19.0854301,45.3387673],[19.0927703,45.33513820000001],[19.0961419,45.3317311],[19.099373,45.3266201],[19.1000403,45.3229903],[19.0990569,45.3157052],[19.0990569,45.3104198],[19.1025338,45.3019721],[19.1081531,45.2970313],[19.115388,45.29255950000001],[19.1253974,45.2884086],[19.1445078,45.2802376],[19.1682491,45.2736669],[19.1833929,45.2682985],[19.1882376,45.2671011],[19.1882441,45.2679954],[19.1898407,45.2701204],[19.1920341,45.2730398],[19.1921671,45.2733276],[19.1939386,45.2771603],[19.1960667,45.2817641],[19.1973535,45.2845477],[19.1990572,45.29204220000001],[19.198812,45.29979280000001],[19.2007222,45.3015945],[19.2023712,45.3019606],[19.2123267,45.3049276],[19.2181242,45.3120481],[19.2293222,45.3185917],[19.2336759,45.3229626],[19.2428336,45.3221537],[19.2523387,45.3236114],[19.2594043,45.3255269],[19.2611017,45.3284923],[19.262424,45.34147139999999],[19.264282,45.3463593],[19.2663476,45.3484391],[19.2702711,45.3542338],[19.274204,45.357424499999986],[19.2742512,45.360238],[19.2802333,45.3686609],[19.2846496,45.3721299],[19.2980948,45.3781999],[19.3166918,45.3825582],[19.3226806,45.3853529],[19.3239089,45.3875588],[19.3186882,45.3967778],[19.3215743,45.3988603],[19.322405,45.4015432],[19.3215699,45.4048296],[19.3303484,45.4098429],[19.3607278,45.416472],[19.3682279,45.416532],[19.3689893,45.4176359],[19.3715334,45.4289773],[19.3710781,45.4330219],[19.3578753,45.43593520000001],[19.3411141,45.4359362],[19.3257034,45.4310059],[19.3113917,45.424642],[19.3052842,45.4228749],[19.3005768,45.4302452],[19.2778378,45.4536376],[19.2733325,45.4444188],[19.2727222,45.4349446],[19.2713698,45.4339681],[19.2644961,45.4317845],[19.2177654,45.424364],[19.2139208,45.4267301],[19.2061625,45.4248054],[19.2031289,45.4203857],[19.200033,45.4192589],[19.1987114,45.42212830000001],[19.1979446,45.4367363],[19.1951506,45.4401408],[19.187405,45.442538],[19.1594231,45.447965],[19.1541948,45.4461988],[19.1521358,45.4419244],[19.1496461,45.4397044],[19.1470221,45.4393357],[19.1423229,45.4403874],[19.1257428,45.4409779],[19.1227306,45.440536],[19.1181298,45.4415193],[19.1152093,45.4413526],[19.1091401,45.4379292],[19.1032393,45.4358108],[19.1020158,45.4384058],[19.1034148,45.4414392],[19.1116011,45.4461882],[19.1121729,45.4515461],[19.1145006,45.4521185],[19.1137774,45.4541011],[19.1097755,45.4573568],[19.0802508,45.4583562],[19.0780921,45.4590201],[19.075354,45.4640008],[19.0736485,45.470845],[19.0684639,45.4716144],[19.0549514,45.4696884],[19.0533193,45.4685047],[19.0548763,45.4641294],[19.0527704,45.4623231],[19.0425161,45.4631063],[19.0327501,45.4682855],[19.0312351,45.470671],[19.0339818,45.4867752]]]}},{"type":"Feature","properties":{"id":"33768554B69909028114435","name":"Bečej","district":"RS-06"},"geometry":{"type":"Polygon","coordinates":[[[19.7666135,45.7307595],[19.7639757,45.7300613],[19.778593,45.7036508],[19.7745984,45.69381290000001],[19.8556452,45.6813245],[19.8579162,45.6663072],[19.8609084,45.6589773],[19.8622705,45.6569055],[19.8653628,45.6522019],[19.8700446,45.6411046],[19.8803237,45.6254831],[19.899104,45.6115026],[19.8717648,45.5949357],[19.8755977,45.5919999],[19.8624923,45.5810408],[19.8601689,45.5780192],[19.8596878,45.5773935],[19.8675089,45.5765317],[19.8715361,45.5735968],[19.871453,45.5716754],[19.868566,45.56603830000001],[19.8702481,45.5631631],[19.871046,45.5609706],[19.8705974,45.5557545],[19.8684797,45.551767],[19.8688081,45.5471027],[19.8734231,45.5436211],[19.8773043,45.5430028],[19.8801646,45.5428917],[19.8803365,45.5428723],[19.8819073,45.5451435],[19.8862246,45.5453899],[19.8924044,45.5450353],[19.8980778,45.5434543],[19.9007698,45.5417559],[19.9050044,45.5390839],[19.9079827,45.5353986],[19.9126519,45.5343825],[19.9180163,45.5332703],[19.9211276,45.5340495],[19.9223336,45.535579],[19.9224108,45.5379056],[19.9215354,45.5414465],[19.9251746,45.5430395],[19.9293717,45.5444762],[19.9347705,45.5437609],[19.9385384,45.5429193],[19.9401005,45.5334506],[19.9408017,45.5324754],[19.9437104,45.5284294],[19.9464812,45.522332],[19.9495315,45.5182937],[19.9555138,45.5133726],[19.9623066,45.5092234],[19.964347,45.5088411],[19.9649082,45.508736],[19.97597,45.5022512],[19.9901309,45.4993418],[20.0139055,45.5046209],[20.0258331,45.5083225],[20.0397493,45.5026448],[20.0436386,45.5026773],[20.0495238,45.5051996],[20.050186,45.5098913],[20.0523653,45.51251280000001],[20.057147,45.5146349],[20.0600064,45.51468149999999],[20.0648245,45.5291685],[20.0656786,45.5350021],[20.0645803,45.5409],[20.060564,45.5441843],[20.0478516,45.5489578],[20.0482963,45.5500113],[20.0514507,45.5519849],[20.0554489,45.5530917],[20.0703815,45.5545656],[20.0800377,45.5571931],[20.087836,45.5607766],[20.1047885,45.5719239],[20.1127836,45.5761236],[20.1221543,45.5781297],[20.1276181,45.5801972],[20.1321006,45.5839094],[20.1322853,45.5874773],[20.1261176,45.5915834],[20.1125323,45.5928633],[20.0986647,45.5909852],[20.0840253,45.5867712],[20.0811996,45.58484449999999],[20.0784656,45.5844958],[20.0690753,45.5873573],[20.0659393,45.5896832],[20.0654413,45.5919462],[20.0569021,45.6009148],[20.0566939,45.6038645],[20.0592253,45.6060657],[20.0667428,45.6079347],[20.0706515,45.6080803],[20.085194,45.6132561],[20.0904551,45.6177946],[20.0956892,45.6300169],[20.0862694,45.6388487],[20.0812718,45.6415143],[20.0775554,45.6415753],[20.0735547,45.6394401],[20.0699994,45.6354471],[20.0654762,45.6303666],[20.0595298,45.626237],[20.0535743,45.6243712],[20.0497622,45.6242253],[20.0433025,45.6258568],[20.0390898,45.6277678],[20.0350384,45.6313245],[20.0315298,45.6344044],[20.0301481,45.6370768],[20.0308193,45.6398228],[20.0350909,45.6464195],[20.0568776,45.65168459999999],[20.072844,45.6534835],[20.1146618,45.6580435],[20.1140715,45.6590715],[20.0961283,45.6704958],[20.0934773,45.6730292],[20.0902429,45.6744636],[20.0887607,45.67830270000001],[20.0893395,45.6804993],[20.0978297,45.6870332],[20.1006493,45.69225270000001],[20.1009336,45.6948602],[20.0946354,45.703973],[20.0932453,45.709253],[20.0956897,45.7101495],[20.1059768,45.708316300000014],[20.1195878,45.7077915],[20.1271235,45.7088332],[20.1383751,45.7115953],[20.1174554,45.7311137],[20.0942152,45.73827530000001],[20.0914739,45.7378584],[20.0883364,45.7386071],[20.0818556,45.7425049],[20.0691043,45.746252],[20.0451832,45.7496297],[20.0210773,45.7501893],[20.004521,45.7497351],[19.9739092,45.7577945],[19.9531939,45.7632423],[19.9443768,45.76273480000001],[19.9369227,45.7636718],[19.889889,45.7626207],[19.8768507,45.76319080000001],[19.867046,45.7637719],[19.8594149,45.7620962],[19.854145,45.7593314],[19.8516181,45.7567142],[19.8450869,45.7525032],[19.8386235,45.750077],[19.8364469,45.7492599],[19.8319076,45.7477964],[19.8256494,45.74577870000001],[19.8206646,45.7441715],[19.816892,45.742955],[19.8164855,45.7428239],[19.815054,45.7423624],[19.8095264,45.7405801],[19.8020483,45.73816870000001],[19.7976666,45.7372526],[19.7913723,45.7359365],[19.7817762,45.7339301],[19.7763422,45.73279380000001],[19.7703865,45.7315485],[19.7666135,45.7307595]]]}},{"type":"Feature","properties":{"id":"33768554B44050731344699","name":"Bačka Palanka","district":"RS-06"},"geometry":{"type":"Polygon","coordinates":[[[19.5084195,45.169004],[19.5043301,45.1771399],[19.5001122,45.1804724],[19.4987226,45.1827268],[19.4992646,45.1856118],[19.4943111,45.192918200000015],[19.4905326,45.1924802],[19.4884737,45.19397520000001],[19.4890052,45.19711870000001],[19.4893133,45.1998873],[19.4866876,45.2036358],[19.4843154,45.2134983],[19.4843163,45.2202901],[19.4856888,45.22619980000001],[19.4881841,45.2282755],[19.4962415,45.22840020000001],[19.4985515,45.2298569],[19.509323,45.2444753],[19.5092014,45.2462582],[19.5123212,45.2478175],[19.5193439,45.2503747],[19.5274832,45.25187],[19.5382662,45.2518043],[19.5457757,45.2495208],[19.5513461,45.27539210000001],[19.5524622,45.2805744],[19.5537912,45.2838256],[19.5579032,45.2938837],[19.5599991,45.2990096],[19.5603175,45.3020388],[19.5610384,45.3088957],[19.5604574,45.32378],[19.5591331,45.3286321],[19.552883,45.3284733],[19.5504743,45.3290579],[19.5468577,45.3299356],[19.5383063,45.3293308],[19.5163638,45.3303335],[19.5132506,45.3335543],[19.5087676,45.3401303],[19.5086305,45.3403313],[19.5014972,45.3507932],[19.4990493,45.3543829],[19.4947266,45.3573033],[19.4788425,45.35480049999999],[19.4757903,45.361287],[19.4836188,45.3674893],[19.4880009,45.3709609],[19.4881421,45.3710727],[19.4890718,45.3718092],[19.4896074,45.3720709],[19.4898508,45.3721898],[19.4944856,45.3744541],[19.5038818,45.3820216],[19.5042115,45.3822872],[19.5070106,45.3845413],[19.5125328,45.388988],[19.5159882,45.3894212],[19.5160436,45.3894951],[19.5230651,45.3988684],[19.5240721,45.4011855],[19.5241702,45.4014113],[19.5248595,45.4029971],[19.526463,45.4048022],[19.5266192,45.404978],[19.5297496,45.4085016],[19.5303148,45.4091378],[19.5333036,45.4125019],[19.5369493,45.4165937],[19.5454635,45.4188912],[19.545914,45.4190128],[19.5481294,45.4196106],[19.5486859,45.4197607],[19.551801,45.4206013],[19.5545277,45.4206876],[19.5564563,45.4222094],[19.5832566,45.4447457],[19.5820795,45.4531091],[19.5792975,45.4572771],[19.5781194,45.4656405],[19.5739524,45.4713093],[19.5696105,45.4743487],[19.561945,45.4799472],[19.5510256,45.47974],[19.5405527,45.4826223],[19.535963,45.4830725],[19.504863,45.4753164],[19.492282,45.4660173],[19.4905754,45.4651317],[19.4849832,45.4744241],[19.4776097,45.4921433],[19.4231124,45.4903054],[19.4162399,45.4995167],[19.3734784,45.4848261],[19.3700618,45.4836514],[19.3720758,45.4737182],[19.3699737,45.46505590000001],[19.3706577,45.4589547],[19.3767761,45.4482993],[19.3839384,45.4436916],[19.384598,45.4406761],[19.383156,45.4394297],[19.3740442,45.4364075],[19.3710781,45.4330219],[19.3715334,45.4289773],[19.3689893,45.4176359],[19.3682279,45.416532],[19.3607278,45.416472],[19.3303484,45.4098429],[19.3215699,45.4048296],[19.322405,45.4015432],[19.3215743,45.3988603],[19.3186882,45.3967778],[19.3239089,45.3875588],[19.3226806,45.3853529],[19.3166918,45.3825582],[19.2980948,45.3781999],[19.2846496,45.3721299],[19.2802333,45.3686609],[19.2742512,45.360238],[19.274204,45.357424499999986],[19.2702711,45.3542338],[19.2663476,45.3484391],[19.264282,45.3463593],[19.262424,45.34147139999999],[19.2611017,45.3284923],[19.2594043,45.3255269],[19.2523387,45.3236114],[19.2428336,45.3221537],[19.2336759,45.3229626],[19.2293222,45.3185917],[19.2181242,45.3120481],[19.2123267,45.3049276],[19.2023712,45.3019606],[19.2007222,45.3015945],[19.198812,45.29979280000001],[19.1990572,45.29204220000001],[19.1973535,45.2845477],[19.1960667,45.2817641],[19.1939386,45.2771603],[19.1921671,45.2733276],[19.1920341,45.2730398],[19.1898407,45.2701204],[19.1882441,45.2679954],[19.1882376,45.2671011],[19.193894,45.26570310000001],[19.2007776,45.2624649],[19.2131401,45.257669],[19.2410339,45.2477529],[19.2598835,45.2429466],[19.2625629,45.2422634],[19.2848645,45.2373174],[19.2954006,45.23613030000001],[19.3145765,45.2347206],[19.3356138,45.2325441],[19.3709192,45.2316551],[19.3995425,45.2321497],[19.420634,45.2334919],[19.4211827,45.2319761],[19.42182,45.2287034],[19.422589,45.22533880000002],[19.4232043,45.2241018],[19.4237474,45.2232278],[19.4243009,45.22234610000001],[19.4246971,45.2216874],[19.4247657,45.2215295],[19.4248627,45.2213622],[19.4250986,45.2210692],[19.4255626,45.2203444],[19.4257115,45.2200846],[19.4260311,45.2195413],[19.4263279,45.2190989],[19.4267212,45.2186827],[19.4269356,45.21841590000001],[19.427208,45.2179044],[19.4274409,45.2175047],[19.4279527,45.2170707],[19.4281053,45.2169168],[19.4283432,45.2165561],[19.4286316,45.2162131],[19.42874,45.2160539],[19.4290182,45.2158507],[19.4295761,45.2152796],[19.4304859,45.2144023],[19.4312143,45.2137578],[19.431401,45.2135278],[19.4317295,45.213171],[19.4319671,45.2128817],[19.4321728,45.2126],[19.4324014,45.2123507],[19.4325895,45.2120944],[19.4328009,45.2119467],[19.4330897,45.2116139],[19.4331977,45.2114877],[19.433347,45.2112219],[19.4338949,45.2105949],[19.434467,45.2099066],[19.4348266,45.2094726],[19.4352208,45.2090382],[19.4356249,45.2086462],[19.4357839,45.208474],[19.4364514,45.2076842],[19.4368946,45.2071792],[19.4375253,45.2064656],[19.4378326,45.2061135],[19.4379804,45.2059008],[19.4381118,45.2057485],[19.4388517,45.205029],[19.4392407,45.2046413],[19.4395771,45.2042912],[19.4400497,45.2037271],[19.4403805,45.203315900000014],[19.4406109,45.2030423],[19.4410099,45.2026631],[19.4413928,45.2022461],[19.4419096,45.2016792],[19.4422473,45.20132],[19.4425374,45.200989],[19.4428531,45.2006803],[19.4433596,45.2001629],[19.4441031,45.19937010000001],[19.4444271,45.1990228],[19.4454781,45.1979453],[19.4462088,45.1971978],[19.4466866,45.1967038],[19.4468622,45.1966694],[19.4470134,45.1965287],[19.4470842,45.1963211],[19.4442325,45.1949385],[19.4422013,45.1941154],[19.4420677,45.193768],[19.4419192,45.1935488],[19.4416223,45.1933236],[19.441053,45.193438],[19.4409693,45.1933935],[19.4389438,45.1934262],[19.4387519,45.1932429],[19.4384439,45.1933886],[19.437933,45.1934289],[19.4373957,45.1937046],[19.436906,45.1934107],[19.4366957,45.19333180000001],[19.4365756,45.19333490000001],[19.4362007,45.19317020000001],[19.4360012,45.1930671],[19.4353436,45.1930689],[19.4350455,45.19254880000001],[19.4349494,45.1922099],[19.4348667,45.1915622],[19.43482,45.1912938],[19.4348497,45.19014],[19.4347085,45.19010510000001],[19.4340776,45.1896056],[19.4334555,45.189051],[19.4324692,45.1885779],[19.4317761,45.1884549],[19.4314653,45.1883696],[19.4310132,45.18817830000001],[19.4300951,45.1879028],[19.4299884,45.18801530000001],[19.4290091,45.1878319],[19.4291029,45.187442],[19.4280809,45.1872096],[19.4281508,45.1867335],[19.4283428,45.1860757],[19.4286306,45.185343],[19.4290862,45.184244],[19.4294482,45.1834771],[19.4312759,45.1800442],[19.4311706,45.1800101],[19.43147,45.1796596],[19.4318543,45.17935830000001],[19.4319005,45.17917530000001],[19.4320036,45.1788784],[19.4319945,45.1786194],[19.4320972,45.1783208],[19.432241,45.17809530000001],[19.4324419,45.1778991],[19.4328782,45.1776426],[19.4329941,45.1775903],[19.4334086,45.1771108],[19.4337802,45.1765334],[19.4338104,45.1761938],[19.4338945,45.1759804],[19.4340916,45.1757778],[19.4344036,45.175515300000015],[19.4346859,45.17503520000001],[19.4359223,45.1729435],[19.4358861,45.172718300000014],[19.4355602,45.1724511],[19.4345635,45.1721991],[19.4331099,45.1717545],[19.4322556,45.1714248],[19.4309008,45.1707301],[19.4299751,45.170178],[19.4285474,45.1690826],[19.4282328,45.1688891],[19.4275164,45.1686796],[19.4259439,45.1679018],[19.4250242,45.167555],[19.424337,45.16737280000001],[19.4234771,45.1606416],[19.4251687,45.1595462],[19.4276856,45.158135],[19.4282902,45.1566303],[19.4315881,45.1565864],[19.4334822,45.1531703],[19.4372761,45.15237530000001],[19.4422298,45.1501295],[19.4465741,45.1493564],[19.4507356,45.1474665],[19.456305,45.1508686],[19.4619038,45.1589829],[19.4644252,45.1592968],[19.4656266,45.1604439],[19.4657532,45.1613645],[19.4703334,45.1630263],[19.4757799,45.165552300000016],[19.4835241,45.1666361],[19.4884318,45.1694147],[19.4931118,45.1696289],[19.5043298,45.1701423],[19.5084195,45.169004]]]}},{"type":"Feature","properties":{"id":"33768554B72526506910259","name":"Bački Petrovac","district":"RS-06"},"geometry":{"type":"Polygon","coordinates":[[[19.6330819,45.4010646],[19.6271304,45.4037468],[19.6166399,45.4066082],[19.6122578,45.4078034],[19.6014183,45.4101593],[19.5910653,45.4124093],[19.5883476,45.411638],[19.5826951,45.41187739999999],[19.5651455,45.4207554],[19.5631403,45.4210909],[19.562692,45.421166],[19.5617705,45.4213202],[19.5564563,45.4222094],[19.5545277,45.4206876],[19.551801,45.4206013],[19.5486859,45.4197607],[19.5481294,45.4196106],[19.545914,45.4190128],[19.5454635,45.4188912],[19.5369493,45.4165937],[19.5333036,45.4125019],[19.5303148,45.4091378],[19.5297496,45.4085016],[19.5266192,45.404978],[19.526463,45.4048022],[19.5248595,45.4029971],[19.5241702,45.4014113],[19.5240721,45.4011855],[19.5230651,45.3988684],[19.5160436,45.3894951],[19.5159882,45.3894212],[19.5125328,45.388988],[19.5070106,45.3845413],[19.5042115,45.3822872],[19.5038818,45.3820216],[19.4944856,45.3744541],[19.4898508,45.3721898],[19.4896074,45.3720709],[19.4890718,45.3718092],[19.4881421,45.3710727],[19.4880009,45.3709609],[19.4836188,45.3674893],[19.4757903,45.361287],[19.4788425,45.35480049999999],[19.4947266,45.3573033],[19.4990493,45.3543829],[19.5014972,45.3507932],[19.5086305,45.3403313],[19.5087676,45.3401303],[19.5132506,45.3335543],[19.5163638,45.3303335],[19.5383063,45.3293308],[19.5468577,45.3299356],[19.5504743,45.3290579],[19.552883,45.3284733],[19.5591331,45.3286321],[19.5604574,45.32378],[19.5610384,45.3088957],[19.5603175,45.3020388],[19.5599991,45.2990096],[19.5579032,45.2938837],[19.5537912,45.2838256],[19.5524622,45.2805744],[19.5513461,45.27539210000001],[19.5457757,45.2495208],[19.5555647,45.2436842],[19.5589739,45.2451481],[19.5684347,45.2492103],[19.5918903,45.2592803],[19.6017102,45.2666124],[19.6008449,45.2732917],[19.6008158,45.273515900000014],[19.6003158,45.2773752],[19.6003592,45.281062],[19.6003632,45.2813995],[19.6003869,45.2834052],[19.6004768,45.2910282],[19.600499,45.29291240000001],[19.6013642,45.29501360000001],[19.6150481,45.2968795],[19.6225021,45.295711200000014],[19.6305115,45.2962843],[19.6288157,45.29997920000001],[19.6250587,45.30487739999999],[19.6236815,45.3066727],[19.621083,45.3126263],[19.6209525,45.3154384],[19.6216717,45.316288],[19.6222951,45.3170243],[19.6292713,45.319192],[19.6330669,45.3189396],[19.6559947,45.3122781],[19.6680284,45.3097517],[19.6703041,45.310848],[19.6743164,45.31738759999999],[19.6758946,45.324257],[19.6733892,45.3287343],[19.6721814,45.3308926],[19.6722694,45.3355576],[19.6730156,45.3373442],[19.6739661,45.3396197],[19.6741651,45.3400961],[19.6741021,45.3458588],[19.6717322,45.351949],[19.6716091,45.3522653],[19.6692284,45.3583826],[19.6691169,45.3586692],[19.6675324,45.3627402],[19.6674169,45.363037],[19.6670056,45.3640935],[19.6653892,45.3682462],[19.6628366,45.3702217],[19.654486,45.3809989],[19.6543314,45.3811984],[19.6481844,45.3891304],[19.6480234,45.3893381],[19.6444389,45.393963],[19.6443617,45.3940626],[19.6442754,45.394127],[19.639156,45.3979436],[19.6330819,45.4010646]]]}},{"type":"Feature","properties":{"id":"33768554B7076914953551","name":"Beočin","district":"RS-06"},"geometry":{"type":"Polygon","coordinates":[[[19.7142552,45.1489655],[19.7146165,45.1515743],[19.7179808,45.1544727],[19.7272122,45.1525297],[19.731949,45.153994],[19.7392834,45.1575976],[19.7465777,45.1553691],[19.750837,45.1561443],[19.7525349,45.1570254],[19.7567331,45.159204],[19.7613663,45.1604479],[19.7703036,45.1587746],[19.774788,45.1561883],[19.7797332,45.1562109],[19.7863152,45.1575443],[19.785726,45.1583649],[19.7806397,45.16321280000001],[19.7819609,45.1672665],[19.7814419,45.1710374],[19.7888284,45.1802639],[19.7943129,45.1853652],[19.7954434,45.1892121],[19.7944599,45.1907171],[19.7844289,45.194857],[19.7822565,45.2098033],[19.7791171,45.2176792],[19.7784798,45.2195281],[19.7732388,45.22599990000001],[19.7658056,45.2253694],[19.7562901,45.2254616],[19.742644,45.2278811],[19.7165264,45.2308913],[19.7080865,45.2301619],[19.7004329,45.2285442],[19.6947624,45.2264765],[19.6830218,45.2224146],[19.6658391,45.222321],[19.6580166,45.22133],[19.6271636,45.2183966],[19.6159942,45.2175763],[19.6099956,45.215894],[19.6004494,45.2106225],[19.5931928,45.208726],[19.5858104,45.2091608],[19.5740198,45.2129967],[19.5704916,45.2154453],[19.5664532,45.22001630000001],[19.5584342,45.2395863],[19.5555647,45.2436842],[19.5457757,45.2495208],[19.5382662,45.2518043],[19.5274832,45.25187],[19.5193439,45.2503747],[19.5123212,45.2478175],[19.5092014,45.2462582],[19.509323,45.2444753],[19.4985515,45.2298569],[19.4962415,45.22840020000001],[19.4881841,45.2282755],[19.4856888,45.22619980000001],[19.4843163,45.2202901],[19.4843154,45.2134983],[19.4866876,45.2036358],[19.4893133,45.1998873],[19.4890052,45.19711870000001],[19.4884737,45.19397520000001],[19.4905326,45.1924802],[19.4943111,45.192918200000015],[19.4992646,45.1856118],[19.4987226,45.1827268],[19.5001122,45.1804724],[19.5043301,45.1771399],[19.5084195,45.169004],[19.5119111,45.1690278],[19.5130534,45.1706135],[19.5160435,45.1718686],[19.5205126,45.1713499],[19.5207391,45.16895030000001],[19.5264727,45.1671751],[19.5285461,45.16543520000001],[19.530053,45.1615349],[19.539227,45.1645454],[19.5437759,45.1617248],[19.5522571,45.1598006],[19.55967,45.1587096],[19.5640776,45.1553076],[19.58564,45.1525615],[19.5933354,45.1497275],[19.5988884,45.1502765],[19.6008905,45.1503909],[19.6075521,45.144737],[19.6095256,45.14186749999999],[19.6146718,45.1412121],[19.6191205,45.14213030000001],[19.6300161,45.1469607],[19.6322405,45.1477639],[19.6403653,45.148481],[19.6495765,45.1495096],[19.6577431,45.1490714],[19.6683162,45.14891090000001],[19.6805973,45.1501609],[19.7074092,45.1502122],[19.7142552,45.1489655]]]}},{"type":"Feature","properties":{"id":"33768554B32598240068320","name":"Srbobran","district":"RS-06"},"geometry":{"type":"Polygon","coordinates":[[[19.7048005,45.6110679],[19.7051125,45.6092855],[19.7110706,45.6002591],[19.7182656,45.584789],[19.7185252,45.5844309],[19.7211393,45.5808239],[19.7229982,45.5709529],[19.7202696,45.5478624],[19.7210194,45.5383224],[19.7218223,45.5234671],[19.7233244,45.519701],[19.7428332,45.5006548],[19.7448516,45.5006316],[19.750933,45.5003509],[19.7556271,45.4991384],[19.7577881,45.4975705],[19.7642459,45.4954741],[19.7770324,45.4945728],[19.7806475,45.4939032],[19.7993383,45.4866028],[19.803746,45.48488109999999],[19.8243317,45.4722763],[19.8279049,45.4721253],[19.8425674,45.4719399],[19.85338,45.4732181],[19.8755465,45.4783443],[19.8868577,45.4809599],[19.9150015,45.46841530000001],[19.9169126,45.4675634],[19.9195332,45.4663951],[19.9220491,45.4692166],[19.917452,45.4713965],[19.9649082,45.508736],[19.964347,45.5088411],[19.9623066,45.5092234],[19.9555138,45.5133726],[19.9495315,45.5182937],[19.9464812,45.522332],[19.9437104,45.5284294],[19.9408017,45.5324754],[19.9401005,45.5334506],[19.9385384,45.5429193],[19.9347705,45.5437609],[19.9293717,45.5444762],[19.9251746,45.5430395],[19.9215354,45.5414465],[19.9224108,45.5379056],[19.9223336,45.535579],[19.9211276,45.5340495],[19.9180163,45.5332703],[19.9126519,45.5343825],[19.9079827,45.5353986],[19.9050044,45.5390839],[19.9007698,45.5417559],[19.8980778,45.5434543],[19.8924044,45.5450353],[19.8862246,45.5453899],[19.8819073,45.5451435],[19.8803365,45.5428723],[19.8801646,45.5428917],[19.8773043,45.5430028],[19.8734231,45.5436211],[19.8688081,45.5471027],[19.8684797,45.551767],[19.8705974,45.5557545],[19.871046,45.5609706],[19.8702481,45.5631631],[19.868566,45.56603830000001],[19.871453,45.5716754],[19.8715361,45.5735968],[19.8675089,45.5765317],[19.8596878,45.5773935],[19.8601689,45.5780192],[19.8624923,45.5810408],[19.8755977,45.5919999],[19.8717648,45.5949357],[19.899104,45.6115026],[19.8803237,45.6254831],[19.8700446,45.6411046],[19.8653628,45.6522019],[19.8622705,45.6569055],[19.8609084,45.6589773],[19.8579162,45.6663072],[19.8556452,45.6813245],[19.7745984,45.69381290000001],[19.7577366,45.6660145],[19.7499793,45.6589106],[19.7513438,45.6392934],[19.7410325,45.62394290000001],[19.7358821,45.6208302],[19.717283,45.6138076],[19.7048005,45.6110679]]]}},{"type":"Feature","properties":{"id":"33768554B12428724398946","name":"Sremski Karlovci","district":"RS-06"},"geometry":{"type":"Polygon","coordinates":[[[19.8887405,45.1539826],[19.8912644,45.1535801],[19.9015782,45.148403],[19.9044143,45.1448454],[19.906057,45.1456059],[19.9081646,45.149318],[19.9110112,45.1510482],[19.9161023,45.1511978],[19.9203618,45.15217280000001],[19.9231758,45.1518392],[19.9272635,45.1494516],[19.930855,45.1487774],[19.9436473,45.1496421],[19.9478078,45.1510275],[19.9608081,45.153284],[19.9611075,45.1533641],[19.9731783,45.1565934],[19.9876815,45.164182],[19.9980372,45.1681215],[20.0021562,45.17801230000001],[20.0073898,45.1788497],[20.0102724,45.1842773],[20.0092731,45.1900378],[20.0141875,45.1967744],[20.0101412,45.2001391],[20.0078122,45.2004137],[20.0020864,45.1989044],[19.9983018,45.1986985],[19.9807367,45.2061068],[19.9699627,45.2093979],[19.9638481,45.2092589],[19.9563766,45.2056199],[19.9505534,45.205892],[19.9449228,45.2078792],[19.9348179,45.2196066],[19.928625,45.225159800000014],[19.920922,45.22033970000001],[19.9133692,45.2156132],[19.900594,45.20281],[19.9008688,45.20133220000001],[19.9053326,45.2016103],[19.9070819,45.1998965],[19.9021508,45.187817],[19.904392,45.1811636],[19.9050813,45.1741659],[19.90421,45.1729988],[19.8975196,45.1714153],[19.8916271,45.1569332],[19.8887405,45.1539826]]]}},{"type":"Feature","properties":{"id":"33768554B78547290846704","name":"Temerin","district":"RS-06"},"geometry":{"type":"Polygon","coordinates":[[[19.9288025,45.3609059],[19.9435312,45.3709024],[19.9459249,45.3754849],[19.9523219,45.3817019],[19.9530861,45.3841056],[19.9472282,45.3868314],[19.9445825,45.3895673],[19.9399897,45.3922282],[19.940557,45.3949058],[19.9448016,45.4012315],[19.9470051,45.4070703],[19.9559673,45.4227414],[19.9574932,45.4281662],[19.9635865,45.4356634],[19.9687234,45.4403443],[19.9750973,45.4503802],[19.9751604,45.4520564],[19.9724437,45.4542144],[19.9446828,45.4668899],[19.9292744,45.4675943],[19.9195332,45.4663951],[19.9169126,45.4675634],[19.9150015,45.46841530000001],[19.8868577,45.4809599],[19.8755465,45.4783443],[19.85338,45.4732181],[19.8425674,45.4719399],[19.8279049,45.4721253],[19.8243317,45.4722763],[19.803746,45.48488109999999],[19.7993383,45.4866028],[19.7806475,45.4939032],[19.7770324,45.4945728],[19.7656399,45.4821014],[19.7621559,45.4689804],[19.7622162,45.4523084],[19.7610694,45.4499017],[19.7528804,45.4410569],[19.7509333,45.4397676],[19.7461617,45.438899],[19.7457386,45.4387899],[19.74516,45.4382446],[19.7436568,45.4367246],[19.7426285,45.4356887],[19.740412,45.4334048],[19.738971,45.4321408],[19.737532,45.4312266],[19.7356158,45.4297295],[19.7288516,45.4261432],[19.7248092,45.4212517],[19.7289432,45.4170186],[19.7319737,45.4159359],[19.7328388,45.416495],[19.7329627,45.4165751],[19.736391,45.4187907],[19.7380715,45.4198768],[19.7489642,45.4217137],[19.7940789,45.4205508],[19.7952352,45.4219968],[19.7983391,45.42352],[19.8142332,45.4218053],[19.815737,45.4196409],[19.8221456,45.4076368],[19.82494,45.3995527],[19.826813,45.3968162],[19.8326891,45.3927241],[19.8398682,45.383903],[19.8503565,45.3748203],[19.8557128,45.3717941],[19.8606158,45.3697838],[19.8607279,45.3678632],[19.8533606,45.3517113],[19.8539034,45.351266],[19.8550252,45.3503456],[19.8704481,45.343682],[19.8724898,45.343827],[19.8859314,45.3366563],[19.8874319,45.3358558],[19.9040893,45.3463444],[19.9190262,45.3531201],[19.9288025,45.3609059]]]}},{"type":"Feature","properties":{"id":"33768554B7380018804564","name":"Titel","district":"RS-06"},"geometry":{"type":"Polygon","coordinates":[[[20.2480727,45.3471227],[20.2384765,45.3427766],[20.2344991,45.3385259],[20.2340152,45.3365747],[20.2529981,45.3305602],[20.251888,45.3288623],[20.2438834,45.3166173],[20.2185688,45.3147468],[20.196116,45.3142781],[20.160771,45.3163546],[20.1596686,45.3171178],[20.1601866,45.3194969],[20.1679032,45.3282285],[20.185988,45.3441588],[20.1866621,45.3461016],[20.1852284,45.348789],[20.1778564,45.3531872],[20.1773394,45.354244399999985],[20.1751763,45.3550337],[20.1668351,45.3539666],[20.1601096,45.3504639],[20.1551871,45.3459255],[20.1571091,45.34146469999999],[20.1569564,45.3381161],[20.1603376,45.330811],[20.1593307,45.3285473],[20.1519371,45.3219417],[20.1508371,45.3185376],[20.1489321,45.3175987],[20.1430009,45.3176582],[20.1441748,45.3150529],[20.1429156,45.313267],[20.1282484,45.308715],[20.1197068,45.3044465],[20.1215358,45.3102129],[20.1154075,45.3112313],[20.1111314,45.3107433],[20.1094918,45.3068296],[20.0783942,45.3039555],[20.077052,45.29915],[20.0749169,45.298322200000015],[20.0673326,45.2989234],[20.0608141,45.3003497],[20.0510932,45.3004647],[20.0526573,45.29841010000001],[20.0592164,45.2643264],[20.0603907,45.2622707],[20.0614039,45.252256],[20.0826697,45.2533307],[20.0832571,45.2520968],[20.0817474,45.2404987],[20.0795375,45.234388],[20.0923506,45.2352371],[20.0903661,45.2317674],[20.0909214,45.22775580000001],[20.0985927,45.2272218],[20.1037351,45.22805490000001],[20.0976609,45.2161738],[20.0974079,45.2054016],[20.1015184,45.19532370000001],[20.1050213,45.19238],[20.1055137,45.190254],[20.1033932,45.1862021],[20.1171564,45.1900005],[20.1270972,45.19010320000001],[20.1351081,45.1886582],[20.1437505,45.1855842],[20.1483279,45.17873],[20.1520158,45.177912],[20.1574471,45.178057],[20.168785,45.1826008],[20.1764784,45.182899],[20.1833934,45.1822963],[20.2036167,45.1774955],[20.2110868,45.1764051],[20.2168118,45.1744893],[20.2291138,45.1673674],[20.2389383,45.1614021],[20.2421411,45.1583854],[20.2484467,45.1544786],[20.2635787,45.1419307],[20.2666813,45.1405599],[20.274965,45.1345023],[20.2795158,45.1467862],[20.2788337,45.156941],[20.2760193,45.1638015],[20.2760173,45.16887890000001],[20.2793128,45.173546],[20.2842581,45.1765669],[20.3007459,45.1785613],[20.3035587,45.1797283],[20.307342,45.1835714],[20.3099621,45.1895413],[20.310978,45.197422],[20.3123645,45.2080026],[20.3122976,45.22007520000001],[20.311962,45.2219104],[20.3112311,45.2259072],[20.3080197,45.2299862],[20.3057959,45.23167],[20.3008735,45.2377096],[20.2934862,45.2467724],[20.293271,45.2470364],[20.2869645,45.256735],[20.2743255,45.2689854],[20.2684683,45.2720137],[20.2626359,45.2750291],[20.2430637,45.2891724],[20.2413903,45.2968812],[20.2341756,45.3025051],[20.2344696,45.3047678],[20.2372105,45.3071622],[20.2420147,45.3093282],[20.2640343,45.3105921],[20.2735058,45.31274],[20.2748553,45.3151766],[20.2747634,45.3166384],[20.2723335,45.3178069],[20.2639347,45.3190881],[20.2599247,45.3196998],[20.2569161,45.3201587],[20.2555251,45.3213214],[20.2555493,45.3244352],[20.2599956,45.327581],[20.2675193,45.3289073],[20.2719818,45.332195],[20.2715706,45.3340744],[20.2664885,45.3373922],[20.2624099,45.3423629],[20.2587996,45.3445394],[20.2480727,45.3471227]]]}},{"type":"Feature","properties":{"id":"33768554B35751177110345","name":"Vrbas","district":"RS-06"},"geometry":{"type":"Polygon","coordinates":[[[19.7248092,45.4212517],[19.7288516,45.4261432],[19.7356158,45.4297295],[19.737532,45.4312266],[19.738971,45.4321408],[19.740412,45.4334048],[19.7426285,45.4356887],[19.7436568,45.4367246],[19.74516,45.4382446],[19.7457386,45.4387899],[19.7461617,45.438899],[19.7509333,45.4397676],[19.7528804,45.4410569],[19.7610694,45.4499017],[19.7622162,45.4523084],[19.7621559,45.4689804],[19.7656399,45.4821014],[19.7770324,45.4945728],[19.7642459,45.4954741],[19.7577881,45.4975705],[19.7556271,45.4991384],[19.750933,45.5003509],[19.7448516,45.5006316],[19.7428332,45.5006548],[19.7233244,45.519701],[19.7218223,45.5234671],[19.7210194,45.5383224],[19.7202696,45.5478624],[19.7229982,45.5709529],[19.7211393,45.5808239],[19.7185252,45.5844309],[19.7182656,45.584789],[19.7110706,45.6002591],[19.7051125,45.6092855],[19.7048005,45.6110679],[19.5976254,45.6468346],[19.588838,45.6330409],[19.5851621,45.6272697],[19.5792836,45.6180392],[19.5729407,45.6080778],[19.5718309,45.6063348],[19.5706871,45.6045382],[19.5719609,45.5968868],[19.5735647,45.5872516],[19.5742543,45.5831083],[19.5756615,45.5746527],[19.5400031,45.5721447],[19.5361365,45.5705025],[19.5359967,45.5704431],[19.5305244,45.568118900000016],[19.5302458,45.5663622],[19.530209,45.5661301],[19.5282267,45.5536272],[19.5263864,45.5420175],[19.525157,45.5411368],[19.5221227,45.5389631],[19.5214558,45.5384853],[19.4938147,45.5257406],[19.492466,45.5244962],[19.4889363,45.52393390000001],[19.4773756,45.5287134],[19.4617615,45.5365107],[19.4592771,45.5381907],[19.4563378,45.5389243],[19.4425638,45.5330602],[19.4302178,45.529744],[19.4266499,45.5269041],[19.4182923,45.524577],[19.4153637,45.5246235],[19.411875,45.5104621],[19.4154658,45.5054118],[19.4162399,45.4995167],[19.4231124,45.4903054],[19.4776097,45.4921433],[19.4849832,45.4744241],[19.4905754,45.4651317],[19.492282,45.4660173],[19.504863,45.4753164],[19.535963,45.4830725],[19.5405527,45.4826223],[19.5510256,45.47974],[19.561945,45.4799472],[19.5696105,45.4743487],[19.5739524,45.4713093],[19.5781194,45.4656405],[19.5792975,45.4572771],[19.5820795,45.4531091],[19.5832566,45.4447457],[19.5564563,45.4222094],[19.5617705,45.4213202],[19.562692,45.421166],[19.5631403,45.4210909],[19.5651455,45.4207554],[19.5826951,45.41187739999999],[19.5883476,45.411638],[19.5910653,45.4124093],[19.6014183,45.4101593],[19.6122578,45.4078034],[19.6166399,45.4066082],[19.6271304,45.4037468],[19.6330819,45.4010646],[19.6348834,45.4052603],[19.6432653,45.4131986],[19.6565447,45.4189681],[19.6636374,45.4194944],[19.6683175,45.4202684],[19.6881164,45.4271679],[19.700855,45.4294993],[19.7050466,45.42931530000001],[19.7098461,45.4268702],[19.7186925,45.419231],[19.7248092,45.4212517]]]}},{"type":"Feature","properties":{"id":"33768554B2427629133533","name":"Žabalj","district":"RS-06"},"geometry":{"type":"Polygon","coordinates":[[[20.1467144,45.4909697],[20.1438784,45.4937097],[20.1333292,45.4989756],[20.1241278,45.5053493],[20.1076059,45.5192386],[20.0924753,45.5207875],[20.0869147,45.5203648],[20.0851737,45.5163134],[20.0889271,45.5041088],[20.0890473,45.4980715],[20.0869275,45.4911377],[20.0817754,45.4867363],[20.0581299,45.4744041],[20.0539376,45.474326],[20.0520667,45.4785068],[20.053196,45.4878401],[20.0527139,45.4955099],[20.0524895,45.4990795],[20.0536106,45.5045815],[20.0600064,45.51468149999999],[20.057147,45.5146349],[20.0523653,45.51251280000001],[20.050186,45.5098913],[20.0495238,45.5051996],[20.0436386,45.5026773],[20.0397493,45.5026448],[20.0258331,45.5083225],[20.0139055,45.5046209],[19.9901309,45.4993418],[19.97597,45.5022512],[19.9649082,45.508736],[19.917452,45.4713965],[19.9220491,45.4692166],[19.9195332,45.4663951],[19.9292744,45.4675943],[19.9446828,45.4668899],[19.9724437,45.4542144],[19.9751604,45.4520564],[19.9750973,45.4503802],[19.9687234,45.4403443],[19.9635865,45.4356634],[19.9574932,45.4281662],[19.9559673,45.4227414],[19.9470051,45.4070703],[19.9448016,45.4012315],[19.940557,45.3949058],[19.9399897,45.3922282],[19.9445825,45.3895673],[19.9472282,45.3868314],[19.9530861,45.3841056],[19.9523219,45.3817019],[19.9459249,45.3754849],[19.9435312,45.3709024],[19.9288025,45.3609059],[19.9481002,45.3560289],[19.9531754,45.3535065],[19.9619467,45.3510637],[19.9765724,45.3454818],[19.9809558,45.3444654],[19.983559,45.3424419],[19.9738859,45.3270952],[19.9736639,45.326743],[20.0040067,45.3079619],[20.0050555,45.3033596],[20.0405898,45.3016062],[20.0510932,45.3004647],[20.0608141,45.3003497],[20.0673326,45.2989234],[20.0749169,45.298322200000015],[20.077052,45.29915],[20.0783942,45.3039555],[20.1094918,45.3068296],[20.1111314,45.3107433],[20.1154075,45.3112313],[20.1215358,45.3102129],[20.1197068,45.3044465],[20.1282484,45.308715],[20.1429156,45.313267],[20.1441748,45.3150529],[20.1430009,45.3176582],[20.1489321,45.3175987],[20.1508371,45.3185376],[20.1519371,45.3219417],[20.1593307,45.3285473],[20.1603376,45.330811],[20.1569564,45.3381161],[20.1571091,45.34146469999999],[20.1551871,45.3459255],[20.1601096,45.3504639],[20.1668351,45.3539666],[20.1751763,45.3550337],[20.1773394,45.354244399999985],[20.1778564,45.3531872],[20.1852284,45.348789],[20.1866621,45.3461016],[20.185988,45.3441588],[20.1679032,45.3282285],[20.1601866,45.3194969],[20.1596686,45.3171178],[20.160771,45.3163546],[20.196116,45.3142781],[20.2185688,45.3147468],[20.2438834,45.3166173],[20.251888,45.3288623],[20.2529981,45.3305602],[20.2340152,45.3365747],[20.2344991,45.3385259],[20.2384765,45.3427766],[20.2480727,45.3471227],[20.2336888,45.3559609],[20.2131231,45.3605318],[20.208247,45.3632006],[20.2022971,45.3697594],[20.2033638,45.3794522],[20.2021014,45.3837385],[20.2040375,45.3901213],[20.2140501,45.4000798],[20.2215314,45.4119562],[20.2238614,45.4175156],[20.2251189,45.4240345],[20.224821,45.4283566],[20.2225731,45.433706],[20.2134173,45.4319821],[20.2094269,45.4294397],[20.2069987,45.424909],[20.2051489,45.4242896],[20.199011,45.4246946],[20.1893715,45.42235090000001],[20.1847903,45.4237862],[20.166282,45.423625],[20.1638619,45.4245065],[20.1587365,45.4415898],[20.1608736,45.4442685],[20.1587108,45.451881],[20.165723,45.4540177],[20.1652245,45.4586824],[20.179556,45.4573978],[20.1830482,45.4581461],[20.1707527,45.4709021],[20.1607942,45.4765829],[20.1545398,45.4820625],[20.1467144,45.4909697]]]}}]}